season,week,game_id,player_id,player_name,position,team,opponent,market,projection,model_projection,recent_baseline,model_weight,historical_residual_sd,games_current_season,availability_flag,availability_ok,report_status,practice_status,primary_injury,team_spread,game_total,team_implied_points,recent_volume,usage_share,opp_matchup_eff,opp_matchup_yards
2026,5,2026_05_IND_PIT,00-0023459,Aaron Rodgers,QB,PIT,IND,pass_attempts,34.79042833862862,34.79042833862862,38.53333333333333,1.0,10.232,4,NOT_LISTED,True,,,,2.5,44.5,23.5,39.833333333333336,0.9917682926829269,0.1407783793769441,7.5267548099021315
2026,5,2026_05_BUF_LA,00-0026498,Matthew Stafford,QB,LA,BUF,pass_attempts,36.51048947309938,36.51048947309938,43.4,1.0,10.232,4,NOT_LISTED,True,,,,2.5,54.5,28.5,40.0,0.9821428571428571,-0.05548814477474302,5.635218445130121
2026,5,2026_05_CHI_GB,00-0028986,Case Keenum,QB,CHI,GB,pass_attempts,25.334565832757583,25.334565832757583,25.266666666666666,1.0,10.232,1,NOT_LISTED,True,,,,3.0,45.5,24.25,19.666666666666668,0.5893046107331822,0.18713215734884686,6.853471408765526
2026,5,2026_05_LV_NE,00-0029604,Kirk Cousins,QB,LV,NE,pass_attempts,35.68238890848751,35.68238890848751,35.86666666666667,1.0,10.232,4,NOT_LISTED,True,,,,-3.5,45.5,21.0,32.666666666666664,1.0,0.004219220760639311,6.117619428407968
2026,5,2026_05_CLE_NYJ,00-0030565,Geno Smith,QB,NYJ,CLE,pass_attempts,31.96259108063159,31.96259108063159,29.799999999999997,1.0,10.232,4,NOT_LISTED,True,,,,2.5,39.5,21.0,28.0,0.9888888888888889,-0.03963762558831056,6.4160206737003325
2026,5,2026_05_NYG_WAS,00-0031503,Jameis Winston,QB,NYG,WAS,pass_attempts,17.26925718306201,17.26925718306201,25.200000000000003,1.0,10.232,3,NOT_LISTED,True,,,,-3.5,43.5,20.0,24.0,0.8072916666666666,0.07475384034366883,6.652420774334399
2026,5,2026_05_NYG_WAS,00-0032268,Marcus Mariota,QB,WAS,NYG,pass_attempts,21.264005474772134,21.264005474772134,16.066666666666666,1.0,10.232,3,NOT_LISTED,True,,,,3.5,43.5,23.5,14.666666666666666,0.5567688806819242,-0.0602493268192795,6.557376277275174
2026,5,2026_05_MIN_NO,00-0032950,Carson Wentz,QB,MIN,NO,pass_attempts,28.348818296044215,28.348818296044215,25.733333333333334,1.0,10.232,2,NOT_LISTED,True,,,,1.5,42.5,22.0,31.333333333333332,0.939010496671787,0.05799804953246461,6.3957924614525155
2026,5,2026_05_TB_DAL,00-0033077,Dak Prescott,QB,DAL,TB,pass_attempts,36.01584221725448,36.01584221725448,36.4,1.0,10.232,4,NOT_LISTED,True,,,,8.5,47.5,28.0,33.0,0.9097222222222222,0.1228007875639109,6.872865604575163
2026,5,2026_05_DET_ARI,00-0033106,Jared Goff,QB,DET,ARI,pass_attempts,36.53316017631927,36.53316017631927,39.86666666666667,1.0,10.232,4,NOT_LISTED,True,,,,4.5,54.5,29.5,38.666666666666664,1.0,0.37095700328721865,7.892248430205748
2026,5,2026_05_DET_ARI,00-0033119,Jacoby Brissett,QB,ARI,DET,pass_attempts,36.28446799192082,36.28446799192082,37.666666666666664,1.0,10.232,4,NOT_LISTED,True,,,,-4.5,54.5,25.0,36.666666666666664,0.9947916666666666,0.10266819289671897,6.649415599289252
2026,5,2026_05_CLE_NYJ,00-0033537,Deshaun Watson,QB,CLE,NYJ,pass_attempts,30.856320900360537,30.856320900360537,28.93333333333333,1.0,10.232,4,NOT_LISTED,True,,,,-2.5,39.5,18.5,25.833333333333332,0.8824441687344913,0.3799893147280837,7.608999241572034
2026,5,2026_05_BAL_ATL,00-0033662,Cooper Rush,QB,ATL,BAL,pass_attempts,22.877050131545985,22.877050131545985,17.666666666666664,1.0,10.232,2,NOT_LISTED,True,,,,3.5,43.5,23.5,15.166666666666666,0.5806688205585265,0.10817347811480696,6.968386705619937
2026,5,2026_05_BAL_ATL,00-0034796,Lamar Jackson,QB,BAL,ATL,pass_attempts,27.212802774840316,27.212802774840316,22.46666666666667,1.0,10.232,4,NOT_LISTED,True,,,,-3.5,43.5,20.0,20.666666666666668,0.8649425287356323,0.006540530234941402,6.330753093163383
2026,5,2026_05_TB_DAL,00-0034855,Baker Mayfield,QB,TB,DAL,pass_attempts,29.273683139485648,29.273683139485648,31.733333333333334,1.0,10.232,3,NOT_LISTED,True,,,,-8.5,47.5,19.5,31.333333333333332,0.9864864864864865,0.4705700307419768,8.505812817154585
2026,5,2026_05_BUF_LA,00-0034857,Josh Allen,QB,BUF,LA,pass_attempts,30.645173092838995,30.645173092838995,29.53333333333333,1.0,10.232,4,NOT_LISTED,True,,,,-2.5,54.5,26.0,28.833333333333332,1.0,-0.019494050470675803,5.847637476043049
2026,5,2026_05_SF_SEA,00-0034869,Sam Darnold,QB,SEA,SF,pass_attempts,26.86214229296474,26.86214229296474,24.2,1.0,10.232,3,NOT_LISTED,True,,,,2.5,46.5,24.5,26.0,0.8435990338164251,0.11454549228960391,6.4571042068773465
2026,5,2026_05_MIN_NO,00-0035228,Kyler Murray,QB,MIN,NO,pass_attempts,26.56271215578218,26.56271215578218,26.06666666666667,1.0,10.232,3,NOT_LISTED,True,,,,1.5,42.5,22.0,29.666666666666668,0.8628472222222223,0.05799804953246461,6.3957924614525155
2026,5,2026_05_SF_SEA,00-0035704,Drew Lock,QB,SEA,SF,pass_attempts,20.87764791693234,20.87764791693234,14.933333333333334,1.0,10.232,2,NOT_LISTED,True,,,,2.5,46.5,24.5,13.333333333333334,0.5099206349206349,0.11454549228960391,6.4571042068773465
2026,5,2026_05_IND_PIT,00-0035710,Daniel Jones,QB,IND,PIT,pass_attempts,31.192088939836857,31.192088939836857,31.266666666666666,1.0,10.232,4,NOT_LISTED,True,,,,-2.5,44.5,21.0,27.666666666666668,0.8657407407407408,0.057264015361963495,7.74546796679198
2026,5,2026_05_BAL_ATL,00-0035993,Tyler Huntley,QB,BAL,ATL,pass_attempts,19.48177341520118,19.48177341520118,12.866666666666667,1.0,10.232,1,NOT_LISTED,True,,,,-3.5,43.5,20.0,12.666666666666666,0.5419202163624071,0.006540530234941402,6.330753093163383
2026,5,2026_05_CHI_GB,00-0036264,Jordan Love,QB,GB,CHI,pass_attempts,34.05586542406007,34.05586542406007,36.2,1.0,10.232,4,NOT_LISTED,True,,,,-3.0,45.5,21.25,34.5,0.923611111111111,-0.01895787938530588,6.953186625820897
2026,5,2026_05_DEN_LAC,00-0036355,Justin Herbert,QB,LAC,DEN,pass_attempts,31.927116057572974,31.927116057572974,30.4,1.0,10.232,4,NOT_LISTED,True,,,,-3.5,42.5,19.5,30.0,0.9947916666666666,-0.09455846420832109,5.655602398576912
2026,5,2026_05_PHI_JAX,00-0036389,Jalen Hurts,QB,PHI,JAX,pass_attempts,29.350123478606896,29.350123478606896,29.200000000000003,1.0,10.232,4,NOT_LISTED,True,,,,-7.0,42.5,17.75,28.5,0.9935897435897436,-0.1702104653983672,6.506935146166645
2026,5,2026_05_CIN_MIA,00-0036442,Joe Burrow,QB,CIN,MIA,pass_attempts,35.03697822314997,35.03697822314997,39.53333333333333,1.0,10.232,4,NOT_LISTED,True,,,,7.0,42.5,24.75,37.833333333333336,0.9768518518518517,0.37047209523101876,8.518959598393305
2026,5,2026_05_PHI_JAX,00-0036971,Trevor Lawrence,QB,JAX,PHI,pass_attempts,29.44049985305544,29.44049985305544,27.6,1.0,10.232,4,NOT_LISTED,True,,,,7.0,42.5,24.75,28.5,0.9895833333333334,-0.07329098310499965,5.82452472983406
2026,5,2026_05_SF_SEA,00-0037834,Brock Purdy,QB,SF,SEA,pass_attempts,31.15381862672056,31.15381862672056,27.333333333333332,1.0,10.232,4,NOT_LISTED,True,,,,-2.5,46.5,22.0,28.833333333333332,1.0,-0.16750320090578563,4.853633370597656
2026,5,2026_05_CIN_MIA,00-0038128,Malik Willis,QB,MIA,CIN,pass_attempts,25.63843462242677,25.63843462242677,24.2,1.0,10.232,4,NOT_LISTED,True,,,,-7.0,42.5,17.75,22.5,0.8830555555555556,0.0056948935588698735,7.041066992515163
2026,5,2026_05_LV_NE,00-0038476,Tommy DeVito,QB,NE,LV,pass_attempts,10.074021981300795,10.074021981300795,16.53333333333333,1.0,10.232,1,NOT_LISTED,True,,,,3.5,45.5,24.5,16.833333333333332,0.4891586742415041,0.030376162500259474,6.575533731619258
2026,5,2026_05_HOU_TEN,00-0039163,C.J. Stroud,QB,HOU,TEN,pass_attempts,34.02959951021852,34.02959951021852,36.06666666666666,1.0,10.232,4,NOT_LISTED,True,,,,7.5,38.5,23.0,33.666666666666664,0.9501488095238096,0.24441872834061978,7.830497322051736
2026,5,2026_05_DEN_LAC,00-0039732,Bo Nix,QB,DEN,LAC,pass_attempts,32.00112679679535,32.00112679679535,34.46666666666667,1.0,10.232,4,NOT_LISTED,True,,,,3.5,42.5,23.0,32.666666666666664,1.0,0.014659545510640023,7.0233970311899006
2026,5,2026_05_LV_NE,00-0039851,Drake Maye,QB,NE,LV,pass_attempts,28.045114409214662,28.045114409214662,27.200000000000003,1.0,10.232,4,NOT_LISTED,True,,,,3.5,45.5,24.5,26.0,0.910772238514174,0.030376162500259474,6.575533731619258
2026,5,2026_05_NYG_WAS,00-0039910,Jayden Daniels,QB,WAS,NYG,pass_attempts,22.460274174565505,22.460274174565505,23.6,1.0,10.232,2,NOT_LISTED,True,,,,3.5,43.5,23.5,23.5,0.8344246031746033,-0.0602493268192795,6.557376277275174
2026,5,2026_05_BAL_ATL,00-0039917,Michael Penix Jr.,QB,ATL,BAL,pass_attempts,29.657739748184532,29.657739748184532,23.133333333333333,1.0,10.232,2,NOT_LISTED,True,,,,3.5,43.5,23.5,27.333333333333332,0.9222222222222222,0.10817347811480696,6.968386705619937
2026,5,2026_05_CHI_GB,00-0039918,Caleb Williams,QB,CHI,GB,pass_attempts,29.98393660141637,29.98393660141637,30.4,1.0,10.232,2,NOT_LISTED,True,,,,3.0,45.5,24.25,32.0,0.9571428571428572,0.18713215734884686,6.853471408765526
2026,5,2026_05_CLE_NYJ,00-0040668,Shedeur Sanders,QB,CLE,NYJ,pass_attempts,20.071084437722185,20.071084437722185,19.333333333333332,1.0,10.232,1,NOT_LISTED,True,,,,-2.5,39.5,18.5,25.333333333333332,0.8331541218637993,0.3799893147280837,7.608999241572034
2026,5,2026_05_HOU_TEN,00-0040676,Cam Ward,QB,TEN,HOU,pass_attempts,31.07167630764922,31.07167630764922,28.2,1.0,10.232,4,NOT_LISTED,True,,,,-7.5,38.5,15.5,27.0,0.8484848484848485,0.052055391330253976,7.170065462152156
2026,5,2026_05_NYG_WAS,00-0040691,Jaxson Dart,QB,NYG,WAS,pass_attempts,28.09262848280035,28.09262848280035,22.866666666666667,1.0,10.232,2,NOT_LISTED,True,,,,-3.5,43.5,20.0,24.166666666666668,0.8498199904449905,0.07475384034366883,6.652420774334399
2026,5,2026_05_MIN_NO,00-0040743,Tyler Shough,QB,NO,MIN,pass_attempts,37.032198853999766,37.032198853999766,40.93333333333334,1.0,10.232,4,NOT_LISTED,True,,,,-1.5,42.5,20.5,40.333333333333336,1.0,-0.3888597580555023,5.012554235853738
2026,5,2026_05_TB_DAL,00-0041251,Jalon Daniels,QB,TB,DAL,pass_attempts,21.9142974988873,21.9142974988873,15.0,1.0,10.232,2,NOT_LISTED,True,,,,-8.5,47.5,19.5,15.0,0.5405405405405406,0.4705700307419768,8.505812817154585
2026,5,2026_05_IND_PIT,00-0023459,Aaron Rodgers,QB,PIT,IND,completions,22.040227783828975,22.040227783828975,22.133333333333333,1.0,6.956,4,NOT_LISTED,True,,,,2.5,44.5,23.5,39.833333333333336,0.9917682926829269,0.1407783793769441,7.5267548099021315
2026,5,2026_05_BUF_LA,00-0026498,Matthew Stafford,QB,LA,BUF,completions,23.879787690821058,23.879787690821058,26.533333333333335,1.0,6.956,4,NOT_LISTED,True,,,,2.5,54.5,28.5,40.0,0.9821428571428571,-0.05548814477474302,5.635218445130121
2026,5,2026_05_CHI_GB,00-0028986,Case Keenum,QB,CHI,GB,completions,17.777762160476723,17.777762160476723,16.733333333333334,1.0,6.956,1,NOT_LISTED,True,,,,3.0,45.5,24.25,19.666666666666668,0.5893046107331822,0.18713215734884686,6.853471408765526
2026,5,2026_05_LV_NE,00-0029604,Kirk Cousins,QB,LV,NE,completions,22.638149332851,22.638149332851,22.666666666666664,1.0,6.956,4,NOT_LISTED,True,,,,-3.5,45.5,21.0,32.666666666666664,1.0,0.004219220760639311,6.117619428407968
2026,5,2026_05_CLE_NYJ,00-0030565,Geno Smith,QB,NYJ,CLE,completions,20.871741688468667,20.871741688468667,21.266666666666666,1.0,6.956,4,NOT_LISTED,True,,,,2.5,39.5,21.0,28.0,0.9888888888888889,-0.03963762558831056,6.4160206737003325
2026,5,2026_05_NYG_WAS,00-0031503,Jameis Winston,QB,NYG,WAS,completions,6.326083205215323,6.326083205215323,13.933333333333334,1.0,6.956,3,NOT_LISTED,True,,,,-3.5,43.5,20.0,24.0,0.8072916666666666,0.07475384034366883,6.652420774334399
2026,5,2026_05_NYG_WAS,00-0032268,Marcus Mariota,QB,WAS,NYG,completions,14.62300102132622,14.62300102132622,10.066666666666666,1.0,6.956,3,NOT_LISTED,True,,,,3.5,43.5,23.5,14.666666666666666,0.5567688806819242,-0.0602493268192795,6.557376277275174
2026,5,2026_05_MIN_NO,00-0032950,Carson Wentz,QB,MIN,NO,completions,18.285840887709366,18.285840887709366,15.533333333333333,1.0,6.956,2,NOT_LISTED,True,,,,1.5,42.5,22.0,31.333333333333332,0.939010496671787,0.05799804953246461,6.3957924614525155
2026,5,2026_05_TB_DAL,00-0033077,Dak Prescott,QB,DAL,TB,completions,24.925080237217138,24.925080237217138,25.333333333333336,1.0,6.956,4,NOT_LISTED,True,,,,8.5,47.5,28.0,33.0,0.9097222222222222,0.1228007875639109,6.872865604575163
2026,5,2026_05_DET_ARI,00-0033106,Jared Goff,QB,DET,ARI,completions,24.741079860035377,24.741079860035377,26.866666666666667,1.0,6.956,4,NOT_LISTED,True,,,,4.5,54.5,29.5,38.666666666666664,1.0,0.37095700328721865,7.892248430205748
2026,5,2026_05_DET_ARI,00-0033119,Jacoby Brissett,QB,ARI,DET,completions,23.474678342317375,23.474678342317375,24.933333333333334,1.0,6.956,4,NOT_LISTED,True,,,,-4.5,54.5,25.0,36.666666666666664,0.9947916666666666,0.10266819289671897,6.649415599289252
2026,5,2026_05_CLE_NYJ,00-0033537,Deshaun Watson,QB,CLE,NYJ,completions,19.809117155894008,19.809117155894008,20.2,1.0,6.956,4,NOT_LISTED,True,,,,-2.5,39.5,18.5,25.833333333333332,0.8824441687344913,0.3799893147280837,7.608999241572034
2026,5,2026_05_BAL_ATL,00-0033662,Cooper Rush,QB,ATL,BAL,completions,15.47396801712075,15.47396801712075,10.333333333333334,1.0,6.956,2,NOT_LISTED,True,,,,3.5,43.5,23.5,15.166666666666666,0.5806688205585265,0.10817347811480696,6.968386705619937
2026,5,2026_05_BAL_ATL,00-0034796,Lamar Jackson,QB,BAL,ATL,completions,17.0612938648578,17.0612938648578,15.933333333333334,1.0,6.956,4,NOT_LISTED,True,,,,-3.5,43.5,20.0,20.666666666666668,0.8649425287356323,0.006540530234941402,6.330753093163383
2026,5,2026_05_TB_DAL,00-0034855,Baker Mayfield,QB,TB,DAL,completions,18.653998322845666,18.653998322845666,20.733333333333334,1.0,6.956,3,NOT_LISTED,True,,,,-8.5,47.5,19.5,31.333333333333332,0.9864864864864865,0.4705700307419768,8.505812817154585
2026,5,2026_05_BUF_LA,00-0034857,Josh Allen,QB,BUF,LA,completions,19.615835201412,19.615835201412,19.400000000000002,1.0,6.956,4,NOT_LISTED,True,,,,-2.5,54.5,26.0,28.833333333333332,1.0,-0.019494050470675803,5.847637476043049
2026,5,2026_05_SF_SEA,00-0034869,Sam Darnold,QB,SEA,SF,completions,17.365993702832682,17.365993702832682,16.0,1.0,6.956,3,NOT_LISTED,True,,,,2.5,46.5,24.5,26.0,0.8435990338164251,0.11454549228960391,6.4571042068773465
2026,5,2026_05_MIN_NO,00-0035228,Kyler Murray,QB,MIN,NO,completions,17.333537183671616,17.333537183671616,16.8,1.0,6.956,3,NOT_LISTED,True,,,,1.5,42.5,22.0,29.666666666666668,0.8628472222222223,0.05799804953246461,6.3957924614525155
2026,5,2026_05_SF_SEA,00-0035704,Drew Lock,QB,SEA,SF,completions,12.909472034208541,12.909472034208541,10.933333333333334,1.0,6.956,2,NOT_LISTED,True,,,,2.5,46.5,24.5,13.333333333333334,0.5099206349206349,0.11454549228960391,6.4571042068773465
2026,5,2026_05_IND_PIT,00-0035710,Daniel Jones,QB,IND,PIT,completions,19.533861187005975,19.533861187005975,19.866666666666667,1.0,6.956,4,NOT_LISTED,True,,,,-2.5,44.5,21.0,27.666666666666668,0.8657407407407408,0.057264015361963495,7.74546796679198
2026,5,2026_05_BAL_ATL,00-0035993,Tyler Huntley,QB,BAL,ATL,completions,12.414897962052414,12.414897962052414,10.6,1.0,6.956,1,NOT_LISTED,True,,,,-3.5,43.5,20.0,12.666666666666666,0.5419202163624071,0.006540530234941402,6.330753093163383
2026,5,2026_05_CHI_GB,00-0036264,Jordan Love,QB,GB,CHI,completions,21.38206435147329,21.38206435147329,21.133333333333333,1.0,6.956,4,NOT_LISTED,True,,,,-3.0,45.5,21.25,34.5,0.923611111111111,-0.01895787938530588,6.953186625820897
2026,5,2026_05_DEN_LAC,00-0036355,Justin Herbert,QB,LAC,DEN,completions,20.14823841412162,20.14823841412162,18.46666666666667,1.0,6.956,4,NOT_LISTED,True,,,,-3.5,42.5,19.5,30.0,0.9947916666666666,-0.09455846420832109,5.655602398576912
2026,5,2026_05_PHI_JAX,00-0036389,Jalen Hurts,QB,PHI,JAX,completions,17.613824948343012,17.613824948343012,17.666666666666664,1.0,6.956,4,NOT_LISTED,True,,,,-7.0,42.5,17.75,28.5,0.9935897435897436,-0.1702104653983672,6.506935146166645
2026,5,2026_05_CIN_MIA,00-0036442,Joe Burrow,QB,CIN,MIA,completions,24.28553091418543,24.28553091418543,28.4,1.0,6.956,4,NOT_LISTED,True,,,,7.0,42.5,24.75,37.833333333333336,0.9768518518518517,0.37047209523101876,8.518959598393305
2026,5,2026_05_PHI_JAX,00-0036971,Trevor Lawrence,QB,JAX,PHI,completions,19.25401526710848,19.25401526710848,18.6,1.0,6.956,4,NOT_LISTED,True,,,,7.0,42.5,24.75,28.5,0.9895833333333334,-0.07329098310499965,5.82452472983406
2026,5,2026_05_SF_SEA,00-0037834,Brock Purdy,QB,SF,SEA,completions,19.39875113330332,19.39875113330332,18.93333333333333,1.0,6.956,4,NOT_LISTED,True,,,,-2.5,46.5,22.0,28.833333333333332,1.0,-0.16750320090578563,4.853633370597656
2026,5,2026_05_CIN_MIA,00-0038128,Malik Willis,QB,MIA,CIN,completions,15.723035333127978,15.723035333127978,14.266666666666666,1.0,6.956,4,NOT_LISTED,True,,,,-7.0,42.5,17.75,22.5,0.8830555555555556,0.0056948935588698735,7.041066992515163
2026,5,2026_05_LV_NE,00-0038476,Tommy DeVito,QB,NE,LV,completions,7.248334556153949,7.248334556153949,11.133333333333333,1.0,6.956,1,NOT_LISTED,True,,,,3.5,45.5,24.5,16.833333333333332,0.4891586742415041,0.030376162500259474,6.575533731619258
2026,5,2026_05_HOU_TEN,00-0039163,C.J. Stroud,QB,HOU,TEN,completions,21.66992296636782,21.66992296636782,21.6,1.0,6.956,4,NOT_LISTED,True,,,,7.5,38.5,23.0,33.666666666666664,0.9501488095238096,0.24441872834061978,7.830497322051736
2026,5,2026_05_DEN_LAC,00-0039732,Bo Nix,QB,DEN,LAC,completions,21.201495542318142,21.201495542318142,20.866666666666667,1.0,6.956,4,NOT_LISTED,True,,,,3.5,42.5,23.0,32.666666666666664,1.0,0.014659545510640023,7.0233970311899006
2026,5,2026_05_LV_NE,00-0039851,Drake Maye,QB,NE,LV,completions,16.963564491771894,16.963564491771894,17.066666666666666,1.0,6.956,4,NOT_LISTED,True,,,,3.5,45.5,24.5,26.0,0.910772238514174,0.030376162500259474,6.575533731619258
2026,5,2026_05_NYG_WAS,00-0039910,Jayden Daniels,QB,WAS,NYG,completions,13.931354190924228,13.931354190924228,13.266666666666666,1.0,6.956,2,NOT_LISTED,True,,,,3.5,43.5,23.5,23.5,0.8344246031746033,-0.0602493268192795,6.557376277275174
2026,5,2026_05_BAL_ATL,00-0039917,Michael Penix Jr.,QB,ATL,BAL,completions,20.285308141909148,20.285308141909148,15.933333333333334,1.0,6.956,2,NOT_LISTED,True,,,,3.5,43.5,23.5,27.333333333333332,0.9222222222222222,0.10817347811480696,6.968386705619937
2026,5,2026_05_CHI_GB,00-0039918,Caleb Williams,QB,CHI,GB,completions,19.479468322857528,19.479468322857528,19.0,1.0,6.956,2,NOT_LISTED,True,,,,3.0,45.5,24.25,32.0,0.9571428571428572,0.18713215734884686,6.853471408765526
2026,5,2026_05_CLE_NYJ,00-0040668,Shedeur Sanders,QB,CLE,NYJ,completions,10.523481299848097,10.523481299848097,11.8,1.0,6.956,1,NOT_LISTED,True,,,,-2.5,39.5,18.5,25.333333333333332,0.8331541218637993,0.3799893147280837,7.608999241572034
2026,5,2026_05_HOU_TEN,00-0040676,Cam Ward,QB,TEN,HOU,completions,19.597690111937503,19.597690111937503,17.8,1.0,6.956,4,NOT_LISTED,True,,,,-7.5,38.5,15.5,27.0,0.8484848484848485,0.052055391330253976,7.170065462152156
2026,5,2026_05_NYG_WAS,00-0040691,Jaxson Dart,QB,NYG,WAS,completions,16.476274157007957,16.476274157007957,16.066666666666666,1.0,6.956,2,NOT_LISTED,True,,,,-3.5,43.5,20.0,24.166666666666668,0.8498199904449905,0.07475384034366883,6.652420774334399
2026,5,2026_05_MIN_NO,00-0040743,Tyler Shough,QB,NO,MIN,completions,22.523067720352884,22.523067720352884,28.266666666666666,1.0,6.956,4,NOT_LISTED,True,,,,-1.5,42.5,20.5,40.333333333333336,1.0,-0.3888597580555023,5.012554235853738
2026,5,2026_05_TB_DAL,00-0041251,Jalon Daniels,QB,TB,DAL,completions,14.694969513591662,14.694969513591662,9.5,1.0,6.956,2,NOT_LISTED,True,,,,-8.5,47.5,19.5,15.0,0.5405405405405406,0.4705700307419768,8.505812817154585
2026,5,2026_05_IND_PIT,00-0023459,Aaron Rodgers,QB,PIT,IND,passing_yards,247.22550852839186,247.22550852839186,253.0,1.0,82.801,4,NOT_LISTED,True,,,,2.5,44.5,23.5,39.833333333333336,0.9917682926829269,0.1407783793769441,7.5267548099021315
2026,5,2026_05_BUF_LA,00-0026498,Matthew Stafford,QB,LA,BUF,passing_yards,279.88136194987544,279.88136194987544,321.2666666666667,1.0,82.801,4,NOT_LISTED,True,,,,2.5,54.5,28.5,40.0,0.9821428571428571,-0.05548814477474302,5.635218445130121
2026,5,2026_05_CHI_GB,00-0028986,Case Keenum,QB,CHI,GB,passing_yards,183.45052485563247,183.45052485563247,155.73333333333335,1.0,82.801,1,NOT_LISTED,True,,,,3.0,45.5,24.25,19.666666666666668,0.5893046107331822,0.18713215734884686,6.853471408765526
2026,5,2026_05_LV_NE,00-0029604,Kirk Cousins,QB,LV,NE,passing_yards,246.38405258403947,246.38405258403947,262.0,1.0,82.801,4,NOT_LISTED,True,,,,-3.5,45.5,21.0,32.666666666666664,1.0,0.004219220760639311,6.117619428407968
2026,5,2026_05_CLE_NYJ,00-0030565,Geno Smith,QB,NYJ,CLE,passing_yards,227.50801801155995,227.50801801155995,222.66666666666669,1.0,82.801,4,NOT_LISTED,True,,,,2.5,39.5,21.0,28.0,0.9888888888888889,-0.03963762558831056,6.4160206737003325
2026,5,2026_05_NYG_WAS,00-0031503,Jameis Winston,QB,NYG,WAS,passing_yards,114.12430431184299,114.12430431184299,165.53333333333333,1.0,82.801,3,NOT_LISTED,True,,,,-3.5,43.5,20.0,24.0,0.8072916666666666,0.07475384034366883,6.652420774334399
2026,5,2026_05_NYG_WAS,00-0032268,Marcus Mariota,QB,WAS,NYG,passing_yards,160.3071452679065,160.3071452679065,113.06666666666666,1.0,82.801,3,NOT_LISTED,True,,,,3.5,43.5,23.5,14.666666666666666,0.5567688806819242,-0.0602493268192795,6.557376277275174
2026,5,2026_05_MIN_NO,00-0032950,Carson Wentz,QB,MIN,NO,passing_yards,204.50570174911513,204.50570174911513,171.93333333333334,1.0,82.801,2,NOT_LISTED,True,,,,1.5,42.5,22.0,31.333333333333332,0.939010496671787,0.05799804953246461,6.3957924614525155
2026,5,2026_05_TB_DAL,00-0033077,Dak Prescott,QB,DAL,TB,passing_yards,276.5639703283234,276.5639703283234,274.1333333333333,1.0,82.801,4,NOT_LISTED,True,,,,8.5,47.5,28.0,33.0,0.9097222222222222,0.1228007875639109,6.872865604575163
2026,5,2026_05_DET_ARI,00-0033106,Jared Goff,QB,DET,ARI,passing_yards,284.4092576907541,284.4092576907541,317.73333333333335,1.0,82.801,4,NOT_LISTED,True,,,,4.5,54.5,29.5,38.666666666666664,1.0,0.37095700328721865,7.892248430205748
2026,5,2026_05_DET_ARI,00-0033119,Jacoby Brissett,QB,ARI,DET,passing_yards,261.53615787421654,261.53615787421654,193.06666666666666,1.0,82.801,4,NOT_LISTED,True,,,,-4.5,54.5,25.0,36.666666666666664,0.9947916666666666,0.10266819289671897,6.649415599289252
2026,5,2026_05_CLE_NYJ,00-0033537,Deshaun Watson,QB,CLE,NYJ,passing_yards,210.55904532663703,210.55904532663703,206.73333333333335,1.0,82.801,4,NOT_LISTED,True,,,,-2.5,39.5,18.5,25.833333333333332,0.8824441687344913,0.3799893147280837,7.608999241572034
2026,5,2026_05_BAL_ATL,00-0033662,Cooper Rush,QB,ATL,BAL,passing_yards,167.25630412862085,167.25630412862085,95.66666666666666,1.0,82.801,2,NOT_LISTED,True,,,,3.5,43.5,23.5,15.166666666666666,0.5806688205585265,0.10817347811480696,6.968386705619937
2026,5,2026_05_BAL_ATL,00-0034796,Lamar Jackson,QB,BAL,ATL,passing_yards,219.29115132441888,219.29115132441888,215.66666666666666,1.0,82.801,4,NOT_LISTED,True,,,,-3.5,43.5,20.0,20.666666666666668,0.8649425287356323,0.006540530234941402,6.330753093163383
2026,5,2026_05_TB_DAL,00-0034855,Baker Mayfield,QB,TB,DAL,passing_yards,209.35761948346092,209.35761948346092,210.26666666666665,1.0,82.801,3,NOT_LISTED,True,,,,-8.5,47.5,19.5,31.333333333333332,0.9864864864864865,0.4705700307419768,8.505812817154585
2026,5,2026_05_BUF_LA,00-0034857,Josh Allen,QB,BUF,LA,passing_yards,232.46479450300075,232.46479450300075,236.4,1.0,82.801,4,NOT_LISTED,True,,,,-2.5,54.5,26.0,28.833333333333332,1.0,-0.019494050470675803,5.847637476043049
2026,5,2026_05_SF_SEA,00-0034869,Sam Darnold,QB,SEA,SF,passing_yards,196.43125405773623,196.43125405773623,190.33333333333331,1.0,82.801,3,NOT_LISTED,True,,,,2.5,46.5,24.5,26.0,0.8435990338164251,0.11454549228960391,6.4571042068773465
2026,5,2026_05_MIN_NO,00-0035228,Kyler Murray,QB,MIN,NO,passing_yards,179.24820852673923,179.24820852673923,154.06666666666666,1.0,82.801,3,NOT_LISTED,True,,,,1.5,42.5,22.0,29.666666666666668,0.8628472222222223,0.05799804953246461,6.3957924614525155
2026,5,2026_05_SF_SEA,00-0035704,Drew Lock,QB,SEA,SF,passing_yards,150.7240404427498,150.7240404427498,122.73333333333332,1.0,82.801,2,NOT_LISTED,True,,,,2.5,46.5,24.5,13.333333333333334,0.5099206349206349,0.11454549228960391,6.4571042068773465
2026,5,2026_05_IND_PIT,00-0035710,Daniel Jones,QB,IND,PIT,passing_yards,207.68137971217737,207.68137971217737,185.26666666666665,1.0,82.801,4,NOT_LISTED,True,,,,-2.5,44.5,21.0,27.666666666666668,0.8657407407407408,0.057264015361963495,7.74546796679198
2026,5,2026_05_BAL_ATL,00-0035993,Tyler Huntley,QB,BAL,ATL,passing_yards,138.32831385505398,138.32831385505398,79.6,1.0,82.801,1,NOT_LISTED,True,,,,-3.5,43.5,20.0,12.666666666666666,0.5419202163624071,0.006540530234941402,6.330753093163383
2026,5,2026_05_CHI_GB,00-0036264,Jordan Love,QB,GB,CHI,passing_yards,247.8492575104116,247.8492575104116,223.73333333333332,1.0,82.801,4,NOT_LISTED,True,,,,-3.0,45.5,21.25,34.5,0.923611111111111,-0.01895787938530588,6.953186625820897
2026,5,2026_05_DEN_LAC,00-0036355,Justin Herbert,QB,LAC,DEN,passing_yards,255.94246694526285,255.94246694526285,211.53333333333336,1.0,82.801,4,NOT_LISTED,True,,,,-3.5,42.5,19.5,30.0,0.9947916666666666,-0.09455846420832109,5.655602398576912
2026,5,2026_05_PHI_JAX,00-0036389,Jalen Hurts,QB,PHI,JAX,passing_yards,194.45253611117673,194.45253611117673,169.2,1.0,82.801,4,NOT_LISTED,True,,,,-7.0,42.5,17.75,28.5,0.9935897435897436,-0.1702104653983672,6.506935146166645
2026,5,2026_05_CIN_MIA,00-0036442,Joe Burrow,QB,CIN,MIA,passing_yards,257.7656934086611,257.7656934086611,297.5333333333333,1.0,82.801,4,NOT_LISTED,True,,,,7.0,42.5,24.75,37.833333333333336,0.9768518518518517,0.37047209523101876,8.518959598393305
2026,5,2026_05_PHI_JAX,00-0036971,Trevor Lawrence,QB,JAX,PHI,passing_yards,227.90582165817324,227.90582165817324,210.33333333333334,1.0,82.801,4,NOT_LISTED,True,,,,7.0,42.5,24.75,28.5,0.9895833333333334,-0.07329098310499965,5.82452472983406
2026,5,2026_05_SF_SEA,00-0037834,Brock Purdy,QB,SF,SEA,passing_yards,234.58256694518877,234.58256694518877,256.2,1.0,82.801,4,NOT_LISTED,True,,,,-2.5,46.5,22.0,28.833333333333332,1.0,-0.16750320090578563,4.853633370597656
2026,5,2026_05_CIN_MIA,00-0038128,Malik Willis,QB,MIA,CIN,passing_yards,187.52292453887833,187.52292453887833,173.13333333333333,1.0,82.801,4,NOT_LISTED,True,,,,-7.0,42.5,17.75,22.5,0.8830555555555556,0.0056948935588698735,7.041066992515163
2026,5,2026_05_LV_NE,00-0038476,Tommy DeVito,QB,NE,LV,passing_yards,85.55061485461499,85.55061485461499,92.93333333333334,1.0,82.801,1,NOT_LISTED,True,,,,3.5,45.5,24.5,16.833333333333332,0.4891586742415041,0.030376162500259474,6.575533731619258
2026,5,2026_05_HOU_TEN,00-0039163,C.J. Stroud,QB,HOU,TEN,passing_yards,235.42916073198217,235.42916073198217,277.0,1.0,82.801,4,NOT_LISTED,True,,,,7.5,38.5,23.0,33.666666666666664,0.9501488095238096,0.24441872834061978,7.830497322051736
2026,5,2026_05_DEN_LAC,00-0039732,Bo Nix,QB,DEN,LAC,passing_yards,221.10446801040777,221.10446801040777,213.73333333333335,1.0,82.801,4,NOT_LISTED,True,,,,3.5,42.5,23.0,32.666666666666664,1.0,0.014659545510640023,7.0233970311899006
2026,5,2026_05_LV_NE,00-0039851,Drake Maye,QB,NE,LV,passing_yards,222.39663015837755,222.39663015837755,221.93333333333334,1.0,82.801,4,NOT_LISTED,True,,,,3.5,45.5,24.5,26.0,0.910772238514174,0.030376162500259474,6.575533731619258
2026,5,2026_05_NYG_WAS,00-0039910,Jayden Daniels,QB,WAS,NYG,passing_yards,170.58869504568497,170.58869504568497,124.8,1.0,82.801,2,NOT_LISTED,True,,,,3.5,43.5,23.5,23.5,0.8344246031746033,-0.0602493268192795,6.557376277275174
2026,5,2026_05_BAL_ATL,00-0039917,Michael Penix Jr.,QB,ATL,BAL,passing_yards,236.70729017025457,236.70729017025457,217.0,1.0,82.801,2,NOT_LISTED,True,,,,3.5,43.5,23.5,27.333333333333332,0.9222222222222222,0.10817347811480696,6.968386705619937
2026,5,2026_05_CHI_GB,00-0039918,Caleb Williams,QB,CHI,GB,passing_yards,235.23323487659036,235.23323487659036,219.86666666666667,1.0,82.801,2,NOT_LISTED,True,,,,3.0,45.5,24.25,32.0,0.9571428571428572,0.18713215734884686,6.853471408765526
2026,5,2026_05_CLE_NYJ,00-0040668,Shedeur Sanders,QB,CLE,NYJ,passing_yards,130.20717857063846,130.20717857063846,125.73333333333335,1.0,82.801,1,NOT_LISTED,True,,,,-2.5,39.5,18.5,25.333333333333332,0.8331541218637993,0.3799893147280837,7.608999241572034
2026,5,2026_05_HOU_TEN,00-0040676,Cam Ward,QB,TEN,HOU,passing_yards,201.2841304934965,201.2841304934965,185.8,1.0,82.801,4,NOT_LISTED,True,,,,-7.5,38.5,15.5,27.0,0.8484848484848485,0.052055391330253976,7.170065462152156
2026,5,2026_05_NYG_WAS,00-0040691,Jaxson Dart,QB,NYG,WAS,passing_yards,188.97646958484574,188.97646958484574,160.4,1.0,82.801,2,NOT_LISTED,True,,,,-3.5,43.5,20.0,24.166666666666668,0.8498199904449905,0.07475384034366883,6.652420774334399
2026,5,2026_05_MIN_NO,00-0040743,Tyler Shough,QB,NO,MIN,passing_yards,227.45313016768182,227.45313016768182,278.26666666666665,1.0,82.801,4,NOT_LISTED,True,,,,-1.5,42.5,20.5,40.333333333333336,1.0,-0.3888597580555023,5.012554235853738
2026,5,2026_05_TB_DAL,00-0041251,Jalon Daniels,QB,TB,DAL,passing_yards,154.98255431085406,154.98255431085406,74.0,1.0,82.801,2,NOT_LISTED,True,,,,-8.5,47.5,19.5,15.0,0.5405405405405406,0.4705700307419768,8.505812817154585
2026,5,2026_05_BUF_LA,00-0026498,Matthew Stafford,QB,LA,BUF,rush_attempts,2.1865729060353494,2.083216132544187,2.5999999999999996,0.8,4.388,4,NOT_LISTED,True,,,,2.5,54.5,28.5,2.0,0.07517287439229693,0.08090955219871246,4.636802773839063
2026,5,2026_05_CHI_GB,00-0028986,Case Keenum,QB,CHI,GB,rush_attempts,2.3521402713727806,2.373508672549309,2.2666666666666666,0.8,4.388,1,NOT_LISTED,True,,,,3.0,45.5,24.25,2.6666666666666665,0.08914134081817009,-0.03722833188745785,4.3664215757799925
2026,5,2026_05_LV_NE,00-0029604,Kirk Cousins,QB,LV,NE,rush_attempts,2.0062871125830504,1.8911922240621464,2.466666666666667,0.8,4.388,4,NOT_LISTED,True,,,,-3.5,45.5,21.0,2.6666666666666665,0.08908005183867253,-0.0011950811828712743,4.4477226117986985
2026,5,2026_05_CLE_NYJ,00-0030565,Geno Smith,QB,NYJ,CLE,rush_attempts,2.661071215785877,2.7430056863990124,2.3333333333333335,0.8,4.388,4,NOT_LISTED,True,,,,2.5,39.5,21.0,2.3333333333333335,0.08238241615434598,0.077189846089728,4.952126359816503
2026,5,2026_05_NYG_WAS,00-0032268,Marcus Mariota,QB,WAS,NYG,rush_attempts,2.664868407364956,2.6477521758728617,2.7333333333333334,0.8,4.388,3,NOT_LISTED,True,,,,3.5,43.5,23.5,3.3333333333333335,0.10477381265424744,-0.04755900629483796,4.219459866637286
2026,5,2026_05_BAL_ATL,00-0032764,Derrick Henry,RB,BAL,ATL,rush_attempts,18.60911743380683,17.594730125591873,22.666666666666668,0.8,4.388,4,NOT_LISTED,True,,,,-3.5,43.5,20.0,24.166666666666668,0.7077974321105734,-0.1525406724500617,3.7520322847124907
2026,5,2026_05_MIN_NO,00-0032950,Carson Wentz,QB,MIN,NO,rush_attempts,2.5989465422584037,2.5653498444896714,2.7333333333333334,0.8,4.388,2,NOT_LISTED,True,,,,1.5,42.5,22.0,2.8333333333333335,0.10975825112653757,-0.048380387965520404,4.133167000263774
2026,5,2026_05_TB_DAL,00-0033077,Dak Prescott,QB,DAL,TB,rush_attempts,3.090238931165037,3.0627986639562965,3.2,0.8,4.388,4,NOT_LISTED,True,,,,8.5,47.5,28.0,3.0,0.11208273208273208,-0.14432601969496556,3.6495580285254197
2026,5,2026_05_DET_ARI,00-0033106,Jared Goff,QB,DET,ARI,rush_attempts,1.9906799097983325,1.9383498872479157,2.2,0.8,4.388,4,NOT_LISTED,True,,,,4.5,54.5,29.5,2.0,0.073989898989899,-0.10036120248537686,4.198019791480521
2026,5,2026_05_DET_ARI,00-0033119,Jacoby Brissett,QB,ARI,DET,rush_attempts,2.928369910022732,2.910462387528415,3.0,0.8,4.388,4,NOT_LISTED,True,,,,-4.5,54.5,25.0,3.0,0.12288140327356013,0.060631655684037736,5.015310018340871
2026,5,2026_05_SF_SEA,00-0033280,Christian McCaffrey,RB,SF,SEA,rush_attempts,12.128226815870503,11.81028351983813,13.4,0.8,4.388,4,NOT_LISTED,True,,,,-2.5,46.5,22.0,13.5,0.5212643833700953,-0.17485011382614163,3.699234030615968
2026,5,2026_05_MIN_NO,00-0033293,Aaron Jones,RB,MIN,NO,rush_attempts,17.551559080146472,17.08944885018309,19.4,0.8,4.388,4,NOT_LISTED,True,,,,1.5,42.5,22.0,18.5,0.6464896617833669,-0.048380387965520404,4.133167000263774
2026,5,2026_05_PHI_JAX,00-0033319,Nick Mullens,QB,JAX,PHI,rush_attempts,2.648978898664235,2.5778902899969607,2.9333333333333336,0.8,4.388,1,NOT_LISTED,True,,,,7.0,42.5,24.75,2.8333333333333335,0.10300925925925926,-0.014883556671813984,3.7941509904099266
2026,5,2026_05_CIN_MIA,00-0033526,Samaje Perine,RB,CIN,MIA,rush_attempts,4.323932740509847,4.604915925637309,3.2,0.8,4.388,4,NOT_LISTED,True,,,,7.0,42.5,24.75,4.0,0.1740871098842113,-0.034773158308008506,4.154568041188357
2026,5,2026_05_CLE_NYJ,00-0033537,Deshaun Watson,QB,CLE,NYJ,rush_attempts,7.353387507543535,7.325067717762751,7.466666666666667,0.8,4.388,4,NOT_LISTED,True,,,,-2.5,39.5,18.5,6.166666666666667,0.24303985332970843,-0.13541173550296665,4.199079764980928
2026,5,2026_05_NYG_WAS,00-0033699,Austin Ekeler,RB,WAS,NYG,rush_attempts,6.014557675436968,6.084863760962876,5.7333333333333325,0.8,4.388,1,NOT_LISTED,True,,,,3.5,43.5,23.5,5.333333333333333,0.2314110085820612,-0.04755900629483796,4.219459866637286
2026,5,2026_05_MIN_NO,00-0033906,Alvin Kamara,RB,NO,MIN,rush_attempts,8.33764154210658,8.238718594299892,8.733333333333334,0.8,4.388,3,NOT_LISTED,True,,,,-1.5,42.5,20.5,9.333333333333334,0.3589153062837273,-0.14288762218624212,3.981380325582217
2026,5,2026_05_BAL_ATL,00-0034796,Lamar Jackson,QB,BAL,ATL,rush_attempts,4.013382413129764,4.000061349745539,4.066666666666666,0.8,4.388,4,NOT_LISTED,True,,,,-3.5,43.5,20.0,4.166666666666667,0.13405383054505862,-0.1525406724500617,3.7520322847124907
2026,5,2026_05_PHI_JAX,00-0034844,Saquon Barkley,RB,PHI,JAX,rush_attempts,9.26181155664347,9.260597779137672,9.266666666666666,0.8,4.388,4,NOT_LISTED,True,,,,-7.0,42.5,17.75,12.666666666666666,0.48949400797956016,-0.07379740534197694,3.6983929850464294
2026,5,2026_05_TB_DAL,00-0034855,Baker Mayfield,QB,TB,DAL,rush_attempts,4.078556173858107,4.181528550655967,3.6666666666666665,0.8,4.388,3,NOT_LISTED,True,,,,-8.5,47.5,19.5,3.6666666666666665,0.1515313852813853,0.0034748111152853797,4.934382442400535
2026,5,2026_05_BUF_LA,00-0034857,Josh Allen,QB,BUF,LA,rush_attempts,7.654026818969605,7.434200190378673,8.533333333333333,0.8,4.388,4,NOT_LISTED,True,,,,-2.5,54.5,26.0,7.833333333333333,0.2700879899155761,-0.007935755577792865,4.686384078884078
2026,5,2026_05_SF_SEA,00-0034869,Sam Darnold,QB,SEA,SF,rush_attempts,1.7720107224120627,1.7483467363484115,1.8666666666666667,0.8,4.388,3,NOT_LISTED,True,,,,2.5,46.5,24.5,2.6666666666666665,0.08394068894068894,0.04885395890306228,4.276404964767034
2026,5,2026_05_BAL_ATL,00-0034975,Justice Hill,RB,BAL,ATL,rush_attempts,3.158000149165238,3.2975001864565474,2.5999999999999996,0.8,4.388,4,NOT_LISTED,True,,,,-3.5,43.5,20.0,2.5,0.07429355192513087,-0.1525406724500617,3.7520322847124907
2026,5,2026_05_MIN_NO,00-0035228,Kyler Murray,QB,MIN,NO,rush_attempts,3.61080748799915,3.5968426933322704,3.666666666666667,0.8,4.388,3,NOT_LISTED,True,,,,1.5,42.5,22.0,4.166666666666667,0.1642771390124943,-0.048380387965520404,4.133167000263774
2026,5,2026_05_NYG_WAS,00-0035250,Devin Singletary,RB,NYG,WAS,rush_attempts,5.757410413693471,5.596763017116839,6.4,0.8,4.388,2,NOT_LISTED,True,,,,-3.5,43.5,20.0,7.0,0.23056904681974202,0.029551193879589422,4.427833395993826
2026,5,2026_05_HOU_TEN,00-0035261,Tony Pollard,RB,TEN,HOU,rush_attempts,14.436574351201722,14.262384605668819,15.133333333333333,0.8,4.388,4,NOT_LISTED,True,,,,-7.5,38.5,15.5,14.333333333333334,0.6312277156197302,-0.08124408198778915,3.5673402359938127
2026,5,2026_05_BUF_LA,00-0035537,Ty Johnson,RB,BUF,LA,rush_attempts,2.6926168979747054,2.232437789135049,4.533333333333333,0.8,4.388,2,NOT_LISTED,True,,,,-2.5,54.5,26.0,4.333333333333333,0.11923285281344624,-0.007935755577792865,4.686384078884078
2026,5,2026_05_HOU_TEN,00-0035685,David Montgomery,RB,HOU,TEN,rush_attempts,10.061233499307164,10.143208540800622,9.733333333333334,0.8,4.388,4,NOT_LISTED,True,,,,7.5,38.5,23.0,10.833333333333334,0.43968137937436175,-0.07001880708816585,3.596292987023465
2026,5,2026_05_IND_PIT,00-0035710,Daniel Jones,QB,IND,PIT,rush_attempts,2.511314906748484,2.422476966768938,2.8666666666666667,0.8,4.388,4,NOT_LISTED,True,,,,-2.5,44.5,21.0,2.1666666666666665,0.07596622103547068,-0.1259101344399286,3.8586179915514593
2026,5,2026_05_BAL_ATL,00-0035993,Tyler Huntley,QB,BAL,ATL,rush_attempts,4.140573671369291,4.009050422544947,4.666666666666667,0.8,4.388,1,NOT_LISTED,True,,,,-3.5,43.5,20.0,4.666666666666667,0.12992254996971977,-0.1525406724500617,3.7520322847124907
2026,5,2026_05_IND_PIT,00-0036139,Rico Dowdle,RB,PIT,IND,rush_attempts,8.453283885291079,8.483271523280514,8.333333333333332,0.8,4.388,2,NOT_LISTED,True,,,,2.5,44.5,23.5,9.833333333333334,0.43549461680597723,-0.033537966985157784,4.2362108836577
2026,5,2026_05_DEN_LAC,00-0036158,J.K. Dobbins,RB,DEN,LAC,rush_attempts,11.810072441822738,11.545923885611757,12.866666666666667,0.8,4.388,4,NOT_LISTED,True,,,,3.5,42.5,23.0,13.166666666666666,0.5648861283643892,-0.18055840185757804,3.5493515317552538
2026,5,2026_05_IND_PIT,00-0036223,Jonathan Taylor,RB,IND,PIT,rush_attempts,18.803839669605093,18.1381329203397,21.46666666666667,0.8,4.388,4,NOT_LISTED,True,,,,-2.5,44.5,21.0,20.166666666666668,0.7605246008471815,-0.1259101344399286,3.8586179915514593
2026,5,2026_05_CHI_GB,00-0036275,D'Andre Swift,RB,CHI,GB,rush_attempts,14.186073703697883,13.715925462955687,16.066666666666666,0.8,4.388,4,NOT_LISTED,True,,,,3.0,45.5,24.25,14.666666666666666,0.46525338460822335,-0.03722833188745785,4.3664215757799925
2026,5,2026_05_DEN_LAC,00-0036355,Justin Herbert,QB,LAC,DEN,rush_attempts,4.498810450241553,4.440179729468609,4.7333333333333325,0.8,4.388,4,NOT_LISTED,True,,,,-3.5,42.5,19.5,5.333333333333333,0.19622564935064934,0.06420327580679752,4.654753391631252
2026,5,2026_05_PHI_JAX,00-0036389,Jalen Hurts,QB,PHI,JAX,rush_attempts,4.658595382173253,4.6065775610499,4.866666666666667,0.8,4.388,4,NOT_LISTED,True,,,,-7.0,42.5,17.75,5.166666666666667,0.19220474488340844,-0.07379740534197694,3.6983929850464294
2026,5,2026_05_CIN_MIA,00-0036442,Joe Burrow,QB,CIN,MIA,rush_attempts,2.8861458567342417,3.0410156542511357,2.2666666666666666,0.8,4.388,4,NOT_LISTED,True,,,,7.0,42.5,24.75,2.6666666666666665,0.11758147381335786,-0.034773158308008506,4.154568041188357
2026,5,2026_05_CLE_NYJ,00-0036842,Kene Nwangwu,RB,NYJ,CLE,rush_attempts,2.5480498523411206,2.318395648759734,3.4666666666666663,0.8,4.388,1,NOT_LISTED,True,,,,2.5,39.5,21.0,2.1666666666666665,0.08643892339544514,0.077189846089728,4.952126359816503
2026,5,2026_05_LV_NE,00-0036875,Rhamondre Stevenson,RB,NE,LV,rush_attempts,9.426800290451819,9.50016702973144,9.133333333333333,0.8,4.388,4,NOT_LISTED,True,,,,3.5,45.5,24.5,9.833333333333334,0.31061579856646265,-0.10657202904169252,4.546613099085492
2026,5,2026_05_NYG_WAS,00-0036893,Najee Harris,RB,NYG,WAS,rush_attempts,6.473447896386157,6.3751432038160285,6.866666666666666,0.8,4.388,3,NOT_LISTED,True,,,,-3.5,43.5,20.0,6.166666666666667,0.2244350094350094,0.029551193879589422,4.427833395993826
2026,5,2026_05_TB_DAL,00-0036919,Kenny Gainwell,RB,TB,DAL,rush_attempts,4.03200477975326,4.223339308024908,3.2666666666666666,0.8,4.388,4,NOT_LISTED,True,,,,-8.5,47.5,19.5,4.166666666666667,0.17827188940092165,0.0034748111152853797,4.934382442400535
2026,5,2026_05_PHI_JAX,00-0036971,Trevor Lawrence,QB,JAX,PHI,rush_attempts,3.1419012854740176,3.1273766068425224,3.2,0.8,4.388,4,NOT_LISTED,True,,,,7.0,42.5,24.75,3.5,0.12491219667943805,-0.014883556671813984,3.7941509904099266
2026,5,2026_05_SF_SEA,00-0036972,Mac Jones,QB,SF,SEA,rush_attempts,1.8343000977671988,1.6928751222089984,2.4000000000000004,0.8,4.388,1,NOT_LISTED,True,,,,-2.5,46.5,22.0,2.5,0.08360624640194532,-0.17485011382614163,3.699234030615968
2026,5,2026_05_MIN_NO,00-0036973,Travis Etienne,RB,NO,MIN,rush_attempts,11.103011878242489,11.095431514469777,11.133333333333333,0.8,4.388,3,NOT_LISTED,True,,,,-1.5,42.5,20.5,12.833333333333334,0.48045247217661013,-0.14288762218624212,3.981380325582217
2026,5,2026_05_TB_DAL,00-0036997,Javonte Williams,RB,DAL,TB,rush_attempts,14.606611492182976,14.35826436522872,15.600000000000001,0.8,4.388,4,NOT_LISTED,True,,,,8.5,47.5,28.0,14.0,0.5530312441182006,-0.14432601969496556,3.6495580285254197
2026,5,2026_05_TB_DAL,00-0037120,Tyler Goodson,RB,DAL,TB,rush_attempts,3.3110040789665334,3.4220884320415,2.8666666666666667,0.8,4.388,2,NOT_LISTED,True,,,,8.5,47.5,28.0,2.1666666666666665,0.0842857142857143,-0.14432601969496556,3.6495580285254197
2026,5,2026_05_DET_ARI,00-0037157,Bam Knight,RB,ARI,DET,rush_attempts,4.5560738201481,4.5950922751851255,4.4,0.8,4.388,1,NOT_LISTED,True,,,,-4.5,54.5,25.0,6.0,0.3502260553344145,0.060631655684037736,5.015310018340871
2026,5,2026_05_IND_PIT,00-0037228,Jaylen Warren,RB,PIT,IND,rush_attempts,15.214738332104332,15.418422915130416,14.4,0.8,4.388,4,NOT_LISTED,True,,,,2.5,44.5,23.5,13.5,0.6119419926628165,-0.033537966985157784,4.2362108836577
2026,5,2026_05_BUF_LA,00-0037248,James Cook,RB,BUF,LA,rush_attempts,17.745473746156918,17.79850884936281,17.533333333333335,0.8,4.388,4,NOT_LISTED,True,,,,-2.5,54.5,26.0,15.333333333333334,0.5303709856035438,-0.007935755577792865,4.686384078884078
2026,5,2026_05_NYG_WAS,00-0037256,Rachaad White,RB,WAS,NYG,rush_attempts,6.726146428376802,6.707683035471003,6.8,0.8,4.388,3,NOT_LISTED,True,,,,3.5,43.5,23.5,6.0,0.1884469696969697,-0.04755900629483796,4.219459866637286
2026,5,2026_05_DET_ARI,00-0037263,Tyler Allgeier,RB,ARI,DET,rush_attempts,6.704923222492483,6.814487361448937,6.266666666666667,0.8,4.388,4,NOT_LISTED,True,,,,-4.5,54.5,25.0,8.166666666666666,0.29315238864258475,0.060631655684037736,5.015310018340871
2026,5,2026_05_MIN_NO,00-0037525,Jordan Mason,RB,MIN,NO,rush_attempts,10.096176137922651,10.103553505736645,10.066666666666666,0.8,4.388,1,NOT_LISTED,True,,,,1.5,42.5,22.0,9.666666666666666,0.33549629529231045,-0.048380387965520404,4.133167000263774
2026,5,2026_05_BUF_LA,00-0037557,Ronnie Rivers,RB,LA,BUF,rush_attempts,3.1451011393108455,3.3980430908052233,2.1333333333333333,0.8,4.388,1,NOT_LISTED,True,,,,2.5,54.5,28.5,2.3333333333333335,0.07410600255427842,0.08090955219871246,4.636802773839063
2026,5,2026_05_BAL_ATL,00-0037746,Brian Robinson,RB,ATL,BAL,rush_attempts,9.61916842051677,9.440627192312629,10.333333333333332,0.8,4.388,4,NOT_LISTED,True,,,,3.5,43.5,23.5,8.333333333333334,0.2603814575266246,-0.14072759638472015,3.925844433866526
2026,5,2026_05_SF_SEA,00-0037834,Brock Purdy,QB,SF,SEA,rush_attempts,4.651902652867257,4.598211649417404,4.866666666666667,0.8,4.388,4,NOT_LISTED,True,,,,-2.5,46.5,22.0,4.666666666666667,0.16559764002219243,-0.17485011382614163,3.699234030615968
2026,5,2026_05_BUF_LA,00-0037840,Kyren Williams,RB,LA,BUF,rush_attempts,13.8697568045621,13.870529339035956,13.866666666666667,0.8,4.388,4,NOT_LISTED,True,,,,2.5,54.5,28.5,13.166666666666666,0.5228587434393402,0.08090955219871246,4.636802773839063
2026,5,2026_05_CLE_NYJ,00-0038120,Breece Hall,RB,NYJ,CLE,rush_attempts,15.424899218339018,15.181124022923772,16.4,0.8,4.388,3,NOT_LISTED,True,,,,2.5,39.5,21.0,15.5,0.5859842805018244,0.077189846089728,4.952126359816503
2026,5,2026_05_CIN_MIA,00-0038128,Malik Willis,QB,MIA,CIN,rush_attempts,5.110517891629819,5.10481403120394,5.133333333333333,0.8,4.388,4,NOT_LISTED,True,,,,-7.0,42.5,17.75,6.333333333333333,0.26006950571826576,-0.06097849425660301,4.815502899877901
2026,5,2026_05_DEN_LAC,00-0038454,Keaton Mitchell,RB,LAC,DEN,rush_attempts,7.1585087713157485,7.164802630811353,7.133333333333333,0.8,4.388,4,NOT_LISTED,True,,,,-3.5,42.5,19.5,6.333333333333333,0.19813764516987786,0.06420327580679752,4.654753391631252
2026,5,2026_05_LV_NE,00-0038476,Tommy DeVito,QB,NE,LV,rush_attempts,2.5385009591077683,2.4897928655513772,2.7333333333333334,0.8,4.388,1,NOT_LISTED,True,,,,3.5,45.5,24.5,2.3333333333333335,0.12115384615384615,-0.10657202904169252,4.546613099085492
2026,5,2026_05_BAL_ATL,00-0038542,Bijan Robinson,RB,ATL,BAL,rush_attempts,19.95390779540576,19.70905141092387,20.93333333333333,0.8,4.388,4,NOT_LISTED,True,,,,3.5,43.5,23.5,20.333333333333332,0.6157100395888752,-0.14072759638472015,3.925844433866526
2026,5,2026_05_MIN_NO,00-0038551,Kendre Miller,RB,NO,MIN,rush_attempts,6.3126655867064,6.307498650049666,6.333333333333333,0.8,4.388,3,NOT_LISTED,True,,,,-1.5,42.5,20.5,6.333333333333333,0.25977159437382885,-0.14288762218624212,3.981380325582217
2026,5,2026_05_PHI_JAX,00-0038555,Tank Bigsby,RB,PHI,JAX,rush_attempts,7.5251009101981,7.289709471080959,8.466666666666667,0.8,4.388,4,NOT_LISTED,True,,,,-7.0,42.5,17.75,7.666666666666667,0.313966143099915,-0.07379740534197694,3.6983929850464294
2026,5,2026_05_CIN_MIA,00-0038597,Chase Brown,RB,CIN,MIA,rush_attempts,15.535731445862654,15.769664307328316,14.600000000000001,0.8,4.388,4,NOT_LISTED,True,,,,7.0,42.5,24.75,15.5,0.6554919101295913,-0.034773158308008506,4.154568041188357
2026,5,2026_05_PHI_JAX,00-0038611,Chris Rodriguez Jr.,RB,JAX,PHI,rush_attempts,7.494720655702747,7.418400819628435,7.800000000000001,0.8,4.388,4,NOT_LISTED,True,,,,7.0,42.5,24.75,9.5,0.3155926447084984,-0.014883556671813984,3.7941509904099266
2026,5,2026_05_CHI_GB,00-0038685,Chris Brooks,RB,GB,CHI,rush_attempts,4.37298460156002,4.599564085283358,3.466666666666667,0.8,4.388,4,NOT_LISTED,True,,,,-3.0,45.5,21.25,4.666666666666667,0.18116402116402117,0.023079004106420036,4.70839883335046
2026,5,2026_05_TB_DAL,00-0038705,Emari Demercado,RB,DAL,TB,rush_attempts,3.1150648835197234,3.243831104399654,2.6000000000000005,0.8,4.388,2,NOT_LISTED,True,,,,8.5,47.5,28.0,3.0,0.17282122064730762,-0.14432601969496556,3.6495580285254197
2026,5,2026_05_TB_DAL,00-0038738,Hunter Luepke,RB,DAL,TB,rush_attempts,1.6535648032430428,1.7669560040538035,1.2,0.8,4.388,3,NOT_LISTED,True,,,,8.5,47.5,28.0,2.0,0.062068406633624014,-0.14432601969496556,3.6495580285254197
2026,5,2026_05_CLE_NYJ,00-0038794,Jaleel McLaughlin,RB,CLE,NYJ,rush_attempts,3.8131825352766877,3.9998115024291927,3.0666666666666664,0.8,4.388,2,NOT_LISTED,True,,,,-2.5,39.5,18.5,3.6666666666666665,0.14190791018240967,-0.13541173550296665,4.199079764980928
2026,5,2026_05_SF_SEA,00-0038797,Emanuel Wilson,RB,SEA,SF,rush_attempts,13.099489873294992,12.591029008285407,15.133333333333333,0.8,4.388,4,NOT_LISTED,True,,,,2.5,46.5,24.5,12.333333333333334,0.4071715049656226,0.04885395890306228,4.276404964767034
2026,5,2026_05_TB_DAL,00-0038951,Sean Tucker,RB,TB,DAL,rush_attempts,3.507849826998986,3.5348122837487326,3.4,0.8,4.388,1,NOT_LISTED,True,,,,-8.5,47.5,19.5,4.0,0.13325496188399413,0.0034748111152853797,4.934382442400535
2026,5,2026_05_HOU_TEN,00-0039032,Tyjae Spears,RB,TEN,HOU,rush_attempts,4.320075307964382,4.400094134955478,4.0,0.8,4.388,4,NOT_LISTED,True,,,,-7.5,38.5,15.5,4.0,0.17460428258976354,-0.08124408198778915,3.5673402359938127
2026,5,2026_05_CIN_MIA,00-0039040,De'Von Achane,RB,MIA,CIN,rush_attempts,11.100612991823343,10.859099573112513,12.066666666666666,0.8,4.388,3,NOT_LISTED,True,,,,-7.0,42.5,17.75,13.166666666666666,0.5472091271312628,-0.06097849425660301,4.815502899877901
2026,5,2026_05_DET_ARI,00-0039139,Jahmyr Gibbs,RB,DET,ARI,rush_attempts,18.38011276424998,18.49180762197914,17.933333333333334,0.8,4.388,4,NOT_LISTED,True,,,,4.5,54.5,29.5,19.333333333333332,0.7693041526374861,-0.10036120248537686,4.198019791480521
2026,5,2026_05_HOU_TEN,00-0039163,C.J. Stroud,QB,HOU,TEN,rush_attempts,2.9614417304507703,3.1018021630634625,2.4000000000000004,0.8,4.388,4,NOT_LISTED,True,,,,7.5,38.5,23.0,2.5,0.10163582977050468,-0.07001880708816585,3.596292987023465
2026,5,2026_05_SF_SEA,00-0039299,George Holani,RB,SEA,SF,rush_attempts,4.81409308577544,4.800949690552633,4.866666666666667,0.8,4.388,4,NOT_LISTED,True,,,,2.5,46.5,24.5,5.166666666666667,0.17529016876842962,0.04885395890306228,4.276404964767034
2026,5,2026_05_TB_DAL,00-0039361,Bucky Irving,RB,TB,DAL,rush_attempts,14.699248732155256,14.457394248527404,15.666666666666666,0.8,4.388,4,NOT_LISTED,True,,,,-8.5,47.5,19.5,15.166666666666666,0.5819937275985664,0.0034748111152853797,4.934382442400535
2026,5,2026_05_NYG_WAS,00-0039384,Tyrone Tracy Jr.,RB,NYG,WAS,rush_attempts,2.7608859255614044,2.751107406951755,2.8000000000000003,0.8,4.388,4,NOT_LISTED,True,,,,-3.5,43.5,20.0,6.0,0.18903071221619608,0.029551193879589422,4.427833395993826
2026,5,2026_05_DEN_LAC,00-0039391,Kimani Vidal,RB,LAC,DEN,rush_attempts,3.308874448419047,3.4027597271904755,2.9333333333333336,0.8,4.388,3,NOT_LISTED,True,,,,-3.5,42.5,19.5,4.333333333333333,0.15002161392247598,0.06420327580679752,4.654753391631252
2026,5,2026_05_HOU_TEN,00-0039603,British Brooks,RB,HOU,TEN,rush_attempts,2.749314433432592,2.569976375124074,3.4666666666666663,0.8,4.388,1,NOT_LISTED,True,,,,7.5,38.5,23.0,2.1666666666666665,0.06770833333333333,-0.07001880708816585,3.596292987023465
2026,5,2026_05_DEN_LAC,00-0039732,Bo Nix,QB,DEN,LAC,rush_attempts,3.8874235664745465,3.7926127914265164,4.266666666666667,0.8,4.388,4,NOT_LISTED,True,,,,3.5,42.5,23.0,5.166666666666667,0.19479917260159194,-0.18055840185757804,3.5493515317552538
2026,5,2026_05_BUF_LA,00-0039738,Blake Corum,RB,LA,BUF,rush_attempts,8.39533631926996,8.477503732420784,8.066666666666666,0.8,4.388,4,NOT_LISTED,True,,,,2.5,54.5,28.5,8.666666666666666,0.32560390311756565,0.08090955219871246,4.636802773839063
2026,5,2026_05_PHI_JAX,00-0039746,Will Shipley,RB,PHI,JAX,rush_attempts,3.7275731726341963,3.7094664657927456,3.8,0.8,4.388,4,NOT_LISTED,True,,,,-7.0,42.5,17.75,3.0,0.10842114634877793,-0.07379740534197694,3.6983929850464294
2026,5,2026_05_CLE_NYJ,00-0039794,Braelon Allen,RB,NYJ,CLE,rush_attempts,9.481486945045079,9.985192014639683,7.466666666666667,0.8,4.388,4,NOT_LISTED,True,,,,2.5,39.5,21.0,7.166666666666667,0.34264141090990824,0.077189846089728,4.952126359816503
2026,5,2026_05_CLE_NYJ,00-0039798,Isaiah Davis,RB,NYJ,CLE,rush_attempts,1.6614455370211076,1.8268069212763844,1.0,0.8,4.388,3,NOT_LISTED,True,,,,2.5,39.5,21.0,2.5,0.08973214285714286,0.077189846089728,4.952126359816503
2026,5,2026_05_CHI_GB,00-0039811,MarShawn Lloyd,RB,GB,CHI,rush_attempts,7.443467099095196,7.734333873868994,6.28,0.8,4.388,4,NOT_LISTED,True,,,,-3.0,45.5,21.25,7.2,0.3580065887990416,0.023079004106420036,4.70839883335046
2026,5,2026_05_LV_NE,00-0039851,Drake Maye,QB,NE,LV,rush_attempts,5.1754843581153995,5.152688780977583,5.266666666666667,0.8,4.388,4,NOT_LISTED,True,,,,3.5,45.5,24.5,5.166666666666667,0.1635788889583956,-0.10657202904169252,4.546613099085492
2026,5,2026_05_CIN_MIA,00-0039874,Jaylen Wright,RB,MIA,CIN,rush_attempts,4.431125747276167,4.555573850761876,3.9333333333333336,0.8,4.388,3,NOT_LISTED,True,,,,-7.0,42.5,17.75,5.833333333333333,0.23506568144499176,-0.06097849425660301,4.815502899877901
2026,5,2026_05_BUF_LA,00-0039875,Ray Davis,RB,BUF,LA,rush_attempts,2.2488309762905603,2.2610387203632003,2.2,0.8,4.388,3,NOT_LISTED,True,,,,-2.5,54.5,26.0,4.5,0.11995707446790045,-0.007935755577792865,4.686384078884078
2026,5,2026_05_NYG_WAS,00-0039910,Jayden Daniels,QB,WAS,NYG,rush_attempts,6.005015424008571,5.97293594667738,6.133333333333333,0.8,4.388,2,NOT_LISTED,True,,,,3.5,43.5,23.5,7.333333333333333,0.2391642920219358,-0.04755900629483796,4.219459866637286
2026,5,2026_05_CHI_GB,00-0039918,Caleb Williams,QB,CHI,GB,rush_attempts,5.445336311103254,5.556670388879066,5.0,0.8,4.388,2,NOT_LISTED,True,,,,3.0,45.5,24.25,4.5,0.15113709468548178,-0.03722833188745785,4.3664215757799925
2026,5,2026_05_LV_NE,00-0040122,Ashton Jeanty,RB,LV,NE,rush_attempts,16.55127922143419,15.939099026792737,19.0,0.8,4.388,4,NOT_LISTED,True,,,,-3.5,45.5,21.0,20.0,0.7064810555471475,-0.0011950811828712743,4.4477226117986985
2026,5,2026_05_CHI_GB,00-0040142,Kaleb Johnson,RB,GB,CHI,rush_attempts,6.533039205387384,6.766299006734229,5.6,0.8,4.388,4,NOT_LISTED,True,,,,-3.0,45.5,21.25,4.0,0.23150599128540306,0.023079004106420036,4.70839883335046
2026,5,2026_05_CLE_NYJ,00-0040162,Dylan Sampson,RB,CLE,NYJ,rush_attempts,4.69822375283491,4.256113024376971,6.466666666666667,0.8,4.388,1,NOT_LISTED,True,,,,-2.5,39.5,18.5,5.666666666666667,0.22415969733174035,-0.13541173550296665,4.199079764980928
2026,5,2026_05_CIN_MIA,00-0040198,Ollie Gordon II,RB,MIA,CIN,rush_attempts,9.852059530416588,10.215074413020735,8.4,0.8,4.388,3,NOT_LISTED,True,,,,-7.0,42.5,17.75,6.5,0.25792494305842467,-0.06097849425660301,4.815502899877901
2026,5,2026_05_CHI_GB,00-0040236,Kyle Monangai,RB,CHI,GB,rush_attempts,13.730666517866792,13.429999814000157,14.933333333333334,0.8,4.388,4,NOT_LISTED,True,,,,3.0,45.5,24.25,12.333333333333334,0.3528717399685141,-0.03722833188745785,4.3664215757799925
2026,5,2026_05_NYG_WAS,00-0040242,Jacory Croskey-Merritt,RB,WAS,NYG,rush_attempts,11.902639564088872,11.544966121777756,13.333333333333334,0.8,4.388,4,NOT_LISTED,True,,,,3.5,43.5,23.5,13.333333333333334,0.4804023466371028,-0.04755900629483796,4.219459866637286
2026,5,2026_05_CLE_NYJ,00-0040466,Raheim Sanders,RB,CLE,NYJ,rush_attempts,3.2679479475093625,3.5182682677200363,2.2666666666666666,0.8,4.388,4,NOT_LISTED,True,,,,-2.5,39.5,18.5,3.1666666666666665,0.12802530132240275,-0.13541173550296665,4.199079764980928
2026,5,2026_05_LV_NE,00-0040556,Corey Kiner,RB,NE,LV,rush_attempts,3.4282001725483635,3.5852502156854547,2.8,0.8,4.388,4,NOT_LISTED,True,,,,3.5,45.5,24.5,3.0,0.12877821103627554,-0.10657202904169252,4.546613099085492
2026,5,2026_05_HOU_TEN,00-0040583,Woody Marks,RB,HOU,TEN,rush_attempts,7.845678457082965,7.9070980713537065,7.6,0.8,4.388,4,NOT_LISTED,True,,,,7.5,38.5,23.0,9.5,0.3584837809392763,-0.07001880708816585,3.596292987023465
2026,5,2026_05_DEN_LAC,00-0040666,Omarion Hampton,RB,LAC,DEN,rush_attempts,13.407568302032931,12.926127044207831,15.333333333333332,0.8,4.388,4,NOT_LISTED,True,,,,-3.5,42.5,19.5,14.833333333333334,0.538059163059163,0.06420327580679752,4.654753391631252
2026,5,2026_05_CLE_NYJ,00-0040668,Shedeur Sanders,QB,CLE,NYJ,rush_attempts,2.506354871114406,2.516276922226341,2.466666666666667,0.8,4.388,1,NOT_LISTED,True,,,,-2.5,39.5,18.5,2.6666666666666665,0.11483870967741937,-0.13541173550296665,4.199079764980928
2026,5,2026_05_HOU_TEN,00-0040676,Cam Ward,QB,TEN,HOU,rush_attempts,3.2063092424265047,3.2745532196997975,2.9333333333333336,0.8,4.388,4,NOT_LISTED,True,,,,-7.5,38.5,15.5,2.8333333333333335,0.13363370849759235,-0.08124408198778915,3.5673402359938127
2026,5,2026_05_NYG_WAS,00-0040691,Jaxson Dart,QB,NYG,WAS,rush_attempts,5.296092439641862,5.220115549552329,5.6,0.8,4.388,2,NOT_LISTED,True,,,,-3.5,43.5,20.0,6.0,0.18681356203255536,0.029551193879589422,4.427833395993826
2026,5,2026_05_NYG_WAS,00-0040715,Cam Skattebo,RB,NYG,WAS,rush_attempts,14.018515101794797,13.573143877243496,15.8,0.8,4.388,4,NOT_LISTED,True,,,,-3.5,43.5,20.0,14.5,0.4916149916149916,0.029551193879589422,4.427833395993826
2026,5,2026_05_PHI_JAX,00-0040719,Bhayshul Tuten,RB,JAX,PHI,rush_attempts,14.091789757211087,14.264737196513858,13.4,0.8,4.388,4,NOT_LISTED,True,,,,7.0,42.5,24.75,11.0,0.3975694444444444,-0.014883556671813984,3.7941509904099266
2026,5,2026_05_DEN_LAC,00-0040730,RJ Harvey,RB,DEN,LAC,rush_attempts,5.949773498794679,6.037216873493348,5.6,0.8,4.388,3,NOT_LISTED,True,,,,3.5,42.5,23.0,8.0,0.32188624863435106,-0.18055840185757804,3.5493515317552538
2026,5,2026_05_LV_NE,00-0040734,TreVeyon Henderson,RB,NE,LV,rush_attempts,11.47645506371359,11.195568829641989,12.6,0.8,4.388,3,NOT_LISTED,True,,,,3.5,45.5,24.5,12.5,0.40110715040382555,-0.10657202904169252,4.546613099085492
2026,5,2026_05_MIN_NO,00-0040743,Tyler Shough,QB,NO,MIN,rush_attempts,3.617021024588634,3.5379429474024593,3.9333333333333336,0.8,4.388,4,NOT_LISTED,True,,,,-1.5,42.5,20.5,3.8333333333333335,0.153934739300872,-0.14288762218624212,3.981380325582217
2026,5,2026_05_CLE_NYJ,00-0040784,Quinshon Judkins,RB,CLE,NYJ,rush_attempts,14.16959882758895,14.045331867819524,14.666666666666664,0.8,4.388,4,NOT_LISTED,True,,,,-2.5,39.5,18.5,13.166666666666666,0.5508146369413317,-0.13541173550296665,4.199079764980928
2026,5,2026_05_LV_NE,00-0040878,Mike Washington Jr.,RB,LV,NE,rush_attempts,6.190817909762164,6.288522387202705,5.800000000000001,0.8,4.388,4,NOT_LISTED,True,,,,-3.5,45.5,21.0,6.0,0.20599412409757237,-0.0011950811828712743,4.4477226117986985
2026,5,2026_05_HOU_TEN,00-0040886,Nicholas Singleton,RB,TEN,HOU,rush_attempts,3.6449486646275715,3.6811858307844645,3.5,0.8,4.388,2,NOT_LISTED,True,,,,-7.5,38.5,15.5,3.5,0.126657824933687,-0.08124408198778915,3.5673402359938127
2026,5,2026_05_DET_ARI,00-0041027,Jeremiyah Love,RB,ARI,DET,rush_attempts,13.6304498664672,13.463062333084,14.299999999999999,0.8,4.388,4,NOT_LISTED,True,,,,-4.5,54.5,25.0,13.75,0.5422951231774761,0.060631655684037736,5.015310018340871
2026,5,2026_05_SF_SEA,00-0041052,Kaelon Black,RB,SF,SEA,rush_attempts,6.539415153309207,6.549268941636509,6.5,0.8,4.388,4,NOT_LISTED,True,,,,-2.5,46.5,22.0,7.75,0.2678168852081895,-0.17485011382614163,3.699234030615968
2026,5,2026_05_NYG_WAS,00-0041096,Kaytron Allen,RB,WAS,NYG,rush_attempts,4.050508186458852,4.063135233073565,4.0,0.8,4.388,3,NOT_LISTED,True,,,,3.5,43.5,23.5,4.0,0.13920454545454544,-0.04755900629483796,4.219459866637286
2026,5,2026_05_MIN_NO,00-0041104,Demond Claiborne,RB,MIN,NO,rush_attempts,2.6375425641120382,2.796928205140048,2.0,0.8,4.388,3,NOT_LISTED,True,,,,1.5,42.5,22.0,2.0,0.07573632538569425,-0.048380387965520404,4.133167000263774
2026,5,2026_05_IND_PIT,00-0041125,Seth McGowan,RB,IND,PIT,rush_attempts,3.4475826901921627,3.409478362740203,3.6,0.8,4.388,4,NOT_LISTED,True,,,,-2.5,44.5,21.0,3.0,0.09788306451612903,-0.1259101344399286,3.8586179915514593
2026,5,2026_05_TB_DAL,00-0041251,Jalon Daniels,QB,TB,DAL,rush_attempts,4.581777746705481,4.602222183381852,4.5,0.8,4.388,2,NOT_LISTED,True,,,,-8.5,47.5,19.5,4.5,0.15284178187403993,0.0034748111152853797,4.934382442400535
2026,5,2026_05_DEN_LAC,00-0041496,Jonah Coleman,RB,DEN,LAC,rush_attempts,5.042803842764598,5.053504803455747,5.0,0.8,4.388,2,NOT_LISTED,True,,,,3.5,42.5,23.0,5.0,0.17857142857142858,-0.18055840185757804,3.5493515317552538
2026,5,2026_05_SF_SEA,00-0041512,Jadarian Price,RB,SEA,SF,rush_attempts,8.471704894960784,8.256297785367645,9.333333333333334,0.8,4.388,3,NOT_LISTED,True,,,,2.5,46.5,24.5,9.333333333333334,0.3524410774410775,0.04885395890306228,4.276404964767034
2026,5,2026_05_BUF_LA,00-0026498,Matthew Stafford,QB,LA,BUF,rushing_yards,8.038502762027756,8.398238543562066,6.0,0.85,26.803,4,NOT_LISTED,True,,,,2.5,54.5,28.5,2.0,0.07517287439229693,0.08090955219871246,4.636802773839063
2026,5,2026_05_CHI_GB,00-0028986,Case Keenum,QB,CHI,GB,rushing_yards,7.17382941919891,7.933916963763424,2.866666666666667,0.85,26.803,1,NOT_LISTED,True,,,,3.0,45.5,24.25,2.6666666666666665,0.08914134081817009,-0.03722833188745785,4.3664215757799925
2026,5,2026_05_LV_NE,00-0029604,Kirk Cousins,QB,LV,NE,rushing_yards,4.416524328433518,5.066499209921785,0.7333333333333333,0.85,26.803,4,NOT_LISTED,True,,,,-3.5,45.5,21.0,2.6666666666666665,0.08908005183867253,-0.0011950811828712743,4.4477226117986985
2026,5,2026_05_CLE_NYJ,00-0030565,Geno Smith,QB,NYJ,CLE,rushing_yards,10.642776569521635,11.062090081790158,8.266666666666666,0.85,26.803,4,NOT_LISTED,True,,,,2.5,39.5,21.0,2.3333333333333335,0.08238241615434598,0.077189846089728,4.952126359816503
2026,5,2026_05_NYG_WAS,00-0032268,Marcus Mariota,QB,WAS,NYG,rushing_yards,12.946808485115906,12.349186453077536,16.333333333333332,0.85,26.803,3,NOT_LISTED,True,,,,3.5,43.5,23.5,3.3333333333333335,0.10477381265424744,-0.04755900629483796,4.219459866637286
2026,5,2026_05_BAL_ATL,00-0032764,Derrick Henry,RB,BAL,ATL,rushing_yards,77.5480425379743,74.691814750558,93.73333333333333,0.85,26.803,4,NOT_LISTED,True,,,,-3.5,43.5,20.0,24.166666666666668,0.7077974321105734,-0.1525406724500617,3.7520322847124907
2026,5,2026_05_MIN_NO,00-0032950,Carson Wentz,QB,MIN,NO,rushing_yards,9.21501752001055,9.982373552953588,4.866666666666667,0.85,26.803,2,NOT_LISTED,True,,,,1.5,42.5,22.0,2.8333333333333335,0.10975825112653757,-0.048380387965520404,4.133167000263774
2026,5,2026_05_TB_DAL,00-0033077,Dak Prescott,QB,DAL,TB,rushing_yards,14.617532214730048,14.31474378203535,16.333333333333332,0.85,26.803,4,NOT_LISTED,True,,,,8.5,47.5,28.0,3.0,0.11208273208273208,-0.14432601969496556,3.6495580285254197
2026,5,2026_05_DET_ARI,00-0033106,Jared Goff,QB,DET,ARI,rushing_yards,6.648074535100093,7.162440629529522,3.7333333333333334,0.85,26.803,4,NOT_LISTED,True,,,,4.5,54.5,29.5,2.0,0.073989898989899,-0.10036120248537686,4.198019791480521
2026,5,2026_05_DET_ARI,00-0033119,Jacoby Brissett,QB,ARI,DET,rushing_yards,13.400979467701378,14.01291702082515,9.933333333333334,0.85,26.803,4,NOT_LISTED,True,,,,-4.5,54.5,25.0,3.0,0.12288140327356013,0.060631655684037736,5.015310018340871
2026,5,2026_05_SF_SEA,00-0033280,Christian McCaffrey,RB,SF,SEA,rushing_yards,53.742812400578124,53.45036753009191,55.400000000000006,0.85,26.803,4,NOT_LISTED,True,,,,-2.5,46.5,22.0,13.5,0.5212643833700953,-0.17485011382614163,3.699234030615968
2026,5,2026_05_MIN_NO,00-0033293,Aaron Jones,RB,MIN,NO,rushing_yards,75.07408529275276,74.13421799147383,80.4,0.85,26.803,4,NOT_LISTED,True,,,,1.5,42.5,22.0,18.5,0.6464896617833669,-0.048380387965520404,4.133167000263774
2026,5,2026_05_PHI_JAX,00-0033319,Nick Mullens,QB,JAX,PHI,rushing_yards,7.5609374154831075,9.295220488803656,-2.2666666666666666,0.85,26.803,1,NOT_LISTED,True,,,,7.0,42.5,24.75,2.8333333333333335,0.10300925925925926,-0.014883556671813984,3.7941509904099266
2026,5,2026_05_CIN_MIA,00-0033526,Samaje Perine,RB,CIN,MIA,rushing_yards,16.528953221677583,17.62229790785598,10.333333333333332,0.85,26.803,4,NOT_LISTED,True,,,,7.0,42.5,24.75,4.0,0.1740871098842113,-0.034773158308008506,4.154568041188357
2026,5,2026_05_CLE_NYJ,00-0033537,Deshaun Watson,QB,CLE,NYJ,rushing_yards,31.560188443729615,32.294339345564254,27.400000000000002,0.85,26.803,4,NOT_LISTED,True,,,,-2.5,39.5,18.5,6.166666666666667,0.24303985332970843,-0.13541173550296665,4.199079764980928
2026,5,2026_05_NYG_WAS,00-0033699,Austin Ekeler,RB,WAS,NYG,rushing_yards,24.55750404307937,25.020592991858084,21.93333333333333,0.85,26.803,1,NOT_LISTED,True,,,,3.5,43.5,23.5,5.333333333333333,0.2314110085820612,-0.04755900629483796,4.219459866637286
2026,5,2026_05_MIN_NO,00-0033906,Alvin Kamara,RB,NO,MIN,rushing_yards,30.63255041166702,31.285353425490612,26.933333333333334,0.85,26.803,3,NOT_LISTED,True,,,,-1.5,42.5,20.5,9.333333333333334,0.3589153062837273,-0.14288762218624212,3.981380325582217
2026,5,2026_05_BAL_ATL,00-0034796,Lamar Jackson,QB,BAL,ATL,rushing_yards,23.123310261380674,21.650953248683148,31.466666666666665,0.85,26.803,4,NOT_LISTED,True,,,,-3.5,43.5,20.0,4.166666666666667,0.13405383054505862,-0.1525406724500617,3.7520322847124907
2026,5,2026_05_PHI_JAX,00-0034844,Saquon Barkley,RB,PHI,JAX,rushing_yards,41.85781720251963,41.25625553237603,45.266666666666666,0.85,26.803,4,NOT_LISTED,True,,,,-7.0,42.5,17.75,12.666666666666666,0.48949400797956016,-0.07379740534197694,3.6983929850464294
2026,5,2026_05_TB_DAL,00-0034855,Baker Mayfield,QB,TB,DAL,rushing_yards,22.323694444653817,22.074934640769193,23.733333333333334,0.85,26.803,3,NOT_LISTED,True,,,,-8.5,47.5,19.5,3.6666666666666665,0.1515313852813853,0.0034748111152853797,4.934382442400535
2026,5,2026_05_BUF_LA,00-0034857,Josh Allen,QB,BUF,LA,rushing_yards,32.61310384647081,33.10953393702448,29.8,0.85,26.803,4,NOT_LISTED,True,,,,-2.5,54.5,26.0,7.833333333333333,0.2700879899155761,-0.007935755577792865,4.686384078884078
2026,5,2026_05_SF_SEA,00-0034869,Sam Darnold,QB,SEA,SF,rushing_yards,6.120934205549858,6.471687300646892,4.133333333333333,0.85,26.803,3,NOT_LISTED,True,,,,2.5,46.5,24.5,2.6666666666666665,0.08394068894068894,0.04885395890306228,4.276404964767034
2026,5,2026_05_BAL_ATL,00-0034975,Justice Hill,RB,BAL,ATL,rushing_yards,13.916793738456253,14.172698515830884,12.466666666666667,0.85,26.803,4,NOT_LISTED,True,,,,-3.5,43.5,20.0,2.5,0.07429355192513087,-0.1525406724500617,3.7520322847124907
2026,5,2026_05_MIN_NO,00-0035228,Kyler Murray,QB,MIN,NO,rushing_yards,17.152414546992766,16.991075937638545,18.06666666666667,0.85,26.803,3,NOT_LISTED,True,,,,1.5,42.5,22.0,4.166666666666667,0.1642771390124943,-0.048380387965520404,4.133167000263774
2026,5,2026_05_NYG_WAS,00-0035250,Devin Singletary,RB,NYG,WAS,rushing_yards,23.290380766648155,23.765153843115478,20.6,0.85,26.803,2,NOT_LISTED,True,,,,-3.5,43.5,20.0,7.0,0.23056904681974202,0.029551193879589422,4.427833395993826
2026,5,2026_05_HOU_TEN,00-0035261,Tony Pollard,RB,TEN,HOU,rushing_yards,56.25302079079054,55.450612695047695,60.8,0.85,26.803,4,NOT_LISTED,True,,,,-7.5,38.5,15.5,14.333333333333334,0.6312277156197302,-0.08124408198778915,3.5673402359938127
2026,5,2026_05_BUF_LA,00-0035537,Ty Johnson,RB,BUF,LA,rushing_yards,11.599306532736156,11.293301803219007,13.333333333333334,0.85,26.803,2,NOT_LISTED,True,,,,-2.5,54.5,26.0,4.333333333333333,0.11923285281344624,-0.007935755577792865,4.686384078884078
2026,5,2026_05_HOU_TEN,00-0035685,David Montgomery,RB,HOU,TEN,rushing_yards,38.582318513253334,40.74390413323921,26.333333333333336,0.85,26.803,4,NOT_LISTED,True,,,,7.5,38.5,23.0,10.833333333333334,0.43968137937436175,-0.07001880708816585,3.596292987023465
2026,5,2026_05_IND_PIT,00-0035710,Daniel Jones,QB,IND,PIT,rushing_yards,8.040554918015806,8.553594021195066,5.133333333333333,0.85,26.803,4,NOT_LISTED,True,,,,-2.5,44.5,21.0,2.1666666666666665,0.07596622103547068,-0.1259101344399286,3.8586179915514593
2026,5,2026_05_BAL_ATL,00-0035993,Tyler Huntley,QB,BAL,ATL,rushing_yards,19.61251335048158,18.355898059390096,26.733333333333334,0.85,26.803,1,NOT_LISTED,True,,,,-3.5,43.5,20.0,4.666666666666667,0.12992254996971977,-0.1525406724500617,3.7520322847124907
2026,5,2026_05_IND_PIT,00-0036139,Rico Dowdle,RB,PIT,IND,rushing_yards,31.999024262997143,33.82238148587899,21.666666666666664,0.85,26.803,2,NOT_LISTED,True,,,,2.5,44.5,23.5,9.833333333333334,0.43549461680597723,-0.033537966985157784,4.2362108836577
2026,5,2026_05_DEN_LAC,00-0036158,J.K. Dobbins,RB,DEN,LAC,rushing_yards,48.694445037342476,49.358170632167614,44.93333333333334,0.85,26.803,4,NOT_LISTED,True,,,,3.5,42.5,23.0,13.166666666666666,0.5648861283643892,-0.18055840185757804,3.5493515317552538
2026,5,2026_05_IND_PIT,00-0036223,Jonathan Taylor,RB,IND,PIT,rushing_yards,77.57596822874086,76.98349203381278,80.93333333333334,0.85,26.803,4,NOT_LISTED,True,,,,-2.5,44.5,21.0,20.166666666666668,0.7605246008471815,-0.1259101344399286,3.8586179915514593
2026,5,2026_05_CHI_GB,00-0036275,D'Andre Swift,RB,CHI,GB,rushing_yards,60.15365342753337,59.40429815003926,64.4,0.85,26.803,4,NOT_LISTED,True,,,,3.0,45.5,24.25,14.666666666666666,0.46525338460822335,-0.03722833188745785,4.3664215757799925
2026,5,2026_05_DEN_LAC,00-0036355,Justin Herbert,QB,LAC,DEN,rushing_yards,20.979107676573875,20.63424432538103,22.933333333333334,0.85,26.803,4,NOT_LISTED,True,,,,-3.5,42.5,19.5,5.333333333333333,0.19622564935064934,0.06420327580679752,4.654753391631252
2026,5,2026_05_PHI_JAX,00-0036389,Jalen Hurts,QB,PHI,JAX,rushing_yards,21.801652656281245,21.801944301507348,21.8,0.85,26.803,4,NOT_LISTED,True,,,,-7.0,42.5,17.75,5.166666666666667,0.19220474488340844,-0.07379740534197694,3.6983929850464294
2026,5,2026_05_CIN_MIA,00-0036442,Joe Burrow,QB,CIN,MIA,rushing_yards,11.277048575743503,11.961233618521767,7.4,0.85,26.803,4,NOT_LISTED,True,,,,7.0,42.5,24.75,2.6666666666666665,0.11758147381335786,-0.034773158308008506,4.154568041188357
2026,5,2026_05_CLE_NYJ,00-0036842,Kene Nwangwu,RB,NYJ,CLE,rushing_yards,10.073907989185209,9.545774104923774,13.066666666666666,0.85,26.803,1,NOT_LISTED,True,,,,2.5,39.5,21.0,2.1666666666666665,0.08643892339544514,0.077189846089728,4.952126359816503
2026,5,2026_05_LV_NE,00-0036875,Rhamondre Stevenson,RB,NE,LV,rushing_yards,45.85878013991246,45.9868001646029,45.13333333333334,0.85,26.803,4,NOT_LISTED,True,,,,3.5,45.5,24.5,9.833333333333334,0.31061579856646265,-0.10657202904169252,4.546613099085492
2026,5,2026_05_NYG_WAS,00-0036893,Najee Harris,RB,NYG,WAS,rushing_yards,26.96476868676527,26.864433749135614,27.53333333333333,0.85,26.803,3,NOT_LISTED,True,,,,-3.5,43.5,20.0,6.166666666666667,0.2244350094350094,0.029551193879589422,4.427833395993826
2026,5,2026_05_TB_DAL,00-0036919,Kenny Gainwell,RB,TB,DAL,rushing_yards,13.263814830314782,14.48684097684092,6.333333333333334,0.85,26.803,4,NOT_LISTED,True,,,,-8.5,47.5,19.5,4.166666666666667,0.17827188940092165,0.0034748111152853797,4.934382442400535
2026,5,2026_05_PHI_JAX,00-0036971,Trevor Lawrence,QB,JAX,PHI,rushing_yards,13.719874811721342,14.211617425554518,10.933333333333334,0.85,26.803,4,NOT_LISTED,True,,,,7.0,42.5,24.75,3.5,0.12491219667943805,-0.014883556671813984,3.7941509904099266
2026,5,2026_05_SF_SEA,00-0036972,Mac Jones,QB,SF,SEA,rushing_yards,1.3171507542386032,1.6437067696924745,-0.5333333333333333,0.85,26.803,1,NOT_LISTED,True,,,,-2.5,46.5,22.0,2.5,0.08360624640194532,-0.17485011382614163,3.699234030615968
2026,5,2026_05_MIN_NO,00-0036973,Travis Etienne,RB,NO,MIN,rushing_yards,43.757566452065106,43.597137002429534,44.666666666666664,0.85,26.803,3,NOT_LISTED,True,,,,-1.5,42.5,20.5,12.833333333333334,0.48045247217661013,-0.14288762218624212,3.981380325582217
2026,5,2026_05_TB_DAL,00-0036997,Javonte Williams,RB,DAL,TB,rushing_yards,59.36137969486624,59.37809375866616,59.266666666666666,0.85,26.803,4,NOT_LISTED,True,,,,8.5,47.5,28.0,14.0,0.5530312441182006,-0.14432601969496556,3.6495580285254197
2026,5,2026_05_TB_DAL,00-0037120,Tyler Goodson,RB,DAL,TB,rushing_yards,12.192094086351585,12.496581278060688,10.466666666666667,0.85,26.803,2,NOT_LISTED,True,,,,8.5,47.5,28.0,2.1666666666666665,0.0842857142857143,-0.14432601969496556,3.6495580285254197
2026,5,2026_05_DET_ARI,00-0037157,Bam Knight,RB,ARI,DET,rushing_yards,19.99815091145891,20.586059895834012,16.666666666666668,0.85,26.803,1,NOT_LISTED,True,,,,-4.5,54.5,25.0,6.0,0.3502260553344145,0.060631655684037736,5.015310018340871
2026,5,2026_05_IND_PIT,00-0037228,Jaylen Warren,RB,PIT,IND,rushing_yards,74.0615428515067,72.68416806059611,81.86666666666667,0.85,26.803,4,NOT_LISTED,True,,,,2.5,44.5,23.5,13.5,0.6119419926628165,-0.033537966985157784,4.2362108836577
2026,5,2026_05_BUF_LA,00-0037248,James Cook,RB,BUF,LA,rushing_yards,85.60733742341677,81.86745579225502,106.8,0.85,26.803,4,NOT_LISTED,True,,,,-2.5,54.5,26.0,15.333333333333334,0.5303709856035438,-0.007935755577792865,4.686384078884078
2026,5,2026_05_NYG_WAS,00-0037256,Rachaad White,RB,WAS,NYG,rushing_yards,29.986341763894202,29.65451972222847,31.866666666666667,0.85,26.803,3,NOT_LISTED,True,,,,3.5,43.5,23.5,6.0,0.1884469696969697,-0.04755900629483796,4.219459866637286
2026,5,2026_05_DET_ARI,00-0037263,Tyler Allgeier,RB,ARI,DET,rushing_yards,27.187179929792066,28.408446976225964,20.266666666666666,0.85,26.803,4,NOT_LISTED,True,,,,-4.5,54.5,25.0,8.166666666666666,0.29315238864258475,0.060631655684037736,5.015310018340871
2026,5,2026_05_MIN_NO,00-0037525,Jordan Mason,RB,MIN,NO,rushing_yards,48.36636726465273,47.960432076062034,50.666666666666664,0.85,26.803,1,NOT_LISTED,True,,,,1.5,42.5,22.0,9.666666666666666,0.33549629529231045,-0.048380387965520404,4.133167000263774
2026,5,2026_05_BUF_LA,00-0037557,Ronnie Rivers,RB,LA,BUF,rushing_yards,13.407106050247698,14.161301235585526,9.133333333333333,0.85,26.803,1,NOT_LISTED,True,,,,2.5,54.5,28.5,2.3333333333333335,0.07410600255427842,0.08090955219871246,4.636802773839063
2026,5,2026_05_BAL_ATL,00-0037746,Brian Robinson,RB,ATL,BAL,rushing_yards,42.03098996277289,41.04822348561517,47.6,0.85,26.803,4,NOT_LISTED,True,,,,3.5,43.5,23.5,8.333333333333334,0.2603814575266246,-0.14072759638472015,3.925844433866526
2026,5,2026_05_SF_SEA,00-0037834,Brock Purdy,QB,SF,SEA,rushing_yards,23.357546904680145,22.185349299623702,30.0,0.85,26.803,4,NOT_LISTED,True,,,,-2.5,46.5,22.0,4.666666666666667,0.16559764002219243,-0.17485011382614163,3.699234030615968
2026,5,2026_05_BUF_LA,00-0037840,Kyren Williams,RB,LA,BUF,rushing_yards,65.9537490017178,63.416175296138576,80.33333333333333,0.85,26.803,4,NOT_LISTED,True,,,,2.5,54.5,28.5,13.166666666666666,0.5228587434393402,0.08090955219871246,4.636802773839063
2026,5,2026_05_CLE_NYJ,00-0038120,Breece Hall,RB,NYJ,CLE,rushing_yards,61.50039944701656,62.47105817296067,56.0,0.85,26.803,3,NOT_LISTED,True,,,,2.5,39.5,21.0,15.5,0.5859842805018244,0.077189846089728,4.952126359816503
2026,5,2026_05_CIN_MIA,00-0038128,Malik Willis,QB,MIA,CIN,rushing_yards,25.59631981514944,24.995670370764046,29.0,0.85,26.803,4,NOT_LISTED,True,,,,-7.0,42.5,17.75,6.333333333333333,0.26006950571826576,-0.06097849425660301,4.815502899877901
2026,5,2026_05_DEN_LAC,00-0038454,Keaton Mitchell,RB,LAC,DEN,rushing_yards,30.332464763226056,29.779370309677716,33.46666666666667,0.85,26.803,4,NOT_LISTED,True,,,,-3.5,42.5,19.5,6.333333333333333,0.19813764516987786,0.06420327580679752,4.654753391631252
2026,5,2026_05_LV_NE,00-0038476,Tommy DeVito,QB,NE,LV,rushing_yards,10.549242067318147,10.32852007919782,11.8,0.85,26.803,1,NOT_LISTED,True,,,,3.5,45.5,24.5,2.3333333333333335,0.12115384615384615,-0.10657202904169252,4.546613099085492
2026,5,2026_05_BAL_ATL,00-0038542,Bijan Robinson,RB,ATL,BAL,rushing_yards,101.68159436316438,96.62540513313456,130.33333333333334,0.85,26.803,4,NOT_LISTED,True,,,,3.5,43.5,23.5,20.333333333333332,0.6157100395888752,-0.14072759638472015,3.925844433866526
2026,5,2026_05_MIN_NO,00-0038551,Kendre Miller,RB,NO,MIN,rushing_yards,23.58628485926483,24.442688069723324,18.733333333333334,0.85,26.803,3,NOT_LISTED,True,,,,-1.5,42.5,20.5,6.333333333333333,0.25977159437382885,-0.14288762218624212,3.981380325582217
2026,5,2026_05_PHI_JAX,00-0038555,Tank Bigsby,RB,PHI,JAX,rushing_yards,26.71792957552832,26.29168185356273,29.133333333333333,0.85,26.803,4,NOT_LISTED,True,,,,-7.0,42.5,17.75,7.666666666666667,0.313966143099915,-0.07379740534197694,3.6983929850464294
2026,5,2026_05_CIN_MIA,00-0038597,Chase Brown,RB,CIN,MIA,rushing_yards,64.39776335331845,65.96207453331583,55.53333333333333,0.85,26.803,4,NOT_LISTED,True,,,,7.0,42.5,24.75,15.5,0.6554919101295913,-0.034773158308008506,4.154568041188357
2026,5,2026_05_PHI_JAX,00-0038611,Chris Rodriguez Jr.,RB,JAX,PHI,rushing_yards,32.568909534170814,32.53989356961272,32.733333333333334,0.85,26.803,4,NOT_LISTED,True,,,,7.0,42.5,24.75,9.5,0.3155926447084984,-0.014883556671813984,3.7941509904099266
2026,5,2026_05_CHI_GB,00-0038685,Chris Brooks,RB,GB,CHI,rushing_yards,18.770156126584094,19.094301325393054,16.93333333333333,0.85,26.803,4,NOT_LISTED,True,,,,-3.0,45.5,21.25,4.666666666666667,0.18116402116402117,0.023079004106420036,4.70839883335046
2026,5,2026_05_TB_DAL,00-0038705,Emari Demercado,RB,DAL,TB,rushing_yards,14.120333982010335,14.04745174354157,14.533333333333333,0.85,26.803,2,NOT_LISTED,True,,,,8.5,47.5,28.0,3.0,0.17282122064730762,-0.14432601969496556,3.6495580285254197
2026,5,2026_05_TB_DAL,00-0038738,Hunter Luepke,RB,DAL,TB,rushing_yards,7.0939831121473444,7.4752742495851106,4.933333333333334,0.85,26.803,3,NOT_LISTED,True,,,,8.5,47.5,28.0,2.0,0.062068406633624014,-0.14432601969496556,3.6495580285254197
2026,5,2026_05_CLE_NYJ,00-0038794,Jaleel McLaughlin,RB,CLE,NYJ,rushing_yards,19.10343718641676,18.133455513431482,24.6,0.85,26.803,2,NOT_LISTED,True,,,,-2.5,39.5,18.5,3.6666666666666665,0.14190791018240967,-0.13541173550296665,4.199079764980928
2026,5,2026_05_SF_SEA,00-0038797,Emanuel Wilson,RB,SEA,SF,rushing_yards,50.984406792575214,50.44047857950025,54.06666666666666,0.85,26.803,4,NOT_LISTED,True,,,,2.5,46.5,24.5,12.333333333333334,0.4071715049656226,0.04885395890306228,4.276404964767034
2026,5,2026_05_TB_DAL,00-0038951,Sean Tucker,RB,TB,DAL,rushing_yards,13.041249078402945,14.224998915768172,6.333333333333334,0.85,26.803,1,NOT_LISTED,True,,,,-8.5,47.5,19.5,4.0,0.13325496188399413,0.0034748111152853797,4.934382442400535
2026,5,2026_05_HOU_TEN,00-0039032,Tyjae Spears,RB,TEN,HOU,rushing_yards,18.459958333390922,18.84700980398932,16.266666666666666,0.85,26.803,4,NOT_LISTED,True,,,,-7.5,38.5,15.5,4.0,0.17460428258976354,-0.08124408198778915,3.5673402359938127
2026,5,2026_05_CIN_MIA,00-0039040,De'Von Achane,RB,MIA,CIN,rushing_yards,50.53289295704689,50.838697596525755,48.800000000000004,0.85,26.803,3,NOT_LISTED,True,,,,-7.0,42.5,17.75,13.166666666666666,0.5472091271312628,-0.06097849425660301,4.815502899877901
2026,5,2026_05_DET_ARI,00-0039139,Jahmyr Gibbs,RB,DET,ARI,rushing_yards,76.10407417214567,77.00479314370078,71.0,0.85,26.803,4,NOT_LISTED,True,,,,4.5,54.5,29.5,19.333333333333332,0.7693041526374861,-0.10036120248537686,4.198019791480521
2026,5,2026_05_HOU_TEN,00-0039163,C.J. Stroud,QB,HOU,TEN,rushing_yards,14.281181828645265,14.16609626899443,14.933333333333334,0.85,26.803,4,NOT_LISTED,True,,,,7.5,38.5,23.0,2.5,0.10163582977050468,-0.07001880708816585,3.596292987023465
2026,5,2026_05_SF_SEA,00-0039299,George Holani,RB,SEA,SF,rushing_yards,19.832658972601834,20.62665761482569,15.333333333333332,0.85,26.803,4,NOT_LISTED,True,,,,2.5,46.5,24.5,5.166666666666667,0.17529016876842962,0.04885395890306228,4.276404964767034
2026,5,2026_05_TB_DAL,00-0039361,Bucky Irving,RB,TB,DAL,rushing_yards,61.828460723555914,61.76289496888931,62.199999999999996,0.85,26.803,4,NOT_LISTED,True,,,,-8.5,47.5,19.5,15.166666666666666,0.5819937275985664,0.0034748111152853797,4.934382442400535
2026,5,2026_05_NYG_WAS,00-0039384,Tyrone Tracy Jr.,RB,NYG,WAS,rushing_yards,13.30142814273186,13.448738991449247,12.466666666666669,0.85,26.803,4,NOT_LISTED,True,,,,-3.5,43.5,20.0,6.0,0.18903071221619608,0.029551193879589422,4.427833395993826
2026,5,2026_05_DEN_LAC,00-0039391,Kimani Vidal,RB,LAC,DEN,rushing_yards,13.757075094974942,14.067147170558755,12.0,0.85,26.803,3,NOT_LISTED,True,,,,-3.5,42.5,19.5,4.333333333333333,0.15002161392247598,0.06420327580679752,4.654753391631252
2026,5,2026_05_HOU_TEN,00-0039603,British Brooks,RB,HOU,TEN,rushing_yards,10.29271661713563,9.1443724907478,16.8,0.85,26.803,1,NOT_LISTED,True,,,,7.5,38.5,23.0,2.1666666666666665,0.06770833333333333,-0.07001880708816585,3.596292987023465
2026,5,2026_05_DEN_LAC,00-0039732,Bo Nix,QB,DEN,LAC,rushing_yards,15.01022916279645,15.482622544466413,12.333333333333332,0.85,26.803,4,NOT_LISTED,True,,,,3.5,42.5,23.0,5.166666666666667,0.19479917260159194,-0.18055840185757804,3.5493515317552538
2026,5,2026_05_BUF_LA,00-0039738,Blake Corum,RB,LA,BUF,rushing_yards,38.94476976020094,39.193846776706984,37.53333333333333,0.85,26.803,4,NOT_LISTED,True,,,,2.5,54.5,28.5,8.666666666666666,0.32560390311756565,0.08090955219871246,4.636802773839063
2026,5,2026_05_PHI_JAX,00-0039746,Will Shipley,RB,PHI,JAX,rushing_yards,12.17755255376099,12.020650063248222,13.066666666666665,0.85,26.803,4,NOT_LISTED,True,,,,-7.0,42.5,17.75,3.0,0.10842114634877793,-0.07379740534197694,3.6983929850464294
2026,5,2026_05_CLE_NYJ,00-0039794,Braelon Allen,RB,NYJ,CLE,rushing_yards,37.67117319175538,39.424909637359264,27.733333333333334,0.85,26.803,4,NOT_LISTED,True,,,,2.5,39.5,21.0,7.166666666666667,0.34264141090990824,0.077189846089728,4.952126359816503
2026,5,2026_05_CLE_NYJ,00-0039798,Isaiah Davis,RB,NYJ,CLE,rushing_yards,8.002391318647343,8.508695668996873,5.133333333333334,0.85,26.803,3,NOT_LISTED,True,,,,2.5,39.5,21.0,2.5,0.08973214285714286,0.077189846089728,4.952126359816503
2026,5,2026_05_CHI_GB,00-0039811,MarShawn Lloyd,RB,GB,CHI,rushing_yards,28.59252152157685,30.730025319502175,16.479999999999997,0.85,26.803,4,NOT_LISTED,True,,,,-3.0,45.5,21.25,7.2,0.3580065887990416,0.023079004106420036,4.70839883335046
2026,5,2026_05_LV_NE,00-0039851,Drake Maye,QB,NE,LV,rushing_yards,27.781547147000893,27.201820172942227,31.066666666666666,0.85,26.803,4,NOT_LISTED,True,,,,3.5,45.5,24.5,5.166666666666667,0.1635788889583956,-0.10657202904169252,4.546613099085492
2026,5,2026_05_CIN_MIA,00-0039874,Jaylen Wright,RB,MIA,CIN,rushing_yards,14.3890904192356,14.787165199100706,12.133333333333333,0.85,26.803,3,NOT_LISTED,True,,,,-7.0,42.5,17.75,5.833333333333333,0.23506568144499176,-0.06097849425660301,4.815502899877901
2026,5,2026_05_BUF_LA,00-0039875,Ray Davis,RB,BUF,LA,rushing_yards,14.244529133610593,14.487681333659522,12.866666666666667,0.85,26.803,3,NOT_LISTED,True,,,,-2.5,54.5,26.0,4.5,0.11995707446790045,-0.007935755577792865,4.686384078884078
2026,5,2026_05_NYG_WAS,00-0039910,Jayden Daniels,QB,WAS,NYG,rushing_yards,33.13940927681557,31.905187384488904,40.13333333333333,0.85,26.803,2,NOT_LISTED,True,,,,3.5,43.5,23.5,7.333333333333333,0.2391642920219358,-0.04755900629483796,4.219459866637286
2026,5,2026_05_CHI_GB,00-0039918,Caleb Williams,QB,CHI,GB,rushing_yards,30.955249670870113,30.61794078925896,32.86666666666667,0.85,26.803,2,NOT_LISTED,True,,,,3.0,45.5,24.25,4.5,0.15113709468548178,-0.03722833188745785,4.3664215757799925
2026,5,2026_05_LV_NE,00-0040122,Ashton Jeanty,RB,LV,NE,rushing_yards,61.99963607648414,62.38780714880487,59.8,0.85,26.803,4,NOT_LISTED,True,,,,-3.5,45.5,21.0,20.0,0.7064810555471475,-0.0011950811828712743,4.4477226117986985
2026,5,2026_05_CHI_GB,00-0040142,Kaleb Johnson,RB,GB,CHI,rushing_yards,26.928459209542382,27.821716717108686,21.866666666666667,0.85,26.803,4,NOT_LISTED,True,,,,-3.0,45.5,21.25,4.0,0.23150599128540306,0.023079004106420036,4.70839883335046
2026,5,2026_05_CLE_NYJ,00-0040162,Dylan Sampson,RB,CLE,NYJ,rushing_yards,17.807409809212267,17.58518801083796,19.06666666666667,0.85,26.803,1,NOT_LISTED,True,,,,-2.5,39.5,18.5,5.666666666666667,0.22415969733174035,-0.13541173550296665,4.199079764980928
2026,5,2026_05_CIN_MIA,00-0040198,Ollie Gordon II,RB,MIA,CIN,rushing_yards,42.42095744251909,42.848185226493044,40.0,0.85,26.803,3,NOT_LISTED,True,,,,-7.0,42.5,17.75,6.5,0.25792494305842467,-0.06097849425660301,4.815502899877901
2026,5,2026_05_CHI_GB,00-0040236,Kyle Monangai,RB,CHI,GB,rushing_yards,62.14469043956587,60.781988752430436,69.86666666666667,0.85,26.803,4,NOT_LISTED,True,,,,3.0,45.5,24.25,12.333333333333334,0.3528717399685141,-0.03722833188745785,4.3664215757799925
2026,5,2026_05_NYG_WAS,00-0040242,Jacory Croskey-Merritt,RB,WAS,NYG,rushing_yards,47.65388416134234,49.32221666040275,38.2,0.85,26.803,4,NOT_LISTED,True,,,,3.5,43.5,23.5,13.333333333333334,0.4804023466371028,-0.04755900629483796,4.219459866637286
2026,5,2026_05_CLE_NYJ,00-0040466,Raheim Sanders,RB,CLE,NYJ,rushing_yards,13.122425390613198,13.461676930133175,11.2,0.85,26.803,4,NOT_LISTED,True,,,,-2.5,39.5,18.5,3.1666666666666665,0.12802530132240275,-0.13541173550296665,4.199079764980928
2026,5,2026_05_LV_NE,00-0040556,Corey Kiner,RB,NE,LV,rushing_yards,12.536942910647127,13.596403424290738,6.533333333333333,0.85,26.803,4,NOT_LISTED,True,,,,3.5,45.5,24.5,3.0,0.12877821103627554,-0.10657202904169252,4.546613099085492
2026,5,2026_05_HOU_TEN,00-0040583,Woody Marks,RB,HOU,TEN,rushing_yards,29.35639886495665,30.525175135243117,22.733333333333334,0.85,26.803,4,NOT_LISTED,True,,,,7.5,38.5,23.0,9.5,0.3584837809392763,-0.07001880708816585,3.596292987023465
2026,5,2026_05_DEN_LAC,00-0040666,Omarion Hampton,RB,LAC,DEN,rushing_yards,56.26411097002632,55.16954231767802,62.46666666666667,0.85,26.803,4,NOT_LISTED,True,,,,-3.5,42.5,19.5,14.833333333333334,0.538059163059163,0.06420327580679752,4.654753391631252
2026,5,2026_05_CLE_NYJ,00-0040668,Shedeur Sanders,QB,CLE,NYJ,rushing_yards,13.01598104951124,11.948212999424989,19.066666666666666,0.85,26.803,1,NOT_LISTED,True,,,,-2.5,39.5,18.5,2.6666666666666665,0.11483870967741937,-0.13541173550296665,4.199079764980928
2026,5,2026_05_HOU_TEN,00-0040676,Cam Ward,QB,TEN,HOU,rushing_yards,14.560005339102085,14.941182751884808,12.399999999999999,0.85,26.803,4,NOT_LISTED,True,,,,-7.5,38.5,15.5,2.8333333333333335,0.13363370849759235,-0.08124408198778915,3.5673402359938127
2026,5,2026_05_NYG_WAS,00-0040691,Jaxson Dart,QB,NYG,WAS,rushing_yards,25.56422837432728,24.640268675679152,30.8,0.85,26.803,2,NOT_LISTED,True,,,,-3.5,43.5,20.0,6.0,0.18681356203255536,0.029551193879589422,4.427833395993826
2026,5,2026_05_NYG_WAS,00-0040715,Cam Skattebo,RB,NYG,WAS,rushing_yards,52.601228557668534,52.836739479610046,51.266666666666666,0.85,26.803,4,NOT_LISTED,True,,,,-3.5,43.5,20.0,14.5,0.4916149916149916,0.029551193879589422,4.427833395993826
2026,5,2026_05_PHI_JAX,00-0040719,Bhayshul Tuten,RB,JAX,PHI,rushing_yards,64.32295406244646,64.61524007346642,62.666666666666664,0.85,26.803,4,NOT_LISTED,True,,,,7.0,42.5,24.75,11.0,0.3975694444444444,-0.014883556671813984,3.7941509904099266
2026,5,2026_05_DEN_LAC,00-0040730,RJ Harvey,RB,DEN,LAC,rushing_yards,23.386846278478657,23.784525033504302,21.133333333333333,0.85,26.803,3,NOT_LISTED,True,,,,3.5,42.5,23.0,8.0,0.32188624863435106,-0.18055840185757804,3.5493515317552538
2026,5,2026_05_LV_NE,00-0040734,TreVeyon Henderson,RB,NE,LV,rushing_yards,47.70376907176266,47.863257731485476,46.8,0.85,26.803,3,NOT_LISTED,True,,,,3.5,45.5,24.5,12.5,0.40110715040382555,-0.10657202904169252,4.546613099085492
2026,5,2026_05_MIN_NO,00-0040743,Tyler Shough,QB,NO,MIN,rushing_yards,17.332625364734913,16.814853370276367,20.266666666666666,0.85,26.803,4,NOT_LISTED,True,,,,-1.5,42.5,20.5,3.8333333333333335,0.153934739300872,-0.14288762218624212,3.981380325582217
2026,5,2026_05_CLE_NYJ,00-0040784,Quinshon Judkins,RB,CLE,NYJ,rushing_yards,52.64646455463392,54.266428887804615,43.46666666666666,0.85,26.803,4,NOT_LISTED,True,,,,-2.5,39.5,18.5,13.166666666666666,0.5508146369413317,-0.13541173550296665,4.199079764980928
2026,5,2026_05_LV_NE,00-0040878,Mike Washington Jr.,RB,LV,NE,rushing_yards,24.555732715808354,23.983214959774536,27.799999999999997,0.85,26.803,4,NOT_LISTED,True,,,,-3.5,45.5,21.0,6.0,0.20599412409757237,-0.0011950811828712743,4.4477226117986985
2026,5,2026_05_HOU_TEN,00-0040886,Nicholas Singleton,RB,TEN,HOU,rushing_yards,10.384260357125681,11.157953361324331,6.0,0.85,26.803,2,NOT_LISTED,True,,,,-7.5,38.5,15.5,3.5,0.126657824933687,-0.08124408198778915,3.5673402359938127
2026,5,2026_05_DET_ARI,00-0041027,Jeremiyah Love,RB,ARI,DET,rushing_yards,58.804516812921975,58.82296095637879,58.7,0.85,26.803,4,NOT_LISTED,True,,,,-4.5,54.5,25.0,13.75,0.5422951231774761,0.060631655684037736,5.015310018340871
2026,5,2026_05_SF_SEA,00-0041052,Kaelon Black,RB,SF,SEA,rushing_yards,26.423236809464925,27.02733742289991,23.0,0.85,26.803,4,NOT_LISTED,True,,,,-2.5,46.5,22.0,7.75,0.2678168852081895,-0.17485011382614163,3.699234030615968
2026,5,2026_05_NYG_WAS,00-0041096,Kaytron Allen,RB,WAS,NYG,rushing_yards,16.498132896401522,16.9978034075312,13.666666666666666,0.85,26.803,3,NOT_LISTED,True,,,,3.5,43.5,23.5,4.0,0.13920454545454544,-0.04755900629483796,4.219459866637286
2026,5,2026_05_MIN_NO,00-0041104,Demond Claiborne,RB,MIN,NO,rushing_yards,8.55164241300823,9.296049897656742,4.333333333333333,0.85,26.803,3,NOT_LISTED,True,,,,1.5,42.5,22.0,2.0,0.07573632538569425,-0.048380387965520404,4.133167000263774
2026,5,2026_05_IND_PIT,00-0041125,Seth McGowan,RB,IND,PIT,rushing_yards,12.459922593754118,12.27637952206367,13.5,0.85,26.803,4,NOT_LISTED,True,,,,-2.5,44.5,21.0,3.0,0.09788306451612903,-0.1259101344399286,3.8586179915514593
2026,5,2026_05_TB_DAL,00-0041251,Jalon Daniels,QB,TB,DAL,rushing_yards,25.46202457415943,24.308264204893444,32.0,0.85,26.803,2,NOT_LISTED,True,,,,-8.5,47.5,19.5,4.5,0.15284178187403993,0.0034748111152853797,4.934382442400535
2026,5,2026_05_DEN_LAC,00-0041496,Jonah Coleman,RB,DEN,LAC,rushing_yards,20.190760840257056,20.312659812067125,19.5,0.85,26.803,2,NOT_LISTED,True,,,,3.5,42.5,23.0,5.0,0.17857142857142858,-0.18055840185757804,3.5493515317552538
2026,5,2026_05_SF_SEA,00-0041512,Jadarian Price,RB,SEA,SF,rushing_yards,37.25635156845676,36.83100184524324,39.666666666666664,0.85,26.803,3,NOT_LISTED,True,,,,2.5,46.5,24.5,9.333333333333334,0.3524410774410775,0.04885395890306228,4.276404964767034
2026,5,2026_05_SF_SEA,00-0029892,Kyle Juszczyk,FB,SF,SEA,receptions,1.374798110260937,1.374798110260937,1.3333333333333333,1.0,1.921,3,NOT_LISTED,True,,,,-2.5,46.5,22.0,1.8333333333333333,0.06858685163282864,-0.16750320090578563,4.853633370597656
2026,5,2026_05_PHI_JAX,00-0030061,Zach Ertz,TE,PHI,JAX,receptions,2.9397324000764877,2.9397324000764877,2.2666666666666666,1.0,1.921,2,NOT_LISTED,True,,,,-7.0,42.5,17.75,5.666666666666667,0.18867061418785555,-0.1702104653983672,6.506935146166645
2026,5,2026_05_IND_PIT,00-0030279,Keenan Allen,WR,IND,PIT,receptions,4.05029598407201,4.05029598407201,4.333333333333333,1.0,1.921,3,NOT_LISTED,True,,,,-2.5,44.5,21.0,6.833333333333333,0.20802616013522868,0.057264015361963495,7.74546796679198
2026,5,2026_05_NYG_WAS,00-0031235,Odell Beckham Jr.,WR,NYG,WAS,receptions,1.0718355187279247,1.0718355187279247,0.8,1.0,1.921,1,NOT_LISTED,True,,,,-3.5,43.5,20.0,2.1666666666666665,0.062338969404186796,0.07475384034366883,6.652420774334399
2026,5,2026_05_SF_SEA,00-0031236,Brandin Cooks,WR,SF,SEA,receptions,1.3172197423731915,1.3172197423731915,1.2666666666666666,1.0,1.921,1,NOT_LISTED,True,,,,-2.5,46.5,22.0,2.5,0.09261989537476795,-0.16750320090578563,4.853633370597656
2026,5,2026_05_BUF_LA,00-0031381,Davante Adams,WR,LA,BUF,receptions,4.7786184703550525,4.7786184703550525,5.8,1.0,1.921,4,NOT_LISTED,True,,,,2.5,54.5,28.5,8.833333333333334,0.23854202839407787,-0.05548814477474302,5.635218445130121
2026,5,2026_05_SF_SEA,00-0031408,Mike Evans,WR,SF,SEA,receptions,3.696403120425812,3.696403120425812,3.6666666666666665,1.0,1.921,4,NOT_LISTED,True,,,,-2.5,46.5,22.0,5.5,0.18422846592217787,-0.16750320090578563,4.853633370597656
2026,5,2026_05_NYG_WAS,00-0031588,Stefon Diggs,WR,WAS,NYG,receptions,4.333751489908285,4.333751489908285,4.6000000000000005,1.0,1.921,4,NOT_LISTED,True,,,,3.5,43.5,23.5,6.666666666666667,0.2266914581924724,-0.0602493268192795,6.557376277275174
2026,5,2026_05_CLE_NYJ,00-0032385,Sterling Shepard,WR,NYJ,CLE,receptions,1.2949762845036032,1.2949762845036032,1.0666666666666667,1.0,1.921,2,NOT_LISTED,True,,,,2.5,39.5,21.0,2.5,0.09225955247460625,-0.03963762558831056,6.4160206737003325
2026,5,2026_05_BAL_ATL,00-0032392,Austin Hooper,TE,ATL,BAL,receptions,1.8365261154263846,1.8365261154263846,1.6666666666666667,1.0,1.921,3,NOT_LISTED,True,,,,3.5,43.5,23.5,2.3333333333333335,0.0818711458402903,0.10817347811480696,6.968386705619937
2026,5,2026_05_BAL_ATL,00-0032398,Chris Moore,WR,BAL,ATL,receptions,1.3191463397029706,1.3191463397029706,1.0,1.0,1.921,3,NOT_LISTED,True,,,,-3.5,43.5,20.0,2.0,0.07613574165298302,0.006540530234941402,6.330753093163383
2026,5,2026_05_CHI_GB,00-0032464,Kalif Raymond,WR,CHI,GB,receptions,3.7656379381838025,3.7656379381838025,4.266666666666667,1.0,1.921,4,NOT_LISTED,True,,,,3.0,45.5,24.25,4.666666666666667,0.15591964089477664,0.18713215734884686,6.853471408765526
2026,5,2026_05_SF_SEA,00-0032775,Demarcus Robinson,WR,SF,SEA,receptions,2.217787634606974,2.217787634606974,2.533333333333333,1.0,1.921,2,NOT_LISTED,True,,,,-2.5,46.5,22.0,2.6666666666666665,0.09531354629393844,-0.16750320090578563,4.853633370597656
2026,5,2026_05_IND_PIT,00-0032951,Laquon Treadwell,WR,IND,PIT,receptions,1.8996371525000897,1.8996371525000897,2.4,1.0,1.921,4,NOT_LISTED,True,,,,-2.5,44.5,21.0,1.8333333333333333,0.0616584564860427,0.057264015361963495,7.74546796679198
2026,5,2026_05_LV_NE,00-0033090,Hunter Henry,TE,NE,LV,receptions,2.924962897822997,2.924962897822997,3.1333333333333333,1.0,1.921,4,NOT_LISTED,True,,,,3.5,45.5,24.5,3.8333333333333335,0.15173749786653012,0.030376162500259474,6.575533731619258
2026,5,2026_05_BUF_LA,00-0033110,Tyler Higbee,TE,LA,BUF,receptions,3.2968728346951175,3.2968728346951175,4.6,1.0,1.921,3,NOT_LISTED,True,,,,2.5,54.5,28.5,5.0,0.12383923339105413,-0.05548814477474302,5.635218445130121
2026,5,2026_05_IND_PIT,00-0033217,Mo Alie-Cox,TE,IND,PIT,receptions,1.4725308808051178,1.4725308808051178,2.066666666666667,1.0,1.921,1,NOT_LISTED,True,,,,-2.5,44.5,21.0,2.1666666666666665,0.06610016687880982,0.057264015361963495,7.74546796679198
2026,5,2026_05_SF_SEA,00-0033280,Christian McCaffrey,RB,SF,SEA,receptions,4.077150441656543,4.077150441656543,3.933333333333333,1.0,1.921,4,NOT_LISTED,True,,,,-2.5,46.5,22.0,5.833333333333333,0.20526153910197178,-0.16750320090578563,4.853633370597656
2026,5,2026_05_SF_SEA,00-0033288,George Kittle,TE,SF,SEA,receptions,4.52228776797866,4.52228776797866,4.666666666666667,1.0,1.921,4,NOT_LISTED,True,,,,-2.5,46.5,22.0,6.166666666666667,0.2192243061073352,-0.16750320090578563,4.853633370597656
2026,5,2026_05_MIN_NO,00-0033293,Aaron Jones,RB,MIN,NO,receptions,2.735872073361758,2.735872073361758,2.7333333333333334,1.0,1.921,4,NOT_LISTED,True,,,,1.5,42.5,22.0,3.6666666666666665,0.15700859526946484,0.05799804953246461,6.3957924614525155
2026,5,2026_05_DET_ARI,00-0033307,Kendrick Bourne,WR,ARI,DET,receptions,3.0967938148148804,3.0967938148148804,3.466666666666667,1.0,1.921,3,NOT_LISTED,True,,,,-4.5,54.5,25.0,3.5,0.10174267507600843,0.10266819289671897,6.649415599289252
2026,5,2026_05_CIN_MIA,00-0033526,Samaje Perine,RB,CIN,MIA,receptions,1.3848336604735878,1.3848336604735878,1.0,1.0,1.921,4,NOT_LISTED,True,,,,7.0,42.5,24.75,2.1666666666666665,0.05933475874015436,0.37047209523101876,8.518959598393305
2026,5,2026_05_LV_NE,00-0033555,Mack Hollins,WR,NE,LV,receptions,3.449457422985798,3.449457422985798,3.933333333333333,1.0,1.921,4,NOT_LISTED,True,,,,3.5,45.5,24.5,6.166666666666667,0.20759360114198824,0.030376162500259474,6.575533731619258
2026,5,2026_05_NYG_WAS,00-0033699,Austin Ekeler,RB,WAS,NYG,receptions,2.1469921390405817,2.1469921390405817,2.4000000000000004,1.0,1.921,1,NOT_LISTED,True,,,,3.5,43.5,23.5,3.8333333333333335,0.11585929870032304,-0.0602493268192795,6.557376277275174
2026,5,2026_05_CHI_GB,00-0033858,Jonnu Smith,TE,GB,CHI,receptions,1.7818313469233056,1.7818313469233056,1.7333333333333334,1.0,1.921,3,NOT_LISTED,True,,,,-3.0,45.5,21.25,2.5,0.06234372213474381,-0.01895787938530588,6.953186625820897
2026,5,2026_05_DEN_LAC,00-0033881,Evan Engram,TE,DEN,LAC,receptions,2.0126434028314386,2.0126434028314386,1.2666666666666666,1.0,1.921,4,NOT_LISTED,True,,,,3.5,42.5,23.0,3.5,0.11629736196548716,0.014659545510640023,7.0233970311899006
2026,5,2026_05_DEN_LAC,00-0033885,David Njoku,TE,LAC,DEN,receptions,2.1738854679828346,2.1738854679828346,2.2,1.0,1.921,2,NOT_LISTED,True,,,,-3.5,42.5,19.5,2.5,0.09272368529710252,-0.09455846420832109,5.655602398576912
2026,5,2026_05_MIN_NO,00-0033906,Alvin Kamara,RB,NO,MIN,receptions,2.555861566497715,2.555861566497715,3.333333333333333,1.0,1.921,3,NOT_LISTED,True,,,,-1.5,42.5,20.5,3.6666666666666665,0.10805540225072635,-0.3888597580555023,5.012554235853738
2026,5,2026_05_SF_SEA,00-0033908,Cooper Kupp,WR,SEA,SF,receptions,2.166499351883811,2.166499351883811,2.2,1.0,1.921,4,NOT_LISTED,True,,,,2.5,46.5,24.5,3.0,0.1073005698005698,0.11454549228960391,6.4571042068773465
2026,5,2026_05_TB_DAL,00-0033921,Chris Godwin Jr.,WR,TB,DAL,receptions,3.5371604460513097,3.5371604460513097,4.0,1.0,1.921,4,NOT_LISTED,True,,,,-8.5,47.5,19.5,4.5,0.14164107497440834,0.4705700307419768,8.505812817154585
2026,5,2026_05_DEN_LAC,00-0034272,Marquez Valdes-Scantling,WR,LAC,DEN,receptions,1.3143514260589795,1.3143514260589795,1.6666666666666667,1.0,1.921,2,NOT_LISTED,True,,,,-3.5,42.5,19.5,3.6666666666666665,0.09681327543523355,-0.09455846420832109,5.655602398576912
2026,5,2026_05_DEN_LAC,00-0034348,Courtland Sutton,WR,DEN,LAC,receptions,2.958896601127148,2.958896601127148,2.3333333333333335,1.0,1.921,4,NOT_LISTED,True,,,,3.5,42.5,23.0,5.666666666666667,0.17734070002205884,0.014659545510640023,7.0233970311899006
2026,5,2026_05_PHI_JAX,00-0034351,Dallas Goedert,TE,PHI,JAX,receptions,3.5868945010664364,3.5868945010664364,3.2666666666666666,1.0,1.921,2,NOT_LISTED,True,,,,-7.0,42.5,17.75,5.5,0.21905309814992746,-0.1702104653983672,6.506935146166645
2026,5,2026_05_LV_NE,00-0034365,Ian Thomas,TE,LV,NE,receptions,1.3809264003111772,1.3809264003111772,1.7333333333333334,1.0,1.921,2,NOT_LISTED,True,,,,-3.5,45.5,21.0,1.8333333333333333,0.052318610508265674,0.004219220760639311,6.117619428407968
2026,5,2026_05_HOU_TEN,00-0034383,Dalton Schultz,TE,HOU,TEN,receptions,3.999476708704041,3.999476708704041,5.266666666666667,1.0,1.921,4,NOT_LISTED,True,,,,7.5,38.5,23.0,5.833333333333333,0.164973764973765,0.24441872834061978,7.830497322051736
2026,5,2026_05_CIN_MIA,00-0034613,Tanner Hudson,TE,CIN,MIA,receptions,1.4229173250608755,1.4229173250608755,1.4666666666666668,1.0,1.921,3,NOT_LISTED,True,,,,7.0,42.5,24.75,2.0,0.0556811262165528,0.37047209523101876,8.518959598393305
2026,5,2026_05_BAL_ATL,00-0034753,Mark Andrews,TE,BAL,ATL,receptions,3.8465866709164356,3.8465866709164356,4.4,1.0,1.921,4,NOT_LISTED,True,,,,-3.5,43.5,20.0,5.166666666666667,0.22079107505070994,0.006540530234941402,6.330753093163383
2026,5,2026_05_BUF_LA,00-0034827,DJ Moore,WR,BUF,LA,receptions,3.013598178425658,3.013598178425658,2.3333333333333335,1.0,1.921,4,NOT_LISTED,True,,,,-2.5,54.5,26.0,4.5,0.15716811923708476,-0.019494050470675803,5.847637476043049
2026,5,2026_05_CIN_MIA,00-0034829,Mike Gesicki,TE,CIN,MIA,receptions,3.0388234210193126,3.0388234210193126,3.4,1.0,1.921,3,NOT_LISTED,True,,,,7.0,42.5,24.75,3.8333333333333335,0.10392882571361868,0.37047209523101876,8.518959598393305
2026,5,2026_05_HOU_TEN,00-0034837,Calvin Ridley,WR,TEN,HOU,receptions,1.5422443705899487,1.5422443705899487,1.2666666666666666,1.0,1.921,3,NOT_LISTED,True,,,,-7.5,38.5,15.5,2.8333333333333335,0.09085114526290998,0.052055391330253976,7.170065462152156
2026,5,2026_05_PHI_JAX,00-0034844,Saquon Barkley,RB,PHI,JAX,receptions,1.3012435277592385,1.3012435277592385,0.8666666666666667,1.0,1.921,4,NOT_LISTED,True,,,,-7.0,42.5,17.75,1.5,0.056449689593705825,-0.1702104653983672,6.506935146166645
2026,5,2026_05_PHI_JAX,00-0034960,Jakobi Meyers,WR,JAX,PHI,receptions,3.118163904546156,3.118163904546156,3.8,1.0,1.921,4,NOT_LISTED,True,,,,7.0,42.5,24.75,5.0,0.1729922251778259,-0.07329098310499965,5.82452472983406
2026,5,2026_05_HOU_TEN,00-0034981,Foster Moreau,TE,HOU,TEN,receptions,1.6183417106197937,1.6183417106197937,1.6,1.0,1.921,4,NOT_LISTED,True,,,,7.5,38.5,23.0,1.8333333333333333,0.06063203137671223,0.24441872834061978,7.830497322051736
2026,5,2026_05_IND_PIT,00-0035021,Ashton Dulin,WR,IND,PIT,receptions,1.7083756750591863,1.7083756750591863,0.8666666666666667,1.0,1.921,2,NOT_LISTED,True,,,,-2.5,44.5,21.0,1.6666666666666667,0.05570723924450286,0.057264015361963495,7.74546796679198
2026,5,2026_05_BAL_ATL,00-0035208,Olamide Zaccheaus,WR,ATL,BAL,receptions,1.4947730846960066,1.4947730846960066,1.0,1.0,1.921,4,NOT_LISTED,True,,,,3.5,43.5,23.5,2.5,0.09498119974157422,0.10817347811480696,6.968386705619937
2026,5,2026_05_MIN_NO,00-0035229,T.J. Hockenson,TE,MIN,NO,receptions,4.550881470391938,4.550881470391938,5.3999999999999995,1.0,1.921,4,NOT_LISTED,True,,,,1.5,42.5,22.0,5.333333333333333,0.20561143471326537,0.05799804953246461,6.3957924614525155
2026,5,2026_05_MIN_NO,00-0035249,Josh Oliver,TE,MIN,NO,receptions,1.539340544574706,1.539340544574706,1.1333333333333333,1.0,1.921,3,NOT_LISTED,True,,,,1.5,42.5,22.0,2.0,0.09441720242635572,0.05799804953246461,6.3957924614525155
2026,5,2026_05_NYG_WAS,00-0035250,Devin Singletary,RB,NYG,WAS,receptions,1.5776201489936974,1.5776201489936974,1.4666666666666668,1.0,1.921,2,NOT_LISTED,True,,,,-3.5,43.5,20.0,1.8333333333333333,0.06863548727772865,0.07475384034366883,6.652420774334399
2026,5,2026_05_HOU_TEN,00-0035261,Tony Pollard,RB,TEN,HOU,receptions,2.045330684817882,2.045330684817882,2.2666666666666666,1.0,1.921,4,NOT_LISTED,True,,,,-7.5,38.5,15.5,2.6666666666666665,0.08924115100585688,0.052055391330253976,7.170065462152156
2026,5,2026_05_DEN_LAC,00-0035406,Lil'Jordan Humphrey,WR,DEN,LAC,receptions,1.2790515714831328,1.2790515714831328,1.2000000000000002,1.0,1.921,1,NOT_LISTED,True,,,,3.5,42.5,23.0,2.6666666666666665,0.07411421698536862,0.014659545510640023,7.0233970311899006
2026,5,2026_05_BUF_LA,00-0035500,Greg Dortch,WR,BUF,LA,receptions,0.7395619442205295,0.7395619442205295,0.5333333333333333,1.0,1.921,4,NOT_LISTED,True,,,,-2.5,54.5,26.0,1.8333333333333333,0.041617704661182926,-0.019494050470675803,5.847637476043049
2026,5,2026_05_BUF_LA,00-0035537,Ty Johnson,RB,BUF,LA,receptions,2.3096437256733218,2.3096437256733218,2.533333333333333,1.0,1.921,2,NOT_LISTED,True,,,,-2.5,54.5,26.0,2.5,0.08808968808968809,-0.019494050470675803,5.847637476043049
2026,5,2026_05_CIN_MIA,00-0035631,Drew Sample,TE,CIN,MIA,receptions,2.0368779303421465,2.0368779303421465,2.2,1.0,1.921,2,NOT_LISTED,True,,,,7.0,42.5,24.75,2.1666666666666665,0.06193523858059961,0.37047209523101876,8.518959598393305
2026,5,2026_05_IND_PIT,00-0035640,DK Metcalf,WR,PIT,IND,receptions,3.860407628194488,3.860407628194488,3.9333333333333336,1.0,1.921,4,NOT_LISTED,True,,,,2.5,44.5,23.5,7.5,0.20892104720627644,0.1407783793769441,7.5267548099021315
2026,5,2026_05_MIN_NO,00-0035644,Noah Fant,TE,NO,MIN,receptions,1.9215190777083815,1.9215190777083815,2.2666666666666666,1.0,1.921,3,NOT_LISTED,True,,,,-1.5,42.5,20.5,2.6666666666666665,0.06100342152973731,-0.3888597580555023,5.012554235853738
2026,5,2026_05_NYG_WAS,00-0035659,Terry McLaurin,WR,WAS,NYG,receptions,3.966159696052273,3.966159696052273,3.466666666666667,1.0,1.921,3,NOT_LISTED,True,,,,3.5,43.5,23.5,6.166666666666667,0.24108276099308446,-0.0602493268192795,6.557376277275174
2026,5,2026_05_PHI_JAX,00-0035662,Marquise Brown,WR,PHI,JAX,receptions,1.4304710421515163,1.4304710421515163,1.4666666666666668,1.0,1.921,1,NOT_LISTED,True,,,,-7.0,42.5,17.75,2.6666666666666665,0.10297152560083596,-0.1702104653983672,6.506935146166645
2026,5,2026_05_LV_NE,00-0035676,A.J. Brown,WR,NE,LV,receptions,4.841407147578302,4.841407147578302,5.733333333333333,1.0,1.921,1,NOT_LISTED,True,,,,3.5,45.5,24.5,8.333333333333334,0.28570392566060265,0.030376162500259474,6.575533731619258
2026,5,2026_05_HOU_TEN,00-0035685,David Montgomery,RB,HOU,TEN,receptions,1.1090521823942407,1.1090521823942407,1.4666666666666668,1.0,1.921,4,NOT_LISTED,True,,,,7.5,38.5,23.0,1.6666666666666667,0.04963739601670636,0.24441872834061978,7.830497322051736
2026,5,2026_05_BUF_LA,00-0035689,Dawson Knox,TE,BUF,LA,receptions,1.4313473946069684,1.4313473946069684,1.8666666666666667,1.0,1.921,4,NOT_LISTED,True,,,,-2.5,54.5,26.0,2.1666666666666665,0.07253579753579753,-0.019494050470675803,5.847637476043049
2026,5,2026_05_SF_SEA,00-0035719,Deebo Samuel Sr.,WR,SF,SEA,receptions,3.3682216987978837,3.3682216987978837,2.8,1.0,1.921,4,NOT_LISTED,True,,,,-2.5,46.5,22.0,4.333333333333333,0.17614819672575624,-0.16750320090578563,4.853633370597656
2026,5,2026_05_LV_NE,00-0035891,Cody White,WR,LV,NE,receptions,1.6179110869876596,1.6179110869876596,1.4,1.0,1.921,4,NOT_LISTED,True,,,,-3.5,45.5,21.0,1.8333333333333333,0.053352490421455935,0.004219220760639311,6.117619428407968
2026,5,2026_05_MIN_NO,00-0036040,Juwan Johnson,TE,NO,MIN,receptions,3.863833436344324,3.863833436344324,5.466666666666667,1.0,1.921,4,NOT_LISTED,True,,,,-1.5,42.5,20.5,6.0,0.15417252037506524,-0.3888597580555023,5.012554235853738
2026,5,2026_05_IND_PIT,00-0036139,Rico Dowdle,RB,PIT,IND,receptions,2.0704374761535416,2.0704374761535416,2.1333333333333333,1.0,1.921,2,NOT_LISTED,True,,,,2.5,44.5,23.5,3.5,0.1229165801746447,0.1407783793769441,7.5267548099021315
2026,5,2026_05_IND_PIT,00-0036223,Jonathan Taylor,RB,IND,PIT,receptions,2.732815896259502,2.732815896259502,2.4000000000000004,1.0,1.921,4,NOT_LISTED,True,,,,-2.5,44.5,21.0,3.8333333333333335,0.12706871672388917,0.057264015361963495,7.74546796679198
2026,5,2026_05_BUF_LA,00-0036244,Colby Parkinson,TE,LA,BUF,receptions,2.001829347801748,2.001829347801748,1.6,1.0,1.921,3,NOT_LISTED,True,,,,2.5,54.5,28.5,3.8333333333333335,0.10468597849550232,-0.05548814477474302,5.635218445130121
2026,5,2026_05_IND_PIT,00-0036252,Michael Pittman,WR,PIT,IND,receptions,2.3265013564613213,2.3265013564613213,2.4000000000000004,1.0,1.921,3,NOT_LISTED,True,,,,2.5,44.5,23.5,4.0,0.1180807986981513,0.1407783793769441,7.5267548099021315
2026,5,2026_05_MIN_NO,00-0036259,Jauan Jennings,WR,MIN,NO,receptions,1.4523799151157313,1.4523799151157313,1.2666666666666666,1.0,1.921,3,NOT_LISTED,True,,,,1.5,42.5,22.0,3.3333333333333335,0.11317230273752012,0.05799804953246461,6.3957924614525155
2026,5,2026_05_CHI_GB,00-0036275,D'Andre Swift,RB,CHI,GB,receptions,2.150960116730446,2.150960116730446,2.6666666666666665,1.0,1.921,4,NOT_LISTED,True,,,,3.0,45.5,24.25,2.6666666666666665,0.08396137040709443,0.18713215734884686,6.853471408765526
2026,5,2026_05_CHI_GB,00-0036290,Cole Kmet,TE,CHI,GB,receptions,1.383653699834615,1.383653699834615,0.9333333333333333,1.0,1.921,4,NOT_LISTED,True,,,,3.0,45.5,24.25,2.1666666666666665,0.07050286587353917,0.18713215734884686,6.853471408765526
2026,5,2026_05_NYG_WAS,00-0036309,Darnell Mooney,WR,NYG,WAS,receptions,1.9029129981104598,1.9029129981104598,1.5333333333333332,1.0,1.921,4,NOT_LISTED,True,,,,-3.5,43.5,20.0,3.3333333333333335,0.12631191844553916,0.07475384034366883,6.652420774334399
2026,5,2026_05_MIN_NO,00-0036322,Justin Jefferson,WR,MIN,NO,receptions,4.799758617965453,4.799758617965453,4.666666666666666,1.0,1.921,3,NOT_LISTED,True,,,,1.5,42.5,22.0,6.833333333333333,0.3097882387127238,0.05799804953246461,6.3957924614525155
2026,5,2026_05_TB_DAL,00-0036358,CeeDee Lamb,WR,DAL,TB,receptions,7.0609329161474985,7.0609329161474985,9.266666666666666,1.0,1.921,4,NOT_LISTED,True,,,,8.5,47.5,28.0,9.5,0.26110289649707114,0.1228007875639109,6.872865604575163
2026,5,2026_05_CLE_NYJ,00-0036407,Jerry Jeudy,WR,CLE,NYJ,receptions,2.3590551369410973,2.3590551369410973,2.0,1.0,1.921,3,NOT_LISTED,True,,,,-2.5,39.5,18.5,4.166666666666667,0.1740451443349994,0.3799893147280837,7.608999241572034
2026,5,2026_05_CIN_MIA,00-0036410,Tee Higgins,WR,CIN,MIA,receptions,5.472035811746226,5.472035811746226,6.7333333333333325,1.0,1.921,4,NOT_LISTED,True,,,,7.0,42.5,24.75,8.833333333333334,0.22974741196948553,0.37047209523101876,8.518959598393305
2026,5,2026_05_DEN_LAC,00-0036422,Adam Trautman,TE,DEN,LAC,receptions,1.6619512582770533,1.6619512582770533,1.5333333333333332,1.0,1.921,2,NOT_LISTED,True,,,,3.5,42.5,23.0,2.5,0.06754619288545104,0.014659545510640023,7.0233970311899006
2026,5,2026_05_BAL_ATL,00-0036550,Rashod Bateman,WR,BAL,ATL,receptions,2.3251015695193082,2.3251015695193082,3.0,1.0,1.921,4,NOT_LISTED,True,,,,-3.5,43.5,20.0,3.0,0.12016283524904216,0.006540530234941402,6.330753093163383
2026,5,2026_05_HOU_TEN,00-0036554,Nico Collins,WR,HOU,TEN,receptions,5.272505268209034,5.272505268209034,5.266666666666667,1.0,1.921,2,NOT_LISTED,True,,,,7.5,38.5,23.0,7.166666666666667,0.24110951071735387,0.24441872834061978,7.830497322051736
2026,5,2026_05_HOU_TEN,00-0036556,Brevin Jordan,TE,HOU,TEN,receptions,1.2257248347152012,1.2257248347152012,1.1333333333333333,1.0,1.921,1,NOT_LISTED,True,,,,7.5,38.5,23.0,1.6666666666666667,0.04813622098963655,0.24441872834061978,7.830497322051736
2026,5,2026_05_DEN_LAC,00-0036613,Jaylen Waddle,WR,DEN,LAC,receptions,4.095215215654078,4.095215215654078,4.4,1.0,1.921,4,NOT_LISTED,True,,,,3.5,42.5,23.0,6.0,0.19923987646896144,0.014659545510640023,7.0233970311899006
2026,5,2026_05_NYG_WAS,00-0036626,Dyami Brown,WR,WAS,NYG,receptions,1.6930215250540384,1.6930215250540384,1.9333333333333336,1.0,1.921,4,NOT_LISTED,True,,,,3.5,43.5,23.5,2.3333333333333335,0.07035643573954116,-0.0602493268192795,6.557376277275174
2026,5,2026_05_DET_ARI,00-0036754,Brock Wright,TE,DET,ARI,receptions,1.504761930326859,1.504761930326859,1.2000000000000002,1.0,1.921,4,NOT_LISTED,True,,,,4.5,54.5,29.5,2.6666666666666665,0.0715134072144958,0.37095700328721865,7.892248430205748
2026,5,2026_05_BUF_LA,00-0036849,Tutu Atwell,WR,LA,BUF,receptions,1.2579529289566076,1.2579529289566076,1.0,1.0,1.921,2,NOT_LISTED,True,,,,2.5,54.5,28.5,2.1666666666666665,0.0558522710353374,-0.05548814477474302,5.635218445130121
2026,5,2026_05_LV_NE,00-0036875,Rhamondre Stevenson,RB,NE,LV,receptions,2.697378052276297,2.697378052276297,2.666666666666667,1.0,1.921,4,NOT_LISTED,True,,,,3.5,45.5,24.5,3.8333333333333335,0.13794589520395972,0.030376162500259474,6.575533731619258
2026,5,2026_05_IND_PIT,00-0036894,Pat Freiermuth,TE,PIT,IND,receptions,3.05661714489188,3.05661714489188,3.1333333333333333,1.0,1.921,4,NOT_LISTED,True,,,,2.5,44.5,23.5,4.833333333333333,0.1293798592185689,0.1407783793769441,7.5267548099021315
2026,5,2026_05_CIN_MIA,00-0036900,Ja'Marr Chase,WR,CIN,MIA,receptions,4.8465964413846,4.8465964413846,6.2,1.0,1.921,4,NOT_LISTED,True,,,,7.0,42.5,24.75,7.833333333333333,0.2207971508070059,0.37047209523101876,8.518959598393305
2026,5,2026_05_PHI_JAX,00-0036912,DeVonta Smith,WR,PHI,JAX,receptions,5.059777541134151,5.059777541134151,5.8,1.0,1.921,3,NOT_LISTED,True,,,,-7.0,42.5,17.75,7.333333333333333,0.2659770114942529,-0.1702104653983672,6.506935146166645
2026,5,2026_05_TB_DAL,00-0036919,Kenny Gainwell,RB,TB,DAL,receptions,2.4613540102105933,2.4613540102105933,2.666666666666667,1.0,1.921,4,NOT_LISTED,True,,,,-8.5,47.5,19.5,4.166666666666667,0.11511382344715677,0.4705700307419768,8.505812817154585
2026,5,2026_05_DET_ARI,00-0036963,Amon-Ra St. Brown,WR,DET,ARI,receptions,6.545217579754325,6.545217579754325,7.533333333333334,1.0,1.921,4,NOT_LISTED,True,,,,4.5,54.5,29.5,12.333333333333334,0.33996215691778703,0.37095700328721865,7.892248430205748
2026,5,2026_05_BAL_ATL,00-0036970,Kyle Pitts,TE,ATL,BAL,receptions,2.194544864088533,2.194544864088533,1.8666666666666667,1.0,1.921,4,NOT_LISTED,True,,,,3.5,43.5,23.5,3.5,0.13939371570581433,0.10817347811480696,6.968386705619937
2026,5,2026_05_MIN_NO,00-0036973,Travis Etienne,RB,NO,MIN,receptions,2.442852813861145,2.442852813861145,3.4,1.0,1.921,3,NOT_LISTED,True,,,,-1.5,42.5,20.5,3.6666666666666665,0.09029553525521267,-0.3888597580555023,5.012554235853738
2026,5,2026_05_BUF_LA,00-0036988,Josh Palmer,WR,BUF,LA,receptions,1.6095637289870108,1.6095637289870108,1.0,1.0,1.921,3,NOT_LISTED,True,,,,-2.5,54.5,26.0,2.5,0.08920153920153921,-0.019494050470675803,5.847637476043049
2026,5,2026_05_TB_DAL,00-0036997,Javonte Williams,RB,DAL,TB,receptions,3.0109588707357196,3.0109588707357196,3.1333333333333337,1.0,1.921,4,NOT_LISTED,True,,,,8.5,47.5,28.0,3.6666666666666665,0.10604725834236335,0.1228007875639109,6.872865604575163
2026,5,2026_05_DEN_LAC,00-0037085,Tyler Badie,RB,DEN,LAC,receptions,1.6332083190851203,1.6332083190851203,1.5333333333333332,1.0,1.921,3,NOT_LISTED,True,,,,3.5,42.5,23.0,1.8333333333333333,0.05675197206150744,0.014659545510640023,7.0233970311899006
2026,5,2026_05_DET_ARI,00-0037157,Bam Knight,RB,ARI,DET,receptions,1.2937321228082905,1.2937321228082905,1.5333333333333334,1.0,1.921,1,NOT_LISTED,True,,,,-4.5,54.5,25.0,3.0,0.06626149017453366,0.10266819289671897,6.649415599289252
2026,5,2026_05_IND_PIT,00-0037228,Jaylen Warren,RB,PIT,IND,receptions,3.1033129103992185,3.1033129103992185,2.8,1.0,1.921,4,NOT_LISTED,True,,,,2.5,44.5,23.5,4.166666666666667,0.11113084096955066,0.1407783793769441,7.5267548099021315
2026,5,2026_05_MIN_NO,00-0037231,Kevin Austin Jr.,WR,NO,MIN,receptions,2.002595789531797,2.002595789531797,2.7333333333333334,1.0,1.921,1,NOT_LISTED,True,,,,-1.5,42.5,20.5,4.0,0.1217752368758755,-0.3888597580555023,5.012554235853738
2026,5,2026_05_BAL_ATL,00-0037238,Drake London,WR,ATL,BAL,receptions,4.74924296270158,4.74924296270158,5.266666666666667,1.0,1.921,4,NOT_LISTED,True,,,,3.5,43.5,23.5,5.833333333333333,0.2455443189554063,0.10817347811480696,6.968386705619937
2026,5,2026_05_MIN_NO,00-0037239,Chris Olave,WR,NO,MIN,receptions,6.659963414298211,6.659963414298211,8.533333333333333,1.0,1.921,4,NOT_LISTED,True,,,,-1.5,42.5,20.5,12.5,0.31510868137641185,-0.3888597580555023,5.012554235853738
2026,5,2026_05_DET_ARI,00-0037240,Jameson Williams,WR,DET,ARI,receptions,3.658854375398163,3.658854375398163,4.0,1.0,1.921,4,NOT_LISTED,True,,,,4.5,54.5,29.5,6.0,0.15793298165180233,0.37095700328721865,7.892248430205748
2026,5,2026_05_TB_DAL,00-0037247,George Pickens,WR,DAL,TB,receptions,4.043673473828847,4.043673473828847,4.533333333333333,1.0,1.921,4,NOT_LISTED,True,,,,8.5,47.5,28.0,6.0,0.17869260491451364,0.1228007875639109,6.872865604575163
2026,5,2026_05_BUF_LA,00-0037248,James Cook,RB,BUF,LA,receptions,1.7559586714901965,1.7559586714901965,1.0666666666666667,1.0,1.921,4,NOT_LISTED,True,,,,-2.5,54.5,26.0,2.3333333333333335,0.07939005439005438,-0.019494050470675803,5.847637476043049
2026,5,2026_05_CIN_MIA,00-0037252,Greg Dulcich,TE,MIA,CIN,receptions,3.0481269788245973,3.0481269788245973,3.1333333333333333,1.0,1.921,3,NOT_LISTED,True,,,,-7.0,42.5,17.75,4.166666666666667,0.1578918453231297,0.0056948935588698735,7.041066992515163
2026,5,2026_05_NYG_WAS,00-0037256,Rachaad White,RB,WAS,NYG,receptions,2.1030149826870983,2.1030149826870983,2.8,1.0,1.921,3,NOT_LISTED,True,,,,3.5,43.5,23.5,2.5,0.08252217919560718,-0.0602493268192795,6.557376277275174
2026,5,2026_05_BUF_LA,00-0037261,Khalil Shakir,WR,BUF,LA,receptions,4.104076527895833,4.104076527895833,3.8666666666666667,1.0,1.921,4,NOT_LISTED,True,,,,-2.5,54.5,26.0,5.833333333333333,0.21675361675361673,-0.019494050470675803,5.847637476043049
2026,5,2026_05_DET_ARI,00-0037263,Tyler Allgeier,RB,ARI,DET,receptions,1.9091418383208167,1.9091418383208167,2.333333333333333,1.0,1.921,4,NOT_LISTED,True,,,,-4.5,54.5,25.0,2.0,0.055797775797775805,0.10266819289671897,6.649415599289252
2026,5,2026_05_LV_NE,00-0037291,Jalen Nailor,WR,LV,NE,receptions,1.9436615604666798,1.9436615604666798,1.5333333333333332,1.0,1.921,3,NOT_LISTED,True,,,,-3.5,45.5,21.0,2.8333333333333335,0.10570786035553652,0.004219220760639311,6.117619428407968
2026,5,2026_05_SF_SEA,00-0037545,Rashid Shaheed,WR,SEA,SF,receptions,2.138576337128579,2.138576337128579,1.8,1.0,1.921,4,NOT_LISTED,True,,,,2.5,46.5,24.5,2.8333333333333335,0.10822649572649573,0.11454549228960391,6.4571042068773465
2026,5,2026_05_IND_PIT,00-0037664,Alec Pierce,WR,IND,PIT,receptions,2.73097569422632,2.73097569422632,2.7333333333333334,1.0,1.921,2,NOT_LISTED,True,,,,-2.5,44.5,21.0,4.0,0.12905625664246353,0.057264015361963495,7.74546796679198
2026,5,2026_05_CIN_MIA,00-0037666,Jalen Tolbert,WR,MIA,CIN,receptions,1.359430371604484,1.359430371604484,1.2,1.0,1.921,1,NOT_LISTED,True,,,,-7.0,42.5,17.75,2.1666666666666665,0.06881947827440155,0.0056948935588698735,7.041066992515163
2026,5,2026_05_CLE_NYJ,00-0037740,Garrett Wilson,WR,NYJ,CLE,receptions,4.891942013521405,4.891942013521405,5.3999999999999995,1.0,1.921,4,NOT_LISTED,True,,,,2.5,39.5,21.0,7.0,0.3165495535060752,-0.03963762558831056,6.4160206737003325
2026,5,2026_05_BAL_ATL,00-0037741,Jahan Dotson,WR,ATL,BAL,receptions,2.1237589693935193,2.1237589693935193,1.6,1.0,1.921,4,NOT_LISTED,True,,,,3.5,43.5,23.5,3.6666666666666665,0.14135174010282023,0.10817347811480696,6.968386705619937
2026,5,2026_05_NYG_WAS,00-0037742,Treylon Burks,WR,WAS,NYG,receptions,1.4581236427908757,1.4581236427908757,1.1333333333333333,1.0,1.921,3,NOT_LISTED,True,,,,3.5,43.5,23.5,2.8333333333333335,0.12252936262224189,-0.0602493268192795,6.557376277275174
2026,5,2026_05_DET_ARI,00-0037744,Trey McBride,TE,ARI,DET,receptions,6.7023896345830565,6.7023896345830565,8.133333333333333,1.0,1.921,4,NOT_LISTED,True,,,,-4.5,54.5,25.0,11.166666666666666,0.32599445599445603,0.10266819289671897,6.649415599289252
2026,5,2026_05_CLE_NYJ,00-0037755,Jelani Woods,TE,NYJ,CLE,receptions,1.3107497797303609,1.3107497797303609,1.0666666666666667,1.0,1.921,2,NOT_LISTED,True,,,,2.5,39.5,21.0,2.1666666666666665,0.0750521968046478,-0.03963762558831056,6.4160206737003325
2026,5,2026_05_CLE_NYJ,00-0037805,Jeremy Ruckert,TE,NYJ,CLE,receptions,2.047305614385834,2.047305614385834,2.466666666666667,1.0,1.921,3,NOT_LISTED,True,,,,2.5,39.5,21.0,2.6666666666666665,0.08040133323860946,-0.03963762558831056,6.4160206737003325
2026,5,2026_05_NYG_WAS,00-0037809,Chig Okonkwo,TE,WAS,NYG,receptions,2.829135697796575,2.829135697796575,2.466666666666667,1.0,1.921,2,NOT_LISTED,True,,,,3.5,43.5,23.5,5.5,0.18076550950114167,-0.0602493268192795,6.557376277275174
2026,5,2026_05_LV_NE,00-0037816,Romeo Doubs,WR,NE,LV,receptions,3.245842101049326,3.245842101049326,3.7333333333333334,1.0,1.921,4,NOT_LISTED,True,,,,3.5,45.5,24.5,4.833333333333333,0.1734306195596518,0.030376162500259474,6.575533731619258
2026,5,2026_05_NYG_WAS,00-0037838,Isaiah Likely,TE,NYG,WAS,receptions,4.673980803672183,4.673980803672183,4.6000000000000005,1.0,1.921,4,NOT_LISTED,True,,,,-3.5,43.5,20.0,6.666666666666667,0.2513162448887601,0.07475384034366883,6.652420774334399
2026,5,2026_05_BUF_LA,00-0037840,Kyren Williams,RB,LA,BUF,receptions,3.9271139309270024,3.9271139309270024,5.3999999999999995,1.0,1.921,4,NOT_LISTED,True,,,,2.5,54.5,28.5,5.5,0.13318389818389817,-0.05548814477474302,5.635218445130121
2026,5,2026_05_TB_DAL,00-0038041,Jake Ferguson,TE,DAL,TB,receptions,2.4686699772967535,2.4686699772967535,2.9333333333333336,1.0,1.921,4,NOT_LISTED,True,,,,8.5,47.5,28.0,3.1666666666666665,0.09270570963997038,0.1228007875639109,6.872865604575163
2026,5,2026_05_CHI_GB,00-0038090,Skyy Moore,WR,GB,CHI,receptions,1.7520961703971272,1.7520961703971272,1.6,1.0,1.921,4,NOT_LISTED,True,,,,-3.0,45.5,21.25,2.1666666666666665,0.05539497408158666,-0.01895787938530588,6.953186625820897
2026,5,2026_05_HOU_TEN,00-0038115,Daniel Bellinger,TE,TEN,HOU,receptions,1.2853374820433965,1.2853374820433965,1.1333333333333333,1.0,1.921,4,NOT_LISTED,True,,,,-7.5,38.5,15.5,1.6666666666666667,0.05889053897421037,0.052055391330253976,7.170065462152156
2026,5,2026_05_HOU_TEN,00-0038117,Wan'Dale Robinson,WR,TEN,HOU,receptions,4.419954037643728,4.419954037643728,4.199999999999999,1.0,1.921,4,NOT_LISTED,True,,,,-7.5,38.5,15.5,7.166666666666667,0.28504391146378977,0.052055391330253976,7.170065462152156
2026,5,2026_05_CLE_NYJ,00-0038120,Breece Hall,RB,NYJ,CLE,receptions,2.535497599537071,2.535497599537071,3.0666666666666664,1.0,1.921,3,NOT_LISTED,True,,,,2.5,39.5,21.0,3.0,0.0922773396798333,-0.03963762558831056,6.4160206737003325
2026,5,2026_05_CHI_GB,00-0038124,Christian Watson,WR,GB,CHI,receptions,4.580507991569231,4.580507991569231,4.6000000000000005,1.0,1.921,4,NOT_LISTED,True,,,,-3.0,45.5,21.25,7.333333333333333,0.2275647960333559,-0.01895787938530588,6.953186625820897
2026,5,2026_05_TB_DAL,00-0038129,Cade Otton,TE,TB,DAL,receptions,4.209195563278742,4.209195563278742,4.133333333333333,1.0,1.921,4,NOT_LISTED,True,,,,-8.5,47.5,19.5,6.0,0.2115335282001949,0.4705700307419768,8.505812817154585
2026,5,2026_05_BUF_LA,00-0038359,Xavier Smith,WR,LA,BUF,receptions,0.8456341647738383,0.8456341647738383,0.46666666666666673,1.0,1.921,3,NOT_LISTED,True,,,,2.5,54.5,28.5,1.8333333333333333,0.04928678678678678,-0.05548814477474302,5.635218445130121
2026,5,2026_05_PHI_JAX,00-0038393,Dontayvion Wicks,WR,PHI,JAX,receptions,3.101202470042016,3.101202470042016,3.0,1.0,1.921,4,NOT_LISTED,True,,,,-7.0,42.5,17.75,3.8333333333333335,0.14693701723113486,-0.1702104653983672,6.506935146166645
2026,5,2026_05_DEN_LAC,00-0038454,Keaton Mitchell,RB,LAC,DEN,receptions,1.8413356449851057,1.8413356449851057,2.533333333333333,1.0,1.921,4,NOT_LISTED,True,,,,-3.5,42.5,19.5,2.0,0.07048650274456726,-0.09455846420832109,5.655602398576912
2026,5,2026_05_BAL_ATL,00-0038542,Bijan Robinson,RB,ATL,BAL,receptions,3.7598604706047345,3.7598604706047345,2.666666666666667,1.0,1.921,4,NOT_LISTED,True,,,,3.5,43.5,23.5,4.833333333333333,0.22371742821288843,0.10817347811480696,6.968386705619937
2026,5,2026_05_SF_SEA,00-0038543,Jaxon Smith-Njigba,WR,SEA,SF,receptions,6.819695759100946,6.819695759100946,7.933333333333334,1.0,1.921,4,NOT_LISTED,True,,,,2.5,46.5,24.5,10.333333333333334,0.37695868945868943,0.11454549228960391,6.4571042068773465
2026,5,2026_05_DEN_LAC,00-0038544,Quentin Johnston,WR,LAC,DEN,receptions,2.8264792606031106,2.8264792606031106,2.0666666666666664,1.0,1.921,4,NOT_LISTED,True,,,,-3.5,42.5,19.5,5.333333333333333,0.1829166950134692,-0.09455846420832109,5.655602398576912
2026,5,2026_05_IND_PIT,00-0038558,Darnell Washington,TE,PIT,IND,receptions,2.1924249674879372,2.1924249674879372,2.3333333333333335,1.0,1.921,4,NOT_LISTED,True,,,,2.5,44.5,23.5,3.1666666666666665,0.08744378438775723,0.1407783793769441,7.5267548099021315
2026,5,2026_05_DET_ARI,00-0038559,Michael Wilson,WR,ARI,DET,receptions,5.892542634913486,5.892542634913486,6.333333333333334,1.0,1.921,4,NOT_LISTED,True,,,,-4.5,54.5,25.0,10.333333333333334,0.2902128502128502,0.10266819289671897,6.649415599289252
2026,5,2026_05_LV_NE,00-0038563,Tre Tucker,WR,LV,NE,receptions,3.5729982697946054,3.5729982697946054,4.066666666666666,1.0,1.921,4,NOT_LISTED,True,,,,-3.5,45.5,21.0,5.833333333333333,0.18739421498042189,0.004219220760639311,6.117619428407968
2026,5,2026_05_CIN_MIA,00-0038597,Chase Brown,RB,CIN,MIA,receptions,3.8851589946598177,3.8851589946598177,5.066666666666666,1.0,1.921,4,NOT_LISTED,True,,,,7.0,42.5,24.75,5.5,0.1413609937387517,0.37047209523101876,8.518959598393305
2026,5,2026_05_PHI_JAX,00-0038606,Parker Washington,WR,JAX,PHI,receptions,4.352474037639289,4.352474037639289,4.133333333333333,1.0,1.921,4,NOT_LISTED,True,,,,7.0,42.5,24.75,7.5,0.2650830888325044,-0.07329098310499965,5.82452472983406
2026,5,2026_05_HOU_TEN,00-0038608,Kayshon Boutte,WR,HOU,TEN,receptions,2.204175205713148,2.204175205713148,2.4,1.0,1.921,4,NOT_LISTED,True,,,,7.5,38.5,23.0,3.3333333333333335,0.10988812988812989,0.24441872834061978,7.830497322051736
2026,5,2026_05_HOU_TEN,00-0038618,Xavier Hutchinson,WR,HOU,TEN,receptions,3.731442982207004,3.731442982207004,3.0666666666666664,1.0,1.921,4,NOT_LISTED,True,,,,7.5,38.5,23.0,6.333333333333333,0.20188050688050688,0.24441872834061978,7.830497322051736
2026,5,2026_05_CIN_MIA,00-0038619,Andrei Iosivas,WR,CIN,MIA,receptions,1.5030705624621943,1.5030705624621943,1.6666666666666667,1.0,1.921,2,NOT_LISTED,True,,,,7.0,42.5,24.75,2.5,0.07354912519448621,0.37047209523101876,8.518959598393305
2026,5,2026_05_LV_NE,00-0038621,DeMario Douglas,WR,NE,LV,receptions,2.2108432378115017,2.2108432378115017,1.6,1.0,1.921,4,NOT_LISTED,True,,,,3.5,45.5,24.5,3.6666666666666665,0.13350742447516642,0.030376162500259474,6.575533731619258
2026,5,2026_05_HOU_TEN,00-0038728,Jared Wayne,WR,HOU,TEN,receptions,1.8914511235143525,1.8914511235143525,1.4,1.0,1.921,3,NOT_LISTED,True,,,,7.5,38.5,23.0,3.5,0.09491465149359887,0.24441872834061978,7.830497322051736
2026,5,2026_05_DEN_LAC,00-0038783,Nate Adkins,TE,DEN,LAC,receptions,1.4520953266651706,1.4520953266651706,1.2,1.0,1.921,3,NOT_LISTED,True,,,,3.5,42.5,23.0,1.6666666666666667,0.04799417702701084,0.014659545510640023,7.0233970311899006
2026,5,2026_05_CIN_MIA,00-0038839,Mitchell Tinsley,WR,CIN,MIA,receptions,2.225822970067413,2.225822970067413,1.4,1.0,1.921,1,NOT_LISTED,True,,,,7.0,42.5,24.75,4.5,0.10755826316583182,0.37047209523101876,8.518959598393305
2026,5,2026_05_BUF_LA,00-0038933,Dalton Kincaid,TE,BUF,LA,receptions,3.1517048916410095,3.1517048916410095,3.2,1.0,1.921,4,NOT_LISTED,True,,,,-2.5,54.5,26.0,3.8333333333333335,0.14079161579161578,-0.019494050470675803,5.847637476043049
2026,5,2026_05_PHI_JAX,00-0038935,Brenton Strange,TE,JAX,PHI,receptions,3.7975636894613714,3.7975636894613714,3.9333333333333336,1.0,1.921,4,NOT_LISTED,True,,,,7.0,42.5,24.75,4.833333333333333,0.1793300847765551,-0.07329098310499965,5.82452472983406
2026,5,2026_05_DEN_LAC,00-0038976,Marvin Mims Jr.,WR,DEN,LAC,receptions,1.5434203080767008,1.5434203080767008,1.4666666666666668,1.0,1.921,2,NOT_LISTED,True,,,,3.5,42.5,23.0,3.1666666666666665,0.09503460840703404,0.014659545510640023,7.0233970311899006
2026,5,2026_05_MIN_NO,00-0038994,Jordan Addison,WR,MIN,NO,receptions,3.2567877831348606,3.2567877831348606,3.0,1.0,1.921,4,NOT_LISTED,True,,,,1.5,42.5,22.0,4.333333333333333,0.17722686162045428,0.05799804953246461,6.3957924614525155
2026,5,2026_05_CHI_GB,00-0038996,Tucker Kraft,TE,GB,CHI,receptions,3.908703831134172,3.908703831134172,4.0,1.0,1.921,4,NOT_LISTED,True,,,,-3.0,45.5,21.25,6.0,0.16441691619176405,-0.01895787938530588,6.953186625820897
2026,5,2026_05_IND_PIT,00-0038997,Josh Downs,WR,IND,PIT,receptions,4.267075167954626,4.267075167954626,4.533333333333333,1.0,1.921,4,NOT_LISTED,True,,,,-2.5,44.5,21.0,6.166666666666667,0.19729561626113348,0.057264015361963495,7.74546796679198
2026,5,2026_05_HOU_TEN,00-0039032,Tyjae Spears,RB,TEN,HOU,receptions,1.6250641290896741,1.6250641290896741,1.4666666666666668,1.0,1.921,4,NOT_LISTED,True,,,,-7.5,38.5,15.5,2.6666666666666665,0.09424709277650455,0.052055391330253976,7.170065462152156
2026,5,2026_05_CIN_MIA,00-0039040,De'Von Achane,RB,MIA,CIN,receptions,2.8963928063856317,2.8963928063856317,2.666666666666667,1.0,1.921,3,NOT_LISTED,True,,,,-7.0,42.5,17.75,4.0,0.1575345536614902,0.0056948935588698735,7.041066992515163
2026,5,2026_05_DET_ARI,00-0039041,Elijah Higgins,TE,ARI,DET,receptions,1.9406185749598563,1.9406185749598563,2.0,1.0,1.921,3,NOT_LISTED,True,,,,-4.5,54.5,25.0,2.8333333333333335,0.08811986863711002,0.10266819289671897,6.649415599289252
2026,5,2026_05_BAL_ATL,00-0039064,Zay Flowers,WR,BAL,ATL,receptions,5.516190125784976,5.516190125784976,5.8,1.0,1.921,3,NOT_LISTED,True,,,,-3.5,43.5,20.0,6.666666666666667,0.30796146044624745,0.006540530234941402,6.330753093163383
2026,5,2026_05_DET_ARI,00-0039065,Sam LaPorta,TE,DET,ARI,receptions,5.2554958242578085,5.2554958242578085,5.6,1.0,1.921,4,NOT_LISTED,True,,,,4.5,54.5,29.5,7.5,0.1919575287525078,0.37095700328721865,7.892248430205748
2026,5,2026_05_LV_NE,00-0039066,Michael Mayer,TE,LV,NE,receptions,4.439899037427682,4.439899037427682,4.933333333333334,1.0,1.921,4,NOT_LISTED,True,,,,-3.5,45.5,21.0,6.5,0.2061823712685782,0.004219220760639311,6.117619428407968
2026,5,2026_05_BUF_LA,00-0039074,Davis Allen,TE,LA,BUF,receptions,1.3399283292836592,1.3399283292836592,1.0,1.0,1.921,4,NOT_LISTED,True,,,,2.5,54.5,28.5,2.1666666666666665,0.05046475897666374,-0.05548814477474302,5.635218445130121
2026,5,2026_05_BUF_LA,00-0039075,Puka Nacua,WR,LA,BUF,receptions,6.767490536529881,6.767490536529881,8.133333333333333,1.0,1.921,2,NOT_LISTED,True,,,,2.5,54.5,28.5,11.5,0.29520257099204467,-0.05548814477474302,5.635218445130121
2026,5,2026_05_DET_ARI,00-0039139,Jahmyr Gibbs,RB,DET,ARI,receptions,4.763559215048864,4.763559215048864,5.2,1.0,1.921,4,NOT_LISTED,True,,,,4.5,54.5,29.5,6.0,0.16273133780589602,0.37095700328721865,7.892248430205748
2026,5,2026_05_CHI_GB,00-0039146,Jayden Reed,WR,GB,CHI,receptions,2.7351139551663186,2.7351139551663186,2.9333333333333336,1.0,1.921,2,NOT_LISTED,True,,,,-3.0,45.5,21.25,4.166666666666667,0.13917707812760285,-0.01895787938530588,6.953186625820897
2026,5,2026_05_NYG_WAS,00-0039337,Malik Nabers,WR,NYG,WAS,receptions,4.093035022182404,4.093035022182404,3.8666666666666667,1.0,1.921,4,NOT_LISTED,True,,,,-3.5,43.5,20.0,6.0,0.22429529282977556,0.07475384034366883,6.652420774334399
2026,5,2026_05_LV_NE,00-0039338,Brock Bowers,TE,LV,NE,receptions,5.742161681093862,5.742161681093862,6.533333333333333,1.0,1.921,2,NOT_LISTED,True,,,,-3.5,45.5,21.0,7.666666666666667,0.26169372294372295,0.004219220760639311,6.117619428407968
2026,5,2026_05_HOU_TEN,00-0039359,Cade Stover,TE,HOU,TEN,receptions,1.3232416512606975,1.3232416512606975,1.2666666666666666,1.0,1.921,2,NOT_LISTED,True,,,,7.5,38.5,23.0,2.0,0.0671728410698999,0.24441872834061978,7.830497322051736
2026,5,2026_05_TB_DAL,00-0039361,Bucky Irving,RB,TB,DAL,receptions,2.7375675868709597,2.7375675868709597,2.466666666666667,1.0,1.921,4,NOT_LISTED,True,,,,-8.5,47.5,19.5,3.8333333333333335,0.120338303671637,0.4705700307419768,8.505812817154585
2026,5,2026_05_NYG_WAS,00-0039384,Tyrone Tracy Jr.,RB,NYG,WAS,receptions,0.6954366128677872,0.6954366128677872,0.6000000000000001,1.0,1.921,4,NOT_LISTED,True,,,,-3.5,43.5,20.0,1.8333333333333333,0.058369252873563225,0.07475384034366883,6.652420774334399
2026,5,2026_05_TB_DAL,00-0039410,Ryan Flournoy,WR,DAL,TB,receptions,3.542987749130117,3.542987749130117,3.533333333333333,1.0,1.921,4,NOT_LISTED,True,,,,8.5,47.5,28.0,5.333333333333333,0.16833476938075098,0.1228007875639109,6.872865604575163
2026,5,2026_05_MIN_NO,00-0039424,Devaughn Vele,WR,NO,MIN,receptions,3.8891403552131028,3.8891403552131028,4.733333333333333,1.0,1.921,4,NOT_LISTED,True,,,,-1.5,42.5,20.5,7.0,0.19614411197930415,-0.3888597580555023,5.012554235853738
2026,5,2026_05_CLE_NYJ,00-0039451,Isaiah Williams,WR,NYJ,CLE,receptions,2.9188737235676845,2.9188737235676845,3.0666666666666664,1.0,1.921,4,NOT_LISTED,True,,,,2.5,39.5,21.0,4.0,0.15668871687893426,-0.03963762558831056,6.4160206737003325
2026,5,2026_05_TB_DAL,00-0039530,Brevyn Spann-Ford,TE,DAL,TB,receptions,1.1224481726392375,1.1224481726392375,0.6,1.0,1.921,4,NOT_LISTED,True,,,,8.5,47.5,28.0,1.5,0.05015213646406771,0.1228007875639109,6.872865604575163
2026,5,2026_05_IND_PIT,00-0039739,Roman Wilson,WR,PIT,IND,receptions,2.9770424585933877,2.9770424585933877,3.1333333333333333,1.0,1.921,4,NOT_LISTED,True,,,,2.5,44.5,23.5,4.666666666666667,0.13565793404503082,0.1407783793769441,7.5267548099021315
2026,5,2026_05_PHI_JAX,00-0039746,Will Shipley,RB,PHI,JAX,receptions,1.1256505709799378,1.1256505709799378,1.0,1.0,1.921,4,NOT_LISTED,True,,,,-7.0,42.5,17.75,1.5,0.052085561497326203,-0.1702104653983672,6.506935146166645
2026,5,2026_05_BAL_ATL,00-0039792,Devontez Walker,WR,BAL,ATL,receptions,1.0976579935253985,1.0976579935253985,0.6666666666666666,1.0,1.921,3,NOT_LISTED,True,,,,-3.5,43.5,20.0,1.5,0.06204079332882578,0.006540530234941402,6.330753093163383
2026,5,2026_05_SF_SEA,00-0039793,AJ Barner,TE,SEA,SF,receptions,2.64143996156578,2.64143996156578,2.3333333333333335,1.0,1.921,4,NOT_LISTED,True,,,,2.5,46.5,24.5,3.5,0.11709401709401711,0.11454549228960391,6.4571042068773465
2026,5,2026_05_CLE_NYJ,00-0039794,Braelon Allen,RB,NYJ,CLE,receptions,1.4448230971789475,1.4448230971789475,1.7333333333333334,1.0,1.921,4,NOT_LISTED,True,,,,2.5,39.5,21.0,1.5,0.05751092707614447,-0.03963762558831056,6.4160206737003325
2026,5,2026_05_CHI_GB,00-0039811,MarShawn Lloyd,RB,GB,CHI,receptions,2.033800378983161,2.033800378983161,2.5999999999999996,1.0,1.921,4,NOT_LISTED,True,,,,-3.0,45.5,21.25,2.4,0.07927575804857752,-0.01895787938530588,6.953186625820897
2026,5,2026_05_CIN_MIA,00-0039814,Erick All,TE,CIN,MIA,receptions,1.8638157383174079,1.8638157383174079,1.8666666666666667,1.0,1.921,1,NOT_LISTED,True,,,,7.0,42.5,24.75,2.1666666666666665,0.07162788395256837,0.37047209523101876,8.518959598393305
2026,5,2026_05_NYG_WAS,00-0039847,Theo Johnson,TE,NYG,WAS,receptions,1.5823409614626,1.5823409614626,0.9333333333333333,1.0,1.921,3,NOT_LISTED,True,,,,-3.5,43.5,20.0,3.3333333333333335,0.13204268592199625,0.07475384034366883,6.652420774334399
2026,5,2026_05_DET_ARI,00-0039849,Marvin Harrison Jr.,WR,ARI,DET,receptions,1.7461310955487281,1.7461310955487281,1.2,1.0,1.921,4,NOT_LISTED,True,,,,-4.5,54.5,25.0,2.8333333333333335,0.07764133971030522,0.10266819289671897,6.649415599289252
2026,5,2026_05_TB_DAL,00-0039855,Jalen McMillan,WR,TB,DAL,receptions,1.9441042058951672,1.9441042058951672,2.7333333333333334,1.0,1.921,1,NOT_LISTED,True,,,,-8.5,47.5,19.5,3.6666666666666665,0.10910330261136712,0.4705700307419768,8.505812817154585
2026,5,2026_05_DEN_LAC,00-0039868,Troy Franklin,WR,DEN,LAC,receptions,1.330008087467802,1.330008087467802,1.0666666666666667,1.0,1.921,3,NOT_LISTED,True,,,,3.5,42.5,23.0,2.3333333333333335,0.06642377332435528,0.014659545510640023,7.0233970311899006
2026,5,2026_05_CIN_MIA,00-0039880,Malik Washington,WR,MIA,CIN,receptions,4.3914013980294175,4.3914013980294175,4.2,1.0,1.921,4,NOT_LISTED,True,,,,-7.0,42.5,17.75,5.833333333333333,0.2327583060745891,0.0056948935588698735,7.041066992515163
2026,5,2026_05_CLE_NYJ,00-0039890,Adonai Mitchell,WR,NYJ,CLE,receptions,3.887280572880288,3.887280572880288,3.2,1.0,1.921,2,NOT_LISTED,True,,,,2.5,39.5,21.0,7.0,0.22318372342349324,-0.03963762558831056,6.4160206737003325
2026,5,2026_05_PHI_JAX,00-0039893,Brian Thomas Jr.,WR,JAX,PHI,receptions,2.4812127676855953,2.4812127676855953,2.2666666666666666,1.0,1.921,4,NOT_LISTED,True,,,,7.0,42.5,24.75,4.333333333333333,0.1505074165195717,-0.07329098310499965,5.82452472983406
2026,5,2026_05_BUF_LA,00-0039901,Keon Coleman,WR,BUF,LA,receptions,3.1211829355486573,3.1211829355486573,3.8,1.0,1.921,4,NOT_LISTED,True,,,,-2.5,54.5,26.0,3.8333333333333335,0.1357041107041107,-0.019494050470675803,5.847637476043049
2026,5,2026_05_NYG_WAS,00-0039912,Ben Sinnott,TE,WAS,NYG,receptions,1.2128777525848151,1.2128777525848151,1.1333333333333333,1.0,1.921,2,NOT_LISTED,True,,,,3.5,43.5,23.5,1.8333333333333333,0.08683074106835716,-0.0602493268192795,6.557376277275174
2026,5,2026_05_DEN_LAC,00-0039915,Ladd McConkey,WR,LAC,DEN,receptions,2.557363822070416,2.557363822070416,2.5333333333333337,1.0,1.921,4,NOT_LISTED,True,,,,-3.5,42.5,19.5,4.166666666666667,0.1449128330848761,-0.09455846420832109,5.655602398576912
2026,5,2026_05_CHI_GB,00-0039919,Rome Odunze,WR,CHI,GB,receptions,3.348743117147438,3.348743117147438,3.6666666666666665,1.0,1.921,4,NOT_LISTED,True,,,,3.0,45.5,24.25,5.833333333333333,0.18974916476102432,0.18713215734884686,6.853471408765526
2026,5,2026_05_PHI_JAX,00-0040024,Darius Cooper,WR,PHI,JAX,receptions,1.7582091922571155,1.7582091922571155,1.6,1.0,1.921,4,NOT_LISTED,True,,,,-7.0,42.5,17.75,2.6666666666666665,0.09345811051693405,-0.1702104653983672,6.506935146166645
2026,5,2026_05_LV_NE,00-0040122,Ashton Jeanty,RB,LV,NE,receptions,3.7611223288764206,3.7611223288764206,4.199999999999999,1.0,1.921,4,NOT_LISTED,True,,,,-3.5,45.5,21.0,5.166666666666667,0.16311313207864933,0.004219220760639311,6.117619428407968
2026,5,2026_05_CHI_GB,00-0040126,Colston Loveland,TE,CHI,GB,receptions,3.5446130773042626,3.5446130773042626,4.0,1.0,1.921,4,NOT_LISTED,True,,,,3.0,45.5,24.25,6.833333333333333,0.2149298058118316,0.18713215734884686,6.853471408765526
2026,5,2026_05_IND_PIT,00-0040128,Tyler Warren,TE,IND,PIT,receptions,4.942720724398021,4.942720724398021,6.2,1.0,1.921,4,NOT_LISTED,True,,,,-2.5,44.5,21.0,6.666666666666667,0.21311887346370106,0.057264015361963495,7.74546796679198
2026,5,2026_05_TB_DAL,00-0040129,Emeka Egbuka,WR,TB,DAL,receptions,3.3266697521647917,3.3266697521647917,3.2666666666666666,1.0,1.921,4,NOT_LISTED,True,,,,-8.5,47.5,19.5,5.333333333333333,0.17245439745439742,0.4705700307419768,8.505812817154585
2026,5,2026_05_LV_NE,00-0040131,Kyle Williams,WR,NE,LV,receptions,1.2250019048178635,1.2250019048178635,0.7333333333333334,1.0,1.921,4,NOT_LISTED,True,,,,3.5,45.5,24.5,2.0,0.07513227513227515,0.030376162500259474,6.575533731619258
2026,5,2026_05_DEN_LAC,00-0040134,Pat Bryant,WR,DEN,LAC,receptions,2.772823995343172,2.772823995343172,2.2,1.0,1.921,4,NOT_LISTED,True,,,,3.5,42.5,23.0,4.166666666666667,0.13191213768705157,0.014659545510640023,7.0233970311899006
2026,5,2026_05_HOU_TEN,00-0040138,Jaylin Noel,WR,HOU,TEN,receptions,2.1116688010417906,2.1116688010417906,2.0,1.0,1.921,4,NOT_LISTED,True,,,,7.5,38.5,23.0,2.8333333333333335,0.08983318483318482,0.24441872834061978,7.830497322051736
2026,5,2026_05_CLE_NYJ,00-0040162,Dylan Sampson,RB,CLE,NYJ,receptions,1.2444796590339982,1.2444796590339982,1.8,1.0,1.921,1,NOT_LISTED,True,,,,-2.5,39.5,18.5,2.5,0.0996422214957684,0.3799893147280837,7.608999241572034
2026,5,2026_05_HOU_TEN,00-0040170,Elic Ayomanor,WR,TEN,HOU,receptions,2.2256364346644752,2.2256364346644752,1.6,1.0,1.921,4,NOT_LISTED,True,,,,-7.5,38.5,15.5,4.5,0.15134538663950428,0.052055391330253976,7.170065462152156
2026,5,2026_05_SF_SEA,00-0040172,Jordan Watkins,WR,SF,SEA,receptions,1.434031126242624,1.434031126242624,1.3333333333333333,1.0,1.921,1,NOT_LISTED,True,,,,-2.5,46.5,22.0,1.6666666666666667,0.06163915560830007,-0.16750320090578563,4.853633370597656
2026,5,2026_05_DEN_LAC,00-0040189,Oronde Gadsden II,TE,LAC,DEN,receptions,2.3766171160409195,2.3766171160409195,2.3333333333333335,1.0,1.921,4,NOT_LISTED,True,,,,-3.5,42.5,19.5,3.8333333333333335,0.12435845401323613,-0.09455846420832109,5.655602398576912
2026,5,2026_05_CHI_GB,00-0040236,Kyle Monangai,RB,CHI,GB,receptions,1.2393036058741838,1.2393036058741838,1.2000000000000002,1.0,1.921,4,NOT_LISTED,True,,,,3.0,45.5,24.25,1.6666666666666667,0.05214911154844413,0.18713215734884686,6.853471408765526
2026,5,2026_05_TB_DAL,00-0040237,Tez Johnson,WR,TB,DAL,receptions,1.6115399331847806,1.6115399331847806,1.2666666666666666,1.0,1.921,4,NOT_LISTED,True,,,,-8.5,47.5,19.5,2.0,0.06387069720403053,0.4705700307419768,8.505812817154585
2026,5,2026_05_CHI_GB,00-0040277,Jahdae Walker,WR,CHI,GB,receptions,1.251406900914735,1.251406900914735,1.4666666666666668,1.0,1.921,1,NOT_LISTED,True,,,,3.0,45.5,24.25,1.8333333333333333,0.057987032124963166,0.18713215734884686,6.853471408765526
2026,5,2026_05_CLE_NYJ,00-0040466,Raheim Sanders,RB,CLE,NYJ,receptions,1.9222918449953394,1.9222918449953394,2.2,1.0,1.921,4,NOT_LISTED,True,,,,-2.5,39.5,18.5,2.3333333333333335,0.08859087772131251,0.3799893147280837,7.608999241572034
2026,5,2026_05_LV_NE,00-0040563,Efton Chism III,WR,NE,LV,receptions,1.3674352107145566,1.3674352107145566,1.2666666666666666,1.0,1.921,3,NOT_LISTED,True,,,,3.5,45.5,24.5,1.6666666666666667,0.05923280423280423,0.030376162500259474,6.575533731619258
2026,5,2026_05_HOU_TEN,00-0040583,Woody Marks,RB,HOU,TEN,receptions,1.5614745961981886,1.5614745961981886,1.8666666666666667,1.0,1.921,4,NOT_LISTED,True,,,,7.5,38.5,23.0,2.3333333333333335,0.06825908325908325,0.24441872834061978,7.830497322051736
2026,5,2026_05_HOU_TEN,00-0040584,Gunnar Helm,TE,TEN,HOU,receptions,2.0024003468031424,2.0024003468031424,1.8,1.0,1.921,4,NOT_LISTED,True,,,,-7.5,38.5,15.5,2.8333333333333335,0.10241207594148771,0.052055391330253976,7.170065462152156
2026,5,2026_05_BUF_LA,00-0040590,Konata Mumpfield,WR,LA,BUF,receptions,1.7637436430129934,1.7637436430129934,1.7333333333333334,1.0,1.921,4,NOT_LISTED,True,,,,2.5,54.5,28.5,3.3333333333333335,0.0821474876236781,-0.05548814477474302,5.635218445130121
2026,5,2026_05_SF_SEA,00-0040648,Tory Horton,WR,SEA,SF,receptions,1.8566455753390447,1.8566455753390447,2.333333333333333,1.0,1.921,2,NOT_LISTED,True,,,,2.5,46.5,24.5,2.6666666666666665,0.09101588911426639,0.11454549228960391,6.4571042068773465
2026,5,2026_05_CLE_NYJ,00-0040663,Harold Fannin Jr.,TE,CLE,NYJ,receptions,3.916141959297347,3.916141959297347,4.533333333333333,1.0,1.921,4,NOT_LISTED,True,,,,-2.5,39.5,18.5,5.166666666666667,0.18284292197335675,0.3799893147280837,7.608999241572034
2026,5,2026_05_DEN_LAC,00-0040666,Omarion Hampton,RB,LAC,DEN,receptions,1.484646333169267,1.484646333169267,1.6666666666666665,1.0,1.921,4,NOT_LISTED,True,,,,-3.5,42.5,19.5,2.5,0.08353922063599484,-0.09455846420832109,5.655602398576912
2026,5,2026_05_CHI_GB,00-0040667,Matthew Golden,WR,GB,CHI,receptions,4.351622389006184,4.351622389006184,3.7333333333333334,1.0,1.921,4,NOT_LISTED,True,,,,-3.0,45.5,21.25,7.166666666666667,0.23258733378408836,-0.01895787938530588,6.953186625820897
2026,5,2026_05_DET_ARI,00-0040669,Isaac TeSlaa,WR,DET,ARI,receptions,2.7282881820241163,2.7282881820241163,2.6666666666666665,1.0,1.921,4,NOT_LISTED,True,,,,4.5,54.5,29.5,3.6666666666666665,0.09609428731940156,0.37095700328721865,7.892248430205748
2026,5,2026_05_HOU_TEN,00-0040705,Chimere Dike,WR,TEN,HOU,receptions,0.999763403274786,0.999763403274786,1.0666666666666667,1.0,1.921,4,NOT_LISTED,True,,,,-7.5,38.5,15.5,2.0,0.06067821067821067,0.052055391330253976,7.170065462152156
2026,5,2026_05_NYG_WAS,00-0040715,Cam Skattebo,RB,NYG,WAS,receptions,2.109180094067036,2.109180094067036,2.4,1.0,1.921,4,NOT_LISTED,True,,,,-3.5,43.5,20.0,2.8333333333333335,0.10378103697069213,0.07475384034366883,6.652420774334399
2026,5,2026_05_DEN_LAC,00-0040727,Tre Harris,WR,LAC,DEN,receptions,3.3503913025398635,3.3503913025398635,3.0666666666666664,1.0,1.921,4,NOT_LISTED,True,,,,-3.5,42.5,19.5,4.666666666666667,0.15019519561115488,-0.09455846420832109,5.655602398576912
2026,5,2026_05_LV_NE,00-0040729,Jack Bech,WR,LV,NE,receptions,2.0885110380199574,2.0885110380199574,2.0,1.0,1.921,2,NOT_LISTED,True,,,,-3.5,45.5,21.0,3.3333333333333335,0.12574482988276095,0.004219220760639311,6.117619428407968
2026,5,2026_05_DEN_LAC,00-0040730,RJ Harvey,RB,DEN,LAC,receptions,4.7361935485438496,4.7361935485438496,6.0,1.0,1.921,3,NOT_LISTED,True,,,,3.5,42.5,23.0,6.0,0.18031389205203827,0.014659545510640023,7.0233970311899006
2026,5,2026_05_CHI_GB,00-0040735,Luther Burden III,WR,CHI,GB,receptions,4.6284859304778685,4.6284859304778685,4.800000000000001,1.0,1.921,4,NOT_LISTED,True,,,,3.0,45.5,24.25,7.0,0.21856984829241585,0.18713215734884686,6.853471408765526
2026,5,2026_05_CLE_NYJ,00-0040736,Mason Taylor,TE,NYJ,CLE,receptions,2.689416396557302,2.689416396557302,2.9333333333333336,1.0,1.921,1,NOT_LISTED,True,,,,2.5,39.5,21.0,4.333333333333333,0.17171942692045541,-0.03963762558831056,6.4160206737003325
2026,5,2026_05_BUF_LA,00-0040737,Terrance Ferguson,TE,LA,BUF,receptions,2.339045116137184,2.339045116137184,2.2666666666666666,1.0,1.921,3,NOT_LISTED,True,,,,2.5,54.5,28.5,3.6666666666666665,0.10415489782657701,-0.05548814477474302,5.635218445130121
2026,5,2026_05_CLE_NYJ,00-0040782,Isaiah Bond,WR,CLE,NYJ,receptions,1.1270779977316217,1.1270779977316217,1.0,1.0,1.921,2,NOT_LISTED,True,,,,-2.5,39.5,18.5,1.5,0.055230829634756694,0.3799893147280837,7.608999241572034
2026,5,2026_05_CLE_NYJ,00-0040784,Quinshon Judkins,RB,CLE,NYJ,receptions,3.0364346593310296,3.0364346593310296,4.133333333333333,1.0,1.921,4,NOT_LISTED,True,,,,-2.5,39.5,18.5,4.333333333333333,0.14793635277506245,0.3799893147280837,7.608999241572034
2026,5,2026_05_CIN_MIA,00-0040785,Dohnte Meyers,WR,CIN,MIA,receptions,2.6548258187789875,2.6548258187789875,3.1,1.0,1.921,4,NOT_LISTED,True,,,,7.0,42.5,24.75,4.0,0.09165407127796588,0.37047209523101876,8.518959598393305
2026,5,2026_05_PHI_JAX,00-0040867,Makai Lemon,WR,PHI,JAX,receptions,2.5185636149479613,2.5185636149479613,2.4000000000000004,1.0,1.921,4,NOT_LISTED,True,,,,-7.0,42.5,17.75,3.75,0.15280748663101604,-0.1702104653983672,6.506935146166645
2026,5,2026_05_BAL_ATL,00-0040879,Matthew Hibner,TE,BAL,ATL,receptions,1.5674137958193506,1.5674137958193506,1.6666666666666667,1.0,1.921,3,NOT_LISTED,True,,,,-3.5,43.5,20.0,1.6666666666666667,0.07021072796934866,0.006540530234941402,6.330753093163383
2026,5,2026_05_DET_ARI,00-0041027,Jeremiyah Love,RB,ARI,DET,receptions,2.3679204831574623,2.3679204831574623,2.9,1.0,1.921,4,NOT_LISTED,True,,,,-4.5,54.5,25.0,3.25,0.08801603801603802,0.10266819289671897,6.649415599289252
2026,5,2026_05_CLE_NYJ,00-0041032,Kenyon Sadiq,TE,NYJ,CLE,receptions,3.346348614082502,3.346348614082502,3.0,1.0,1.921,4,NOT_LISTED,True,,,,2.5,39.5,21.0,4.5,0.17566425120772947,-0.03963762558831056,6.4160206737003325
2026,5,2026_05_CLE_NYJ,00-0041037,Denzel Boston,WR,CLE,NYJ,receptions,3.6683810274061592,3.6683810274061592,3.5,1.0,1.921,4,NOT_LISTED,True,,,,-2.5,39.5,18.5,5.5,0.19015151515151515,0.3799893147280837,7.608999241572034
2026,5,2026_05_NYG_WAS,00-0041040,Antonio Williams,WR,WAS,NYG,receptions,2.828873375861546,2.828873375861546,2.8,1.0,1.921,4,NOT_LISTED,True,,,,3.5,43.5,23.5,4.75,0.14543047103899032,-0.0602493268192795,6.557376277275174
2026,5,2026_05_NYG_WAS,00-0041042,Malachi Fields,WR,NYG,WAS,receptions,2.245314260266314,2.245314260266314,2.0,1.0,1.921,4,NOT_LISTED,True,,,,-3.5,43.5,20.0,3.75,0.13102935139573071,0.07475384034366883,6.652420774334399
2026,5,2026_05_BAL_ATL,00-0041044,Zachariah Branch,WR,ATL,BAL,receptions,1.4442523744132745,1.4442523744132745,1.5,1.0,1.921,4,NOT_LISTED,True,,,,3.5,43.5,23.5,1.5,0.06286816269284712,0.10817347811480696,6.968386705619937
2026,5,2026_05_TB_DAL,00-0041048,Ted Hurst III,WR,TB,DAL,receptions,2.3184591796607696,2.3184591796607696,1.8,1.0,1.921,4,NOT_LISTED,True,,,,-8.5,47.5,19.5,4.0,0.1310828060828061,0.4705700307419768,8.505812817154585
2026,5,2026_05_MIN_NO,00-0041067,Bryce Lance,WR,NO,MIN,receptions,1.3285836722815179,1.3285836722815179,0.8999999999999999,1.0,1.921,4,NOT_LISTED,True,,,,-1.5,42.5,20.5,3.25,0.0723890139116203,-0.3888597580555023,5.012554235853738
2026,5,2026_05_PHI_JAX,00-0041100,Josh Cameron,WR,JAX,PHI,receptions,1.4008113045216184,1.4008113045216184,1.1,1.0,1.921,4,NOT_LISTED,True,,,,7.0,42.5,24.75,1.5,0.06406717276282493,-0.07329098310499965,5.82452472983406
2026,5,2026_05_CIN_MIA,00-0041436,DJ Herman,RB,MIA,CIN,receptions,1.087860841544806,1.087860841544806,0.5,1.0,1.921,2,NOT_LISTED,True,,,,-7.0,42.5,17.75,1.5,0.06521739130434782,0.0056948935588698735,7.041066992515163
2026,5,2026_05_HOU_TEN,00-0041438,Carnell Tate,WR,TEN,HOU,receptions,5.049406248606825,5.049406248606825,5.8,1.0,1.921,4,NOT_LISTED,True,,,,-7.5,38.5,15.5,8.0,0.2985294117647059,0.052055391330253976,7.170065462152156
2026,5,2026_05_IND_PIT,00-0041489,Germie Bernard,WR,PIT,IND,receptions,2.023421540672671,2.023421540672671,2.3333333333333335,1.0,1.921,3,NOT_LISTED,True,,,,2.5,44.5,23.5,3.6666666666666665,0.09991877733813219,0.1407783793769441,7.5267548099021315
2026,5,2026_05_DEN_LAC,00-0041496,Jonah Coleman,RB,DEN,LAC,receptions,1.261718690628415,1.261718690628415,1.5,1.0,1.921,2,NOT_LISTED,True,,,,3.5,42.5,23.0,1.5,0.05172413793103448,0.014659545510640023,7.0233970311899006
2026,5,2026_05_SF_SEA,00-0041512,Jadarian Price,RB,SEA,SF,receptions,1.5713016028239588,1.5713016028239588,1.3333333333333333,1.0,1.921,3,NOT_LISTED,True,,,,2.5,46.5,24.5,2.3333333333333335,0.07564102564102564,0.11454549228960391,6.4571042068773465
2026,5,2026_05_CIN_MIA,00-0041523,Caleb Douglas,WR,MIA,CIN,receptions,3.5584983488451902,3.5584983488451902,3.5,1.0,1.921,2,NOT_LISTED,True,,,,-7.0,42.5,17.75,5.0,0.19484702093397743,0.0056948935588698735,7.041066992515163
2026,5,2026_05_CIN_MIA,00-0041525,Chris Bell,WR,MIA,CIN,receptions,1.9088727351100678,1.9088727351100678,1.2999999999999998,1.0,1.921,4,NOT_LISTED,True,,,,-7.0,42.5,17.75,3.25,0.12350573079473337,0.0056948935588698735,7.041066992515163
2026,5,2026_05_CIN_MIA,00-0041529,Kevin Coleman Jr.,WR,MIA,CIN,receptions,1.6499531917240589,1.6499531917240589,0.6666666666666666,1.0,1.921,3,NOT_LISTED,True,,,,-7.0,42.5,17.75,3.3333333333333335,0.14121796866894906,0.0056948935588698735,7.041066992515163
2026,5,2026_05_CLE_NYJ,00-0041547,KC Concepcion,WR,CLE,NYJ,receptions,4.2414622297897,4.2414622297897,4.3,1.0,1.921,4,NOT_LISTED,True,,,,-2.5,39.5,18.5,7.0,0.24242424242424243,0.3799893147280837,7.608999241572034
2026,5,2026_05_CHI_GB,00-0041558,Sam Roush,TE,CHI,GB,receptions,1.292641331770831,1.292641331770831,1.0,1.0,1.921,3,NOT_LISTED,True,,,,3.0,45.5,24.25,1.6666666666666667,0.0538899430740038,0.18713215734884686,6.853471408765526
2026,5,2026_05_SF_SEA,00-0029892,Kyle Juszczyk,FB,SF,SEA,receiving_yards,14.662777197659535,14.662777197659535,16.4,1.0,26.765,3,NOT_LISTED,True,,,,-2.5,46.5,22.0,1.8333333333333333,0.06858685163282864,-0.16750320090578563,4.853633370597656
2026,5,2026_05_PHI_JAX,00-0030061,Zach Ertz,TE,PHI,JAX,receiving_yards,32.27063520901341,32.27063520901341,22.266666666666666,1.0,26.765,2,NOT_LISTED,True,,,,-7.0,42.5,17.75,5.666666666666667,0.18867061418785555,-0.1702104653983672,6.506935146166645
2026,5,2026_05_IND_PIT,00-0030279,Keenan Allen,WR,IND,PIT,receiving_yards,42.50948743291532,42.50948743291532,33.13333333333333,1.0,26.765,3,NOT_LISTED,True,,,,-2.5,44.5,21.0,6.833333333333333,0.20802616013522868,0.057264015361963495,7.74546796679198
2026,5,2026_05_NYG_WAS,00-0031235,Odell Beckham Jr.,WR,NYG,WAS,receiving_yards,13.775780651337069,13.775780651337069,4.666666666666667,1.0,26.765,1,NOT_LISTED,True,,,,-3.5,43.5,20.0,2.1666666666666665,0.062338969404186796,0.07475384034366883,6.652420774334399
2026,5,2026_05_SF_SEA,00-0031236,Brandin Cooks,WR,SF,SEA,receiving_yards,20.045582129239797,20.045582129239797,28.866666666666667,1.0,26.765,1,NOT_LISTED,True,,,,-2.5,46.5,22.0,2.5,0.09261989537476795,-0.16750320090578563,4.853633370597656
2026,5,2026_05_BUF_LA,00-0031381,Davante Adams,WR,LA,BUF,receiving_yards,74.02257674109816,74.02257674109816,105.46666666666667,1.0,26.765,4,NOT_LISTED,True,,,,2.5,54.5,28.5,8.833333333333334,0.23854202839407787,-0.05548814477474302,5.635218445130121
2026,5,2026_05_SF_SEA,00-0031408,Mike Evans,WR,SF,SEA,receiving_yards,51.65830413202667,51.65830413202667,51.33333333333333,1.0,26.765,4,NOT_LISTED,True,,,,-2.5,46.5,22.0,5.5,0.18422846592217787,-0.16750320090578563,4.853633370597656
2026,5,2026_05_NYG_WAS,00-0031588,Stefon Diggs,WR,WAS,NYG,receiving_yards,52.079720368195346,52.079720368195346,43.93333333333334,1.0,26.765,4,NOT_LISTED,True,,,,3.5,43.5,23.5,6.666666666666667,0.2266914581924724,-0.0602493268192795,6.557376277275174
2026,5,2026_05_CLE_NYJ,00-0032385,Sterling Shepard,WR,NYJ,CLE,receiving_yards,14.207641058108734,14.207641058108734,6.866666666666666,1.0,26.765,2,NOT_LISTED,True,,,,2.5,39.5,21.0,2.5,0.09225955247460625,-0.03963762558831056,6.4160206737003325
2026,5,2026_05_BAL_ATL,00-0032392,Austin Hooper,TE,ATL,BAL,receiving_yards,18.8025175884302,18.8025175884302,14.0,1.0,26.765,3,NOT_LISTED,True,,,,3.5,43.5,23.5,2.3333333333333335,0.0818711458402903,0.10817347811480696,6.968386705619937
2026,5,2026_05_BAL_ATL,00-0032398,Chris Moore,WR,BAL,ATL,receiving_yards,21.67381511651,21.67381511651,19.666666666666668,1.0,26.765,3,NOT_LISTED,True,,,,-3.5,43.5,20.0,2.0,0.07613574165298302,0.006540530234941402,6.330753093163383
2026,5,2026_05_CHI_GB,00-0032464,Kalif Raymond,WR,CHI,GB,receiving_yards,41.83598683412462,41.83598683412462,45.666666666666664,1.0,26.765,4,NOT_LISTED,True,,,,3.0,45.5,24.25,4.666666666666667,0.15591964089477664,0.18713215734884686,6.853471408765526
2026,5,2026_05_SF_SEA,00-0032775,Demarcus Robinson,WR,SF,SEA,receiving_yards,28.65110635098388,28.65110635098388,34.733333333333334,1.0,26.765,2,NOT_LISTED,True,,,,-2.5,46.5,22.0,2.6666666666666665,0.09531354629393844,-0.16750320090578563,4.853633370597656
2026,5,2026_05_IND_PIT,00-0032951,Laquon Treadwell,WR,IND,PIT,receiving_yards,25.237045974145953,25.237045974145953,32.8,1.0,26.765,4,NOT_LISTED,True,,,,-2.5,44.5,21.0,1.8333333333333333,0.0616584564860427,0.057264015361963495,7.74546796679198
2026,5,2026_05_LV_NE,00-0033090,Hunter Henry,TE,NE,LV,receiving_yards,32.45059854939188,32.45059854939188,37.266666666666666,1.0,26.765,4,NOT_LISTED,True,,,,3.5,45.5,24.5,3.8333333333333335,0.15173749786653012,0.030376162500259474,6.575533731619258
2026,5,2026_05_BUF_LA,00-0033110,Tyler Higbee,TE,LA,BUF,receiving_yards,38.920325448778485,38.920325448778485,47.400000000000006,1.0,26.765,3,NOT_LISTED,True,,,,2.5,54.5,28.5,5.0,0.12383923339105413,-0.05548814477474302,5.635218445130121
2026,5,2026_05_IND_PIT,00-0033217,Mo Alie-Cox,TE,IND,PIT,receiving_yards,14.024065469110212,14.024065469110212,17.133333333333333,1.0,26.765,1,NOT_LISTED,True,,,,-2.5,44.5,21.0,2.1666666666666665,0.06610016687880982,0.057264015361963495,7.74546796679198
2026,5,2026_05_SF_SEA,00-0033280,Christian McCaffrey,RB,SF,SEA,receiving_yards,34.108321197340715,34.108321197340715,33.53333333333333,1.0,26.765,4,NOT_LISTED,True,,,,-2.5,46.5,22.0,5.833333333333333,0.20526153910197178,-0.16750320090578563,4.853633370597656
2026,5,2026_05_SF_SEA,00-0033288,George Kittle,TE,SF,SEA,receiving_yards,55.38753658872242,55.38753658872242,72.26666666666667,1.0,26.765,4,NOT_LISTED,True,,,,-2.5,46.5,22.0,6.166666666666667,0.2192243061073352,-0.16750320090578563,4.853633370597656
2026,5,2026_05_MIN_NO,00-0033293,Aaron Jones,RB,MIN,NO,receiving_yards,20.841094205855292,20.841094205855292,19.333333333333336,1.0,26.765,4,NOT_LISTED,True,,,,1.5,42.5,22.0,3.6666666666666665,0.15700859526946484,0.05799804953246461,6.3957924614525155
2026,5,2026_05_DET_ARI,00-0033307,Kendrick Bourne,WR,ARI,DET,receiving_yards,32.222788679786454,32.222788679786454,32.266666666666666,1.0,26.765,3,NOT_LISTED,True,,,,-4.5,54.5,25.0,3.5,0.10174267507600843,0.10266819289671897,6.649415599289252
2026,5,2026_05_CIN_MIA,00-0033526,Samaje Perine,RB,CIN,MIA,receiving_yards,10.690573802576814,10.690573802576814,8.8,1.0,26.765,4,NOT_LISTED,True,,,,7.0,42.5,24.75,2.1666666666666665,0.05933475874015436,0.37047209523101876,8.518959598393305
2026,5,2026_05_LV_NE,00-0033555,Mack Hollins,WR,NE,LV,receiving_yards,46.5579788323703,46.5579788323703,52.86666666666666,1.0,26.765,4,NOT_LISTED,True,,,,3.5,45.5,24.5,6.166666666666667,0.20759360114198824,0.030376162500259474,6.575533731619258
2026,5,2026_05_NYG_WAS,00-0033699,Austin Ekeler,RB,WAS,NYG,receiving_yards,17.083181823833854,17.083181823833854,20.46666666666667,1.0,26.765,1,NOT_LISTED,True,,,,3.5,43.5,23.5,3.8333333333333335,0.11585929870032304,-0.0602493268192795,6.557376277275174
2026,5,2026_05_CHI_GB,00-0033858,Jonnu Smith,TE,GB,CHI,receiving_yards,19.072628018548222,19.072628018548222,24.0,1.0,26.765,3,NOT_LISTED,True,,,,-3.0,45.5,21.25,2.5,0.06234372213474381,-0.01895787938530588,6.953186625820897
2026,5,2026_05_DEN_LAC,00-0033881,Evan Engram,TE,DEN,LAC,receiving_yards,25.274025820153316,25.274025820153316,13.4,1.0,26.765,4,NOT_LISTED,True,,,,3.5,42.5,23.0,3.5,0.11629736196548716,0.014659545510640023,7.0233970311899006
2026,5,2026_05_DEN_LAC,00-0033885,David Njoku,TE,LAC,DEN,receiving_yards,22.32041626059253,22.32041626059253,20.266666666666666,1.0,26.765,2,NOT_LISTED,True,,,,-3.5,42.5,19.5,2.5,0.09272368529710252,-0.09455846420832109,5.655602398576912
2026,5,2026_05_MIN_NO,00-0033906,Alvin Kamara,RB,NO,MIN,receiving_yards,16.953602473365866,16.953602473365866,15.133333333333333,1.0,26.765,3,NOT_LISTED,True,,,,-1.5,42.5,20.5,3.6666666666666665,0.10805540225072635,-0.3888597580555023,5.012554235853738
2026,5,2026_05_SF_SEA,00-0033908,Cooper Kupp,WR,SEA,SF,receiving_yards,28.371201226953787,28.371201226953787,25.733333333333334,1.0,26.765,4,NOT_LISTED,True,,,,2.5,46.5,24.5,3.0,0.1073005698005698,0.11454549228960391,6.4571042068773465
2026,5,2026_05_TB_DAL,00-0033921,Chris Godwin Jr.,WR,TB,DAL,receiving_yards,35.369151751760654,35.369151751760654,37.599999999999994,1.0,26.765,4,NOT_LISTED,True,,,,-8.5,47.5,19.5,4.5,0.14164107497440834,0.4705700307419768,8.505812817154585
2026,5,2026_05_DEN_LAC,00-0034272,Marquez Valdes-Scantling,WR,LAC,DEN,receiving_yards,16.864077763493043,16.864077763493043,12.133333333333333,1.0,26.765,2,NOT_LISTED,True,,,,-3.5,42.5,19.5,3.6666666666666665,0.09681327543523355,-0.09455846420832109,5.655602398576912
2026,5,2026_05_DEN_LAC,00-0034348,Courtland Sutton,WR,DEN,LAC,receiving_yards,39.442013356478256,39.442013356478256,23.733333333333334,1.0,26.765,4,NOT_LISTED,True,,,,3.5,42.5,23.0,5.666666666666667,0.17734070002205884,0.014659545510640023,7.0233970311899006
2026,5,2026_05_PHI_JAX,00-0034351,Dallas Goedert,TE,PHI,JAX,receiving_yards,38.021206307970914,38.021206307970914,35.733333333333334,1.0,26.765,2,NOT_LISTED,True,,,,-7.0,42.5,17.75,5.5,0.21905309814992746,-0.1702104653983672,6.506935146166645
2026,5,2026_05_LV_NE,00-0034365,Ian Thomas,TE,LV,NE,receiving_yards,13.729951538217268,13.729951538217268,20.266666666666666,1.0,26.765,2,NOT_LISTED,True,,,,-3.5,45.5,21.0,1.8333333333333333,0.052318610508265674,0.004219220760639311,6.117619428407968
2026,5,2026_05_HOU_TEN,00-0034383,Dalton Schultz,TE,HOU,TEN,receiving_yards,40.26721207548873,40.26721207548873,56.2,1.0,26.765,4,NOT_LISTED,True,,,,7.5,38.5,23.0,5.833333333333333,0.164973764973765,0.24441872834061978,7.830497322051736
2026,5,2026_05_CIN_MIA,00-0034613,Tanner Hudson,TE,CIN,MIA,receiving_yards,11.208169669518306,11.208169669518306,8.466666666666667,1.0,26.765,3,NOT_LISTED,True,,,,7.0,42.5,24.75,2.0,0.0556811262165528,0.37047209523101876,8.518959598393305
2026,5,2026_05_BAL_ATL,00-0034753,Mark Andrews,TE,BAL,ATL,receiving_yards,42.29070924596964,42.29070924596964,32.733333333333334,1.0,26.765,4,NOT_LISTED,True,,,,-3.5,43.5,20.0,5.166666666666667,0.22079107505070994,0.006540530234941402,6.330753093163383
2026,5,2026_05_BUF_LA,00-0034827,DJ Moore,WR,BUF,LA,receiving_yards,38.79841640837155,38.79841640837155,28.666666666666664,1.0,26.765,4,NOT_LISTED,True,,,,-2.5,54.5,26.0,4.5,0.15716811923708476,-0.019494050470675803,5.847637476043049
2026,5,2026_05_CIN_MIA,00-0034829,Mike Gesicki,TE,CIN,MIA,receiving_yards,36.093481844457415,36.093481844457415,47.666666666666664,1.0,26.765,3,NOT_LISTED,True,,,,7.0,42.5,24.75,3.8333333333333335,0.10392882571361868,0.37047209523101876,8.518959598393305
2026,5,2026_05_HOU_TEN,00-0034837,Calvin Ridley,WR,TEN,HOU,receiving_yards,19.5754028194404,19.5754028194404,23.6,1.0,26.765,3,NOT_LISTED,True,,,,-7.5,38.5,15.5,2.8333333333333335,0.09085114526290998,0.052055391330253976,7.170065462152156
2026,5,2026_05_PHI_JAX,00-0034844,Saquon Barkley,RB,PHI,JAX,receiving_yards,9.924225481006122,9.924225481006122,2.733333333333333,1.0,26.765,4,NOT_LISTED,True,,,,-7.0,42.5,17.75,1.5,0.056449689593705825,-0.1702104653983672,6.506935146166645
2026,5,2026_05_PHI_JAX,00-0034960,Jakobi Meyers,WR,JAX,PHI,receiving_yards,38.81117989193031,38.81117989193031,41.53333333333333,1.0,26.765,4,NOT_LISTED,True,,,,7.0,42.5,24.75,5.0,0.1729922251778259,-0.07329098310499965,5.82452472983406
2026,5,2026_05_HOU_TEN,00-0034981,Foster Moreau,TE,HOU,TEN,receiving_yards,14.63233054942472,14.63233054942472,13.600000000000001,1.0,26.765,4,NOT_LISTED,True,,,,7.5,38.5,23.0,1.8333333333333333,0.06063203137671223,0.24441872834061978,7.830497322051736
2026,5,2026_05_IND_PIT,00-0035021,Ashton Dulin,WR,IND,PIT,receiving_yards,20.382081903971688,20.382081903971688,10.933333333333334,1.0,26.765,2,NOT_LISTED,True,,,,-2.5,44.5,21.0,1.6666666666666667,0.05570723924450286,0.057264015361963495,7.74546796679198
2026,5,2026_05_BAL_ATL,00-0035208,Olamide Zaccheaus,WR,ATL,BAL,receiving_yards,16.24027946516188,16.24027946516188,5.733333333333334,1.0,26.765,4,NOT_LISTED,True,,,,3.5,43.5,23.5,2.5,0.09498119974157422,0.10817347811480696,6.968386705619937
2026,5,2026_05_MIN_NO,00-0035229,T.J. Hockenson,TE,MIN,NO,receiving_yards,50.45743526226816,50.45743526226816,49.33333333333333,1.0,26.765,4,NOT_LISTED,True,,,,1.5,42.5,22.0,5.333333333333333,0.20561143471326537,0.05799804953246461,6.3957924614525155
2026,5,2026_05_MIN_NO,00-0035249,Josh Oliver,TE,MIN,NO,receiving_yards,15.103661285214361,15.103661285214361,16.0,1.0,26.765,3,NOT_LISTED,True,,,,1.5,42.5,22.0,2.0,0.09441720242635572,0.05799804953246461,6.3957924614525155
2026,5,2026_05_NYG_WAS,00-0035250,Devin Singletary,RB,NYG,WAS,receiving_yards,11.831255371625048,11.831255371625048,7.533333333333333,1.0,26.765,2,NOT_LISTED,True,,,,-3.5,43.5,20.0,1.8333333333333333,0.06863548727772865,0.07475384034366883,6.652420774334399
2026,5,2026_05_HOU_TEN,00-0035261,Tony Pollard,RB,TEN,HOU,receiving_yards,12.709625235564474,12.709625235564474,8.4,1.0,26.765,4,NOT_LISTED,True,,,,-7.5,38.5,15.5,2.6666666666666665,0.08924115100585688,0.052055391330253976,7.170065462152156
2026,5,2026_05_DEN_LAC,00-0035406,Lil'Jordan Humphrey,WR,DEN,LAC,receiving_yards,15.742093302665719,15.742093302665719,13.133333333333333,1.0,26.765,1,NOT_LISTED,True,,,,3.5,42.5,23.0,2.6666666666666665,0.07411421698536862,0.014659545510640023,7.0233970311899006
2026,5,2026_05_BUF_LA,00-0035500,Greg Dortch,WR,BUF,LA,receiving_yards,7.9346666055537645,7.9346666055537645,4.466666666666667,1.0,26.765,4,NOT_LISTED,True,,,,-2.5,54.5,26.0,1.8333333333333333,0.041617704661182926,-0.019494050470675803,5.847637476043049
2026,5,2026_05_BUF_LA,00-0035537,Ty Johnson,RB,BUF,LA,receiving_yards,18.820834412273328,18.820834412273328,24.266666666666666,1.0,26.765,2,NOT_LISTED,True,,,,-2.5,54.5,26.0,2.5,0.08808968808968809,-0.019494050470675803,5.847637476043049
2026,5,2026_05_CIN_MIA,00-0035631,Drew Sample,TE,CIN,MIA,receiving_yards,15.153252774522382,15.153252774522382,13.0,1.0,26.765,2,NOT_LISTED,True,,,,7.0,42.5,24.75,2.1666666666666665,0.06193523858059961,0.37047209523101876,8.518959598393305
2026,5,2026_05_IND_PIT,00-0035640,DK Metcalf,WR,PIT,IND,receiving_yards,54.912640895255365,54.912640895255365,55.266666666666666,1.0,26.765,4,NOT_LISTED,True,,,,2.5,44.5,23.5,7.5,0.20892104720627644,0.1407783793769441,7.5267548099021315
2026,5,2026_05_MIN_NO,00-0035644,Noah Fant,TE,NO,MIN,receiving_yards,17.40090834837831,17.40090834837831,18.933333333333334,1.0,26.765,3,NOT_LISTED,True,,,,-1.5,42.5,20.5,2.6666666666666665,0.06100342152973731,-0.3888597580555023,5.012554235853738
2026,5,2026_05_NYG_WAS,00-0035659,Terry McLaurin,WR,WAS,NYG,receiving_yards,57.17312995860219,57.17312995860219,49.13333333333334,1.0,26.765,3,NOT_LISTED,True,,,,3.5,43.5,23.5,6.166666666666667,0.24108276099308446,-0.0602493268192795,6.557376277275174
2026,5,2026_05_PHI_JAX,00-0035662,Marquise Brown,WR,PHI,JAX,receiving_yards,18.255115909069104,18.255115909069104,24.06666666666667,1.0,26.765,1,NOT_LISTED,True,,,,-7.0,42.5,17.75,2.6666666666666665,0.10297152560083596,-0.1702104653983672,6.506935146166645
2026,5,2026_05_LV_NE,00-0035676,A.J. Brown,WR,NE,LV,receiving_yards,58.55352522145361,58.55352522145361,68.6,1.0,26.765,1,NOT_LISTED,True,,,,3.5,45.5,24.5,8.333333333333334,0.28570392566060265,0.030376162500259474,6.575533731619258
2026,5,2026_05_HOU_TEN,00-0035685,David Montgomery,RB,HOU,TEN,receiving_yards,8.034829015752145,8.034829015752145,15.933333333333334,1.0,26.765,4,NOT_LISTED,True,,,,7.5,38.5,23.0,1.6666666666666667,0.04963739601670636,0.24441872834061978,7.830497322051736
2026,5,2026_05_BUF_LA,00-0035689,Dawson Knox,TE,BUF,LA,receiving_yards,13.926931897145607,13.926931897145607,10.2,1.0,26.765,4,NOT_LISTED,True,,,,-2.5,54.5,26.0,2.1666666666666665,0.07253579753579753,-0.019494050470675803,5.847637476043049
2026,5,2026_05_SF_SEA,00-0035719,Deebo Samuel Sr.,WR,SF,SEA,receiving_yards,37.16697849739601,37.16697849739601,45.599999999999994,1.0,26.765,4,NOT_LISTED,True,,,,-2.5,46.5,22.0,4.333333333333333,0.17614819672575624,-0.16750320090578563,4.853633370597656
2026,5,2026_05_LV_NE,00-0035891,Cody White,WR,LV,NE,receiving_yards,19.396792858699886,19.396792858699886,17.666666666666664,1.0,26.765,4,NOT_LISTED,True,,,,-3.5,45.5,21.0,1.8333333333333333,0.053352490421455935,0.004219220760639311,6.117619428407968
2026,5,2026_05_MIN_NO,00-0036040,Juwan Johnson,TE,NO,MIN,receiving_yards,41.05955532825902,41.05955532825902,61.46666666666667,1.0,26.765,4,NOT_LISTED,True,,,,-1.5,42.5,20.5,6.0,0.15417252037506524,-0.3888597580555023,5.012554235853738
2026,5,2026_05_IND_PIT,00-0036139,Rico Dowdle,RB,PIT,IND,receiving_yards,16.622043375733565,16.622043375733565,14.333333333333332,1.0,26.765,2,NOT_LISTED,True,,,,2.5,44.5,23.5,3.5,0.1229165801746447,0.1407783793769441,7.5267548099021315
2026,5,2026_05_IND_PIT,00-0036223,Jonathan Taylor,RB,IND,PIT,receiving_yards,19.59392817906084,19.59392817906084,15.6,1.0,26.765,4,NOT_LISTED,True,,,,-2.5,44.5,21.0,3.8333333333333335,0.12706871672388917,0.057264015361963495,7.74546796679198
2026,5,2026_05_BUF_LA,00-0036244,Colby Parkinson,TE,LA,BUF,receiving_yards,18.026601724815073,18.026601724815073,12.933333333333334,1.0,26.765,3,NOT_LISTED,True,,,,2.5,54.5,28.5,3.8333333333333335,0.10468597849550232,-0.05548814477474302,5.635218445130121
2026,5,2026_05_IND_PIT,00-0036252,Michael Pittman,WR,PIT,IND,receiving_yards,28.76718862787719,28.76718862787719,27.666666666666668,1.0,26.765,3,NOT_LISTED,True,,,,2.5,44.5,23.5,4.0,0.1180807986981513,0.1407783793769441,7.5267548099021315
2026,5,2026_05_MIN_NO,00-0036259,Jauan Jennings,WR,MIN,NO,receiving_yards,19.14026030757278,19.14026030757278,12.26666666666667,1.0,26.765,3,NOT_LISTED,True,,,,1.5,42.5,22.0,3.3333333333333335,0.11317230273752012,0.05799804953246461,6.3957924614525155
2026,5,2026_05_CHI_GB,00-0036275,D'Andre Swift,RB,CHI,GB,receiving_yards,15.593841720394698,15.593841720394698,22.6,1.0,26.765,4,NOT_LISTED,True,,,,3.0,45.5,24.25,2.6666666666666665,0.08396137040709443,0.18713215734884686,6.853471408765526
2026,5,2026_05_CHI_GB,00-0036290,Cole Kmet,TE,CHI,GB,receiving_yards,14.708509372032374,14.708509372032374,7.933333333333334,1.0,26.765,4,NOT_LISTED,True,,,,3.0,45.5,24.25,2.1666666666666665,0.07050286587353917,0.18713215734884686,6.853471408765526
2026,5,2026_05_NYG_WAS,00-0036309,Darnell Mooney,WR,NYG,WAS,receiving_yards,26.631957115586225,26.631957115586225,23.6,1.0,26.765,4,NOT_LISTED,True,,,,-3.5,43.5,20.0,3.3333333333333335,0.12631191844553916,0.07475384034366883,6.652420774334399
2026,5,2026_05_MIN_NO,00-0036322,Justin Jefferson,WR,MIN,NO,receiving_yards,62.574576375949405,62.574576375949405,62.133333333333326,1.0,26.765,3,NOT_LISTED,True,,,,1.5,42.5,22.0,6.833333333333333,0.3097882387127238,0.05799804953246461,6.3957924614525155
2026,5,2026_05_TB_DAL,00-0036358,CeeDee Lamb,WR,DAL,TB,receiving_yards,85.61321626316136,85.61321626316136,127.33333333333333,1.0,26.765,4,NOT_LISTED,True,,,,8.5,47.5,28.0,9.5,0.26110289649707114,0.1228007875639109,6.872865604575163
2026,5,2026_05_CLE_NYJ,00-0036407,Jerry Jeudy,WR,CLE,NYJ,receiving_yards,29.839519184396423,29.839519184396423,22.06666666666667,1.0,26.765,3,NOT_LISTED,True,,,,-2.5,39.5,18.5,4.166666666666667,0.1740451443349994,0.3799893147280837,7.608999241572034
2026,5,2026_05_CIN_MIA,00-0036410,Tee Higgins,WR,CIN,MIA,receiving_yards,74.00998967021259,74.00998967021259,103.53333333333333,1.0,26.765,4,NOT_LISTED,True,,,,7.0,42.5,24.75,8.833333333333334,0.22974741196948553,0.37047209523101876,8.518959598393305
2026,5,2026_05_DEN_LAC,00-0036422,Adam Trautman,TE,DEN,LAC,receiving_yards,15.180058903149146,15.180058903149146,14.266666666666667,1.0,26.765,2,NOT_LISTED,True,,,,3.5,42.5,23.0,2.5,0.06754619288545104,0.014659545510640023,7.0233970311899006
2026,5,2026_05_BAL_ATL,00-0036550,Rashod Bateman,WR,BAL,ATL,receiving_yards,33.737242014249574,33.737242014249574,46.06666666666666,1.0,26.765,4,NOT_LISTED,True,,,,-3.5,43.5,20.0,3.0,0.12016283524904216,0.006540530234941402,6.330753093163383
2026,5,2026_05_HOU_TEN,00-0036554,Nico Collins,WR,HOU,TEN,receiving_yards,72.5344820484081,72.5344820484081,84.33333333333333,1.0,26.765,2,NOT_LISTED,True,,,,7.5,38.5,23.0,7.166666666666667,0.24110951071735387,0.24441872834061978,7.830497322051736
2026,5,2026_05_HOU_TEN,00-0036556,Brevin Jordan,TE,HOU,TEN,receiving_yards,11.400013581613058,11.400013581613058,9.333333333333334,1.0,26.765,1,NOT_LISTED,True,,,,7.5,38.5,23.0,1.6666666666666667,0.04813622098963655,0.24441872834061978,7.830497322051736
2026,5,2026_05_DEN_LAC,00-0036613,Jaylen Waddle,WR,DEN,LAC,receiving_yards,56.26910192287468,56.26910192287468,53.733333333333334,1.0,26.765,4,NOT_LISTED,True,,,,3.5,42.5,23.0,6.0,0.19923987646896144,0.014659545510640023,7.0233970311899006
2026,5,2026_05_NYG_WAS,00-0036626,Dyami Brown,WR,WAS,NYG,receiving_yards,22.20830311720572,22.20830311720572,23.466666666666665,1.0,26.765,4,NOT_LISTED,True,,,,3.5,43.5,23.5,2.3333333333333335,0.07035643573954116,-0.0602493268192795,6.557376277275174
2026,5,2026_05_DET_ARI,00-0036754,Brock Wright,TE,DET,ARI,receiving_yards,13.581082991265305,13.581082991265305,6.800000000000001,1.0,26.765,4,NOT_LISTED,True,,,,4.5,54.5,29.5,2.6666666666666665,0.0715134072144958,0.37095700328721865,7.892248430205748
2026,5,2026_05_BUF_LA,00-0036849,Tutu Atwell,WR,LA,BUF,receiving_yards,18.49923433111038,18.49923433111038,17.666666666666664,1.0,26.765,2,NOT_LISTED,True,,,,2.5,54.5,28.5,2.1666666666666665,0.0558522710353374,-0.05548814477474302,5.635218445130121
2026,5,2026_05_LV_NE,00-0036875,Rhamondre Stevenson,RB,NE,LV,receiving_yards,22.985397245376035,22.985397245376035,20.333333333333332,1.0,26.765,4,NOT_LISTED,True,,,,3.5,45.5,24.5,3.8333333333333335,0.13794589520395972,0.030376162500259474,6.575533731619258
2026,5,2026_05_IND_PIT,00-0036894,Pat Freiermuth,TE,PIT,IND,receiving_yards,34.67129768483398,34.67129768483398,31.733333333333334,1.0,26.765,4,NOT_LISTED,True,,,,2.5,44.5,23.5,4.833333333333333,0.1293798592185689,0.1407783793769441,7.5267548099021315
2026,5,2026_05_CIN_MIA,00-0036900,Ja'Marr Chase,WR,CIN,MIA,receiving_yards,59.80017995625748,59.80017995625748,64.53333333333333,1.0,26.765,4,NOT_LISTED,True,,,,7.0,42.5,24.75,7.833333333333333,0.2207971508070059,0.37047209523101876,8.518959598393305
2026,5,2026_05_PHI_JAX,00-0036912,DeVonta Smith,WR,PHI,JAX,receiving_yards,61.44858546343378,61.44858546343378,70.6,1.0,26.765,3,NOT_LISTED,True,,,,-7.0,42.5,17.75,7.333333333333333,0.2659770114942529,-0.1702104653983672,6.506935146166645
2026,5,2026_05_TB_DAL,00-0036919,Kenny Gainwell,RB,TB,DAL,receiving_yards,18.2924995309915,18.2924995309915,16.2,1.0,26.765,4,NOT_LISTED,True,,,,-8.5,47.5,19.5,4.166666666666667,0.11511382344715677,0.4705700307419768,8.505812817154585
2026,5,2026_05_DET_ARI,00-0036963,Amon-Ra St. Brown,WR,DET,ARI,receiving_yards,80.41720123055948,80.41720123055948,81.2,1.0,26.765,4,NOT_LISTED,True,,,,4.5,54.5,29.5,12.333333333333334,0.33996215691778703,0.37095700328721865,7.892248430205748
2026,5,2026_05_BAL_ATL,00-0036970,Kyle Pitts,TE,ATL,BAL,receiving_yards,24.4684714562341,24.4684714562341,22.799999999999997,1.0,26.765,4,NOT_LISTED,True,,,,3.5,43.5,23.5,3.5,0.13939371570581433,0.10817347811480696,6.968386705619937
2026,5,2026_05_MIN_NO,00-0036973,Travis Etienne,RB,NO,MIN,receiving_yards,15.57457459473195,15.57457459473195,16.133333333333333,1.0,26.765,3,NOT_LISTED,True,,,,-1.5,42.5,20.5,3.6666666666666665,0.09029553525521267,-0.3888597580555023,5.012554235853738
2026,5,2026_05_BUF_LA,00-0036988,Josh Palmer,WR,BUF,LA,receiving_yards,26.298652686731213,26.298652686731213,22.333333333333336,1.0,26.765,3,NOT_LISTED,True,,,,-2.5,54.5,26.0,2.5,0.08920153920153921,-0.019494050470675803,5.847637476043049
2026,5,2026_05_TB_DAL,00-0036997,Javonte Williams,RB,DAL,TB,receiving_yards,21.568815251843187,21.568815251843187,14.933333333333334,1.0,26.765,4,NOT_LISTED,True,,,,8.5,47.5,28.0,3.6666666666666665,0.10604725834236335,0.1228007875639109,6.872865604575163
2026,5,2026_05_DEN_LAC,00-0037085,Tyler Badie,RB,DEN,LAC,receiving_yards,13.367984642473264,13.367984642473264,21.2,1.0,26.765,3,NOT_LISTED,True,,,,3.5,42.5,23.0,1.8333333333333333,0.05675197206150744,0.014659545510640023,7.0233970311899006
2026,5,2026_05_DET_ARI,00-0037157,Bam Knight,RB,ARI,DET,receiving_yards,10.050186686637403,10.050186686637403,9.933333333333334,1.0,26.765,1,NOT_LISTED,True,,,,-4.5,54.5,25.0,3.0,0.06626149017453366,0.10266819289671897,6.649415599289252
2026,5,2026_05_IND_PIT,00-0037228,Jaylen Warren,RB,PIT,IND,receiving_yards,24.092045190462546,24.092045190462546,34.93333333333334,1.0,26.765,4,NOT_LISTED,True,,,,2.5,44.5,23.5,4.166666666666667,0.11113084096955066,0.1407783793769441,7.5267548099021315
2026,5,2026_05_MIN_NO,00-0037231,Kevin Austin Jr.,WR,NO,MIN,receiving_yards,21.327510547039154,21.327510547039154,29.0,1.0,26.765,1,NOT_LISTED,True,,,,-1.5,42.5,20.5,4.0,0.1217752368758755,-0.3888597580555023,5.012554235853738
2026,5,2026_05_BAL_ATL,00-0037238,Drake London,WR,ATL,BAL,receiving_yards,72.25574403128148,72.25574403128148,98.33333333333334,1.0,26.765,4,NOT_LISTED,True,,,,3.5,43.5,23.5,5.833333333333333,0.2455443189554063,0.10817347811480696,6.968386705619937
2026,5,2026_05_MIN_NO,00-0037239,Chris Olave,WR,NO,MIN,receiving_yards,83.29188609210351,83.29188609210351,112.33333333333333,1.0,26.765,4,NOT_LISTED,True,,,,-1.5,42.5,20.5,12.5,0.31510868137641185,-0.3888597580555023,5.012554235853738
2026,5,2026_05_DET_ARI,00-0037240,Jameson Williams,WR,DET,ARI,receiving_yards,50.64220937146463,50.64220937146463,59.46666666666667,1.0,26.765,4,NOT_LISTED,True,,,,4.5,54.5,29.5,6.0,0.15793298165180233,0.37095700328721865,7.892248430205748
2026,5,2026_05_TB_DAL,00-0037247,George Pickens,WR,DAL,TB,receiving_yards,52.635358245126284,52.635358245126284,60.2,1.0,26.765,4,NOT_LISTED,True,,,,8.5,47.5,28.0,6.0,0.17869260491451364,0.1228007875639109,6.872865604575163
2026,5,2026_05_BUF_LA,00-0037248,James Cook,RB,BUF,LA,receiving_yards,13.841112489156775,13.841112489156775,4.2,1.0,26.765,4,NOT_LISTED,True,,,,-2.5,54.5,26.0,2.3333333333333335,0.07939005439005438,-0.019494050470675803,5.847637476043049
2026,5,2026_05_CIN_MIA,00-0037252,Greg Dulcich,TE,MIA,CIN,receiving_yards,29.38860225808273,29.38860225808273,33.0,1.0,26.765,3,NOT_LISTED,True,,,,-7.0,42.5,17.75,4.166666666666667,0.1578918453231297,0.0056948935588698735,7.041066992515163
2026,5,2026_05_NYG_WAS,00-0037256,Rachaad White,RB,WAS,NYG,receiving_yards,15.346329056599899,15.346329056599899,16.266666666666666,1.0,26.765,3,NOT_LISTED,True,,,,3.5,43.5,23.5,2.5,0.08252217919560718,-0.0602493268192795,6.557376277275174
2026,5,2026_05_BUF_LA,00-0037261,Khalil Shakir,WR,BUF,LA,receiving_yards,44.26278679777225,44.26278679777225,41.53333333333333,1.0,26.765,4,NOT_LISTED,True,,,,-2.5,54.5,26.0,5.833333333333333,0.21675361675361673,-0.019494050470675803,5.847637476043049
2026,5,2026_05_DET_ARI,00-0037263,Tyler Allgeier,RB,ARI,DET,receiving_yards,13.181392782484558,13.181392782484558,7.7333333333333325,1.0,26.765,4,NOT_LISTED,True,,,,-4.5,54.5,25.0,2.0,0.055797775797775805,0.10266819289671897,6.649415599289252
2026,5,2026_05_LV_NE,00-0037291,Jalen Nailor,WR,LV,NE,receiving_yards,25.24947955730095,25.24947955730095,17.133333333333333,1.0,26.765,3,NOT_LISTED,True,,,,-3.5,45.5,21.0,2.8333333333333335,0.10570786035553652,0.004219220760639311,6.117619428407968
2026,5,2026_05_SF_SEA,00-0037545,Rashid Shaheed,WR,SEA,SF,receiving_yards,28.069733018633226,28.069733018633226,19.333333333333332,1.0,26.765,4,NOT_LISTED,True,,,,2.5,46.5,24.5,2.8333333333333335,0.10822649572649573,0.11454549228960391,6.4571042068773465
2026,5,2026_05_IND_PIT,00-0037664,Alec Pierce,WR,IND,PIT,receiving_yards,39.912520457047165,39.912520457047165,61.2,1.0,26.765,2,NOT_LISTED,True,,,,-2.5,44.5,21.0,4.0,0.12905625664246353,0.057264015361963495,7.74546796679198
2026,5,2026_05_CIN_MIA,00-0037666,Jalen Tolbert,WR,MIA,CIN,receiving_yards,16.11219678279953,16.11219678279953,11.4,1.0,26.765,1,NOT_LISTED,True,,,,-7.0,42.5,17.75,2.1666666666666665,0.06881947827440155,0.0056948935588698735,7.041066992515163
2026,5,2026_05_CLE_NYJ,00-0037740,Garrett Wilson,WR,NYJ,CLE,receiving_yards,63.013355252199354,63.013355252199354,57.06666666666666,1.0,26.765,4,NOT_LISTED,True,,,,2.5,39.5,21.0,7.0,0.3165495535060752,-0.03963762558831056,6.4160206737003325
2026,5,2026_05_BAL_ATL,00-0037741,Jahan Dotson,WR,ATL,BAL,receiving_yards,33.04844909050842,33.04844909050842,24.2,1.0,26.765,4,NOT_LISTED,True,,,,3.5,43.5,23.5,3.6666666666666665,0.14135174010282023,0.10817347811480696,6.968386705619937
2026,5,2026_05_NYG_WAS,00-0037742,Treylon Burks,WR,WAS,NYG,receiving_yards,21.717659103748904,21.717659103748904,19.53333333333333,1.0,26.765,3,NOT_LISTED,True,,,,3.5,43.5,23.5,2.8333333333333335,0.12252936262224189,-0.0602493268192795,6.557376277275174
2026,5,2026_05_DET_ARI,00-0037744,Trey McBride,TE,ARI,DET,receiving_yards,70.51591507345084,70.51591507345084,54.93333333333334,1.0,26.765,4,NOT_LISTED,True,,,,-4.5,54.5,25.0,11.166666666666666,0.32599445599445603,0.10266819289671897,6.649415599289252
2026,5,2026_05_CLE_NYJ,00-0037755,Jelani Woods,TE,NYJ,CLE,receiving_yards,13.106179864673166,13.106179864673166,11.2,1.0,26.765,2,NOT_LISTED,True,,,,2.5,39.5,21.0,2.1666666666666665,0.0750521968046478,-0.03963762558831056,6.4160206737003325
2026,5,2026_05_CLE_NYJ,00-0037805,Jeremy Ruckert,TE,NYJ,CLE,receiving_yards,16.75484459875407,16.75484459875407,14.733333333333334,1.0,26.765,3,NOT_LISTED,True,,,,2.5,39.5,21.0,2.6666666666666665,0.08040133323860946,-0.03963762558831056,6.4160206737003325
2026,5,2026_05_NYG_WAS,00-0037809,Chig Okonkwo,TE,WAS,NYG,receiving_yards,30.156420829142565,30.156420829142565,14.933333333333334,1.0,26.765,2,NOT_LISTED,True,,,,3.5,43.5,23.5,5.5,0.18076550950114167,-0.0602493268192795,6.557376277275174
2026,5,2026_05_LV_NE,00-0037816,Romeo Doubs,WR,NE,LV,receiving_yards,46.56516795634033,46.56516795634033,63.86666666666667,1.0,26.765,4,NOT_LISTED,True,,,,3.5,45.5,24.5,4.833333333333333,0.1734306195596518,0.030376162500259474,6.575533731619258
2026,5,2026_05_NYG_WAS,00-0037838,Isaiah Likely,TE,NYG,WAS,receiving_yards,51.894349122230565,51.894349122230565,39.0,1.0,26.765,4,NOT_LISTED,True,,,,-3.5,43.5,20.0,6.666666666666667,0.2513162448887601,0.07475384034366883,6.652420774334399
2026,5,2026_05_BUF_LA,00-0037840,Kyren Williams,RB,LA,BUF,receiving_yards,34.39924044197014,34.39924044197014,45.266666666666666,1.0,26.765,4,NOT_LISTED,True,,,,2.5,54.5,28.5,5.5,0.13318389818389817,-0.05548814477474302,5.635218445130121
2026,5,2026_05_TB_DAL,00-0038041,Jake Ferguson,TE,DAL,TB,receiving_yards,24.14876192859088,24.14876192859088,21.666666666666668,1.0,26.765,4,NOT_LISTED,True,,,,8.5,47.5,28.0,3.1666666666666665,0.09270570963997038,0.1228007875639109,6.872865604575163
2026,5,2026_05_CHI_GB,00-0038090,Skyy Moore,WR,GB,CHI,receiving_yards,18.68189517071999,18.68189517071999,9.333333333333332,1.0,26.765,4,NOT_LISTED,True,,,,-3.0,45.5,21.25,2.1666666666666665,0.05539497408158666,-0.01895787938530588,6.953186625820897
2026,5,2026_05_HOU_TEN,00-0038115,Daniel Bellinger,TE,TEN,HOU,receiving_yards,10.422574079716046,10.422574079716046,8.533333333333333,1.0,26.765,4,NOT_LISTED,True,,,,-7.5,38.5,15.5,1.6666666666666667,0.05889053897421037,0.052055391330253976,7.170065462152156
2026,5,2026_05_HOU_TEN,00-0038117,Wan'Dale Robinson,WR,TEN,HOU,receiving_yards,46.55555673117466,46.55555673117466,34.0,1.0,26.765,4,NOT_LISTED,True,,,,-7.5,38.5,15.5,7.166666666666667,0.28504391146378977,0.052055391330253976,7.170065462152156
2026,5,2026_05_CLE_NYJ,00-0038120,Breece Hall,RB,NYJ,CLE,receiving_yards,19.63402206463519,19.63402206463519,29.93333333333333,1.0,26.765,3,NOT_LISTED,True,,,,2.5,39.5,21.0,3.0,0.0922773396798333,-0.03963762558831056,6.4160206737003325
2026,5,2026_05_CHI_GB,00-0038124,Christian Watson,WR,GB,CHI,receiving_yards,61.98322044655281,61.98322044655281,67.53333333333333,1.0,26.765,4,NOT_LISTED,True,,,,-3.0,45.5,21.25,7.333333333333333,0.2275647960333559,-0.01895787938530588,6.953186625820897
2026,5,2026_05_TB_DAL,00-0038129,Cade Otton,TE,TB,DAL,receiving_yards,43.90781229305186,43.90781229305186,45.13333333333333,1.0,26.765,4,NOT_LISTED,True,,,,-8.5,47.5,19.5,6.0,0.2115335282001949,0.4705700307419768,8.505812817154585
2026,5,2026_05_BUF_LA,00-0038359,Xavier Smith,WR,LA,BUF,receiving_yards,11.26773675195884,11.26773675195884,8.666666666666668,1.0,26.765,3,NOT_LISTED,True,,,,2.5,54.5,28.5,1.8333333333333333,0.04928678678678678,-0.05548814477474302,5.635218445130121
2026,5,2026_05_PHI_JAX,00-0038393,Dontayvion Wicks,WR,PHI,JAX,receiving_yards,39.27749028273598,39.27749028273598,39.2,1.0,26.765,4,NOT_LISTED,True,,,,-7.0,42.5,17.75,3.8333333333333335,0.14693701723113486,-0.1702104653983672,6.506935146166645
2026,5,2026_05_DEN_LAC,00-0038454,Keaton Mitchell,RB,LAC,DEN,receiving_yards,12.676075754246385,12.676075754246385,9.533333333333333,1.0,26.765,4,NOT_LISTED,True,,,,-3.5,42.5,19.5,2.0,0.07048650274456726,-0.09455846420832109,5.655602398576912
2026,5,2026_05_BAL_ATL,00-0038542,Bijan Robinson,RB,ATL,BAL,receiving_yards,28.850029566458737,28.850029566458737,16.933333333333334,1.0,26.765,4,NOT_LISTED,True,,,,3.5,43.5,23.5,4.833333333333333,0.22371742821288843,0.10817347811480696,6.968386705619937
2026,5,2026_05_SF_SEA,00-0038543,Jaxon Smith-Njigba,WR,SEA,SF,receiving_yards,85.628105194782,85.628105194782,114.26666666666667,1.0,26.765,4,NOT_LISTED,True,,,,2.5,46.5,24.5,10.333333333333334,0.37695868945868943,0.11454549228960391,6.4571042068773465
2026,5,2026_05_DEN_LAC,00-0038544,Quentin Johnston,WR,LAC,DEN,receiving_yards,40.22747010621589,40.22747010621589,38.86666666666667,1.0,26.765,4,NOT_LISTED,True,,,,-3.5,42.5,19.5,5.333333333333333,0.1829166950134692,-0.09455846420832109,5.655602398576912
2026,5,2026_05_IND_PIT,00-0038558,Darnell Washington,TE,PIT,IND,receiving_yards,22.390803243510028,22.390803243510028,31.53333333333333,1.0,26.765,4,NOT_LISTED,True,,,,2.5,44.5,23.5,3.1666666666666665,0.08744378438775723,0.1407783793769441,7.5267548099021315
2026,5,2026_05_DET_ARI,00-0038559,Michael Wilson,WR,ARI,DET,receiving_yards,74.78573121468577,74.78573121468577,70.13333333333333,1.0,26.765,4,NOT_LISTED,True,,,,-4.5,54.5,25.0,10.333333333333334,0.2902128502128502,0.10266819289671897,6.649415599289252
2026,5,2026_05_LV_NE,00-0038563,Tre Tucker,WR,LV,NE,receiving_yards,48.24751500900022,48.24751500900022,62.0,1.0,26.765,4,NOT_LISTED,True,,,,-3.5,45.5,21.0,5.833333333333333,0.18739421498042189,0.004219220760639311,6.117619428407968
2026,5,2026_05_CIN_MIA,00-0038597,Chase Brown,RB,CIN,MIA,receiving_yards,26.74019223374851,26.74019223374851,26.933333333333334,1.0,26.765,4,NOT_LISTED,True,,,,7.0,42.5,24.75,5.5,0.1413609937387517,0.37047209523101876,8.518959598393305
2026,5,2026_05_PHI_JAX,00-0038606,Parker Washington,WR,JAX,PHI,receiving_yards,62.54162334169491,62.54162334169491,57.66666666666667,1.0,26.765,4,NOT_LISTED,True,,,,7.0,42.5,24.75,7.5,0.2650830888325044,-0.07329098310499965,5.82452472983406
2026,5,2026_05_HOU_TEN,00-0038608,Kayshon Boutte,WR,HOU,TEN,receiving_yards,28.63214889861387,28.63214889861387,29.133333333333333,1.0,26.765,4,NOT_LISTED,True,,,,7.5,38.5,23.0,3.3333333333333335,0.10988812988812989,0.24441872834061978,7.830497322051736
2026,5,2026_05_HOU_TEN,00-0038618,Xavier Hutchinson,WR,HOU,TEN,receiving_yards,49.71546666897077,49.71546666897077,44.86666666666666,1.0,26.765,4,NOT_LISTED,True,,,,7.5,38.5,23.0,6.333333333333333,0.20188050688050688,0.24441872834061978,7.830497322051736
2026,5,2026_05_CIN_MIA,00-0038619,Andrei Iosivas,WR,CIN,MIA,receiving_yards,16.26401345975929,16.26401345975929,11.866666666666667,1.0,26.765,2,NOT_LISTED,True,,,,7.0,42.5,24.75,2.5,0.07354912519448621,0.37047209523101876,8.518959598393305
2026,5,2026_05_LV_NE,00-0038621,DeMario Douglas,WR,NE,LV,receiving_yards,29.062614255620677,29.062614255620677,20.46666666666667,1.0,26.765,4,NOT_LISTED,True,,,,3.5,45.5,24.5,3.6666666666666665,0.13350742447516642,0.030376162500259474,6.575533731619258
2026,5,2026_05_HOU_TEN,00-0038728,Jared Wayne,WR,HOU,TEN,receiving_yards,24.850112703436828,24.850112703436828,21.5,1.0,26.765,3,NOT_LISTED,True,,,,7.5,38.5,23.0,3.5,0.09491465149359887,0.24441872834061978,7.830497322051736
2026,5,2026_05_DEN_LAC,00-0038783,Nate Adkins,TE,DEN,LAC,receiving_yards,15.31960997909123,15.31960997909123,12.0,1.0,26.765,3,NOT_LISTED,True,,,,3.5,42.5,23.0,1.6666666666666667,0.04799417702701084,0.014659545510640023,7.0233970311899006
2026,5,2026_05_CIN_MIA,00-0038839,Mitchell Tinsley,WR,CIN,MIA,receiving_yards,31.370466999341417,31.370466999341417,22.53333333333333,1.0,26.765,1,NOT_LISTED,True,,,,7.0,42.5,24.75,4.5,0.10755826316583182,0.37047209523101876,8.518959598393305
2026,5,2026_05_BUF_LA,00-0038933,Dalton Kincaid,TE,BUF,LA,receiving_yards,41.43234280068286,41.43234280068286,49.2,1.0,26.765,4,NOT_LISTED,True,,,,-2.5,54.5,26.0,3.8333333333333335,0.14079161579161578,-0.019494050470675803,5.847637476043049
2026,5,2026_05_PHI_JAX,00-0038935,Brenton Strange,TE,JAX,PHI,receiving_yards,42.29746578669436,42.29746578669436,47.0,1.0,26.765,4,NOT_LISTED,True,,,,7.0,42.5,24.75,4.833333333333333,0.1793300847765551,-0.07329098310499965,5.82452472983406
2026,5,2026_05_DEN_LAC,00-0038976,Marvin Mims Jr.,WR,DEN,LAC,receiving_yards,15.2978359468444,15.2978359468444,9.666666666666668,1.0,26.765,2,NOT_LISTED,True,,,,3.5,42.5,23.0,3.1666666666666665,0.09503460840703404,0.014659545510640023,7.0233970311899006
2026,5,2026_05_MIN_NO,00-0038994,Jordan Addison,WR,MIN,NO,receiving_yards,46.42280375797638,46.42280375797638,44.0,1.0,26.765,4,NOT_LISTED,True,,,,1.5,42.5,22.0,4.333333333333333,0.17722686162045428,0.05799804953246461,6.3957924614525155
2026,5,2026_05_CHI_GB,00-0038996,Tucker Kraft,TE,GB,CHI,receiving_yards,39.56824117032271,39.56824117032271,37.333333333333336,1.0,26.765,4,NOT_LISTED,True,,,,-3.0,45.5,21.25,6.0,0.16441691619176405,-0.01895787938530588,6.953186625820897
2026,5,2026_05_IND_PIT,00-0038997,Josh Downs,WR,IND,PIT,receiving_yards,52.723303905442684,52.723303905442684,52.8,1.0,26.765,4,NOT_LISTED,True,,,,-2.5,44.5,21.0,6.166666666666667,0.19729561626113348,0.057264015361963495,7.74546796679198
2026,5,2026_05_HOU_TEN,00-0039032,Tyjae Spears,RB,TEN,HOU,receiving_yards,9.922874120233331,9.922874120233331,8.8,1.0,26.765,4,NOT_LISTED,True,,,,-7.5,38.5,15.5,2.6666666666666665,0.09424709277650455,0.052055391330253976,7.170065462152156
2026,5,2026_05_CIN_MIA,00-0039040,De'Von Achane,RB,MIA,CIN,receiving_yards,24.188519788154885,24.188519788154885,20.066666666666666,1.0,26.765,3,NOT_LISTED,True,,,,-7.0,42.5,17.75,4.0,0.1575345536614902,0.0056948935588698735,7.041066992515163
2026,5,2026_05_DET_ARI,00-0039041,Elijah Higgins,TE,ARI,DET,receiving_yards,17.229165744743447,17.229165744743447,18.333333333333332,1.0,26.765,3,NOT_LISTED,True,,,,-4.5,54.5,25.0,2.8333333333333335,0.08811986863711002,0.10266819289671897,6.649415599289252
2026,5,2026_05_BAL_ATL,00-0039064,Zay Flowers,WR,BAL,ATL,receiving_yards,75.64628534000792,75.64628534000792,110.66666666666666,1.0,26.765,3,NOT_LISTED,True,,,,-3.5,43.5,20.0,6.666666666666667,0.30796146044624745,0.006540530234941402,6.330753093163383
2026,5,2026_05_DET_ARI,00-0039065,Sam LaPorta,TE,DET,ARI,receiving_yards,60.80254433253792,60.80254433253792,61.2,1.0,26.765,4,NOT_LISTED,True,,,,4.5,54.5,29.5,7.5,0.1919575287525078,0.37095700328721865,7.892248430205748
2026,5,2026_05_LV_NE,00-0039066,Michael Mayer,TE,LV,NE,receiving_yards,40.81785507152419,40.81785507152419,47.733333333333334,1.0,26.765,4,NOT_LISTED,True,,,,-3.5,45.5,21.0,6.5,0.2061823712685782,0.004219220760639311,6.117619428407968
2026,5,2026_05_BUF_LA,00-0039074,Davis Allen,TE,LA,BUF,receiving_yards,13.630476326299966,13.630476326299966,10.066666666666666,1.0,26.765,4,NOT_LISTED,True,,,,2.5,54.5,28.5,2.1666666666666665,0.05046475897666374,-0.05548814477474302,5.635218445130121
2026,5,2026_05_BUF_LA,00-0039075,Puka Nacua,WR,LA,BUF,receiving_yards,84.70803358525097,84.70803358525097,103.53333333333333,1.0,26.765,2,NOT_LISTED,True,,,,2.5,54.5,28.5,11.5,0.29520257099204467,-0.05548814477474302,5.635218445130121
2026,5,2026_05_DET_ARI,00-0039139,Jahmyr Gibbs,RB,DET,ARI,receiving_yards,41.90010854093597,41.90010854093597,47.599999999999994,1.0,26.765,4,NOT_LISTED,True,,,,4.5,54.5,29.5,6.0,0.16273133780589602,0.37095700328721865,7.892248430205748
2026,5,2026_05_CHI_GB,00-0039146,Jayden Reed,WR,GB,CHI,receiving_yards,28.39771415409553,28.39771415409553,25.4,1.0,26.765,2,NOT_LISTED,True,,,,-3.0,45.5,21.25,4.166666666666667,0.13917707812760285,-0.01895787938530588,6.953186625820897
2026,5,2026_05_NYG_WAS,00-0039337,Malik Nabers,WR,NYG,WAS,receiving_yards,50.27834567181161,50.27834567181161,43.86666666666667,1.0,26.765,4,NOT_LISTED,True,,,,-3.5,43.5,20.0,6.0,0.22429529282977556,0.07475384034366883,6.652420774334399
2026,5,2026_05_LV_NE,00-0039338,Brock Bowers,TE,LV,NE,receiving_yards,69.47860014399109,69.47860014399109,71.8,1.0,26.765,2,NOT_LISTED,True,,,,-3.5,45.5,21.0,7.666666666666667,0.26169372294372295,0.004219220760639311,6.117619428407968
2026,5,2026_05_HOU_TEN,00-0039359,Cade Stover,TE,HOU,TEN,receiving_yards,10.60921102800932,10.60921102800932,10.2,1.0,26.765,2,NOT_LISTED,True,,,,7.5,38.5,23.0,2.0,0.0671728410698999,0.24441872834061978,7.830497322051736
2026,5,2026_05_TB_DAL,00-0039361,Bucky Irving,RB,TB,DAL,receiving_yards,17.692430879664933,17.692430879664933,8.466666666666667,1.0,26.765,4,NOT_LISTED,True,,,,-8.5,47.5,19.5,3.8333333333333335,0.120338303671637,0.4705700307419768,8.505812817154585
2026,5,2026_05_NYG_WAS,00-0039384,Tyrone Tracy Jr.,RB,NYG,WAS,receiving_yards,5.139642325576552,5.139642325576552,3.4000000000000004,1.0,26.765,4,NOT_LISTED,True,,,,-3.5,43.5,20.0,1.8333333333333333,0.058369252873563225,0.07475384034366883,6.652420774334399
2026,5,2026_05_TB_DAL,00-0039410,Ryan Flournoy,WR,DAL,TB,receiving_yards,37.45889067932585,37.45889067932585,29.066666666666666,1.0,26.765,4,NOT_LISTED,True,,,,8.5,47.5,28.0,5.333333333333333,0.16833476938075098,0.1228007875639109,6.872865604575163
2026,5,2026_05_MIN_NO,00-0039424,Devaughn Vele,WR,NO,MIN,receiving_yards,48.523269215312126,48.523269215312126,53.733333333333334,1.0,26.765,4,NOT_LISTED,True,,,,-1.5,42.5,20.5,7.0,0.19614411197930415,-0.3888597580555023,5.012554235853738
2026,5,2026_05_CLE_NYJ,00-0039451,Isaiah Williams,WR,NYJ,CLE,receiving_yards,33.986626139361505,33.986626139361505,38.2,1.0,26.765,4,NOT_LISTED,True,,,,2.5,39.5,21.0,4.0,0.15668871687893426,-0.03963762558831056,6.4160206737003325
2026,5,2026_05_TB_DAL,00-0039530,Brevyn Spann-Ford,TE,DAL,TB,receiving_yards,11.736883609575166,11.736883609575166,10.066666666666666,1.0,26.765,4,NOT_LISTED,True,,,,8.5,47.5,28.0,1.5,0.05015213646406771,0.1228007875639109,6.872865604575163
2026,5,2026_05_IND_PIT,00-0039739,Roman Wilson,WR,PIT,IND,receiving_yards,41.14648606158535,41.14648606158535,44.93333333333333,1.0,26.765,4,NOT_LISTED,True,,,,2.5,44.5,23.5,4.666666666666667,0.13565793404503082,0.1407783793769441,7.5267548099021315
2026,5,2026_05_PHI_JAX,00-0039746,Will Shipley,RB,PHI,JAX,receiving_yards,8.632819246607355,8.632819246607355,5.533333333333333,1.0,26.765,4,NOT_LISTED,True,,,,-7.0,42.5,17.75,1.5,0.052085561497326203,-0.1702104653983672,6.506935146166645
2026,5,2026_05_BAL_ATL,00-0039792,Devontez Walker,WR,BAL,ATL,receiving_yards,20.012309569311057,20.012309569311057,20.666666666666668,1.0,26.765,3,NOT_LISTED,True,,,,-3.5,43.5,20.0,1.5,0.06204079332882578,0.006540530234941402,6.330753093163383
2026,5,2026_05_SF_SEA,00-0039793,AJ Barner,TE,SEA,SF,receiving_yards,22.77751828834868,22.77751828834868,28.400000000000002,1.0,26.765,4,NOT_LISTED,True,,,,2.5,46.5,24.5,3.5,0.11709401709401711,0.11454549228960391,6.4571042068773465
2026,5,2026_05_CLE_NYJ,00-0039794,Braelon Allen,RB,NYJ,CLE,receiving_yards,11.490164259649516,11.490164259649516,6.2,1.0,26.765,4,NOT_LISTED,True,,,,2.5,39.5,21.0,1.5,0.05751092707614447,-0.03963762558831056,6.4160206737003325
2026,5,2026_05_CHI_GB,00-0039811,MarShawn Lloyd,RB,GB,CHI,receiving_yards,15.241171148388286,15.241171148388286,13.959999999999999,1.0,26.765,4,NOT_LISTED,True,,,,-3.0,45.5,21.25,2.4,0.07927575804857752,-0.01895787938530588,6.953186625820897
2026,5,2026_05_CIN_MIA,00-0039814,Erick All,TE,CIN,MIA,receiving_yards,16.324418009981592,16.324418009981592,17.6,1.0,26.765,1,NOT_LISTED,True,,,,7.0,42.5,24.75,2.1666666666666665,0.07162788395256837,0.37047209523101876,8.518959598393305
2026,5,2026_05_NYG_WAS,00-0039847,Theo Johnson,TE,NYG,WAS,receiving_yards,19.274370003258547,19.274370003258547,12.066666666666668,1.0,26.765,3,NOT_LISTED,True,,,,-3.5,43.5,20.0,3.3333333333333335,0.13204268592199625,0.07475384034366883,6.652420774334399
2026,5,2026_05_DET_ARI,00-0039849,Marvin Harrison Jr.,WR,ARI,DET,receiving_yards,23.99591932969136,23.99591932969136,17.0,1.0,26.765,4,NOT_LISTED,True,,,,-4.5,54.5,25.0,2.8333333333333335,0.07764133971030522,0.10266819289671897,6.649415599289252
2026,5,2026_05_TB_DAL,00-0039855,Jalen McMillan,WR,TB,DAL,receiving_yards,25.82870297007986,25.82870297007986,41.8,1.0,26.765,1,NOT_LISTED,True,,,,-8.5,47.5,19.5,3.6666666666666665,0.10910330261136712,0.4705700307419768,8.505812817154585
2026,5,2026_05_DEN_LAC,00-0039868,Troy Franklin,WR,DEN,LAC,receiving_yards,18.12375346814242,18.12375346814242,18.333333333333332,1.0,26.765,3,NOT_LISTED,True,,,,3.5,42.5,23.0,2.3333333333333335,0.06642377332435528,0.014659545510640023,7.0233970311899006
2026,5,2026_05_CIN_MIA,00-0039880,Malik Washington,WR,MIA,CIN,receiving_yards,52.98010723091444,52.98010723091444,48.46666666666667,1.0,26.765,4,NOT_LISTED,True,,,,-7.0,42.5,17.75,5.833333333333333,0.2327583060745891,0.0056948935588698735,7.041066992515163
2026,5,2026_05_CLE_NYJ,00-0039890,Adonai Mitchell,WR,NYJ,CLE,receiving_yards,52.887130784229946,52.887130784229946,41.0,1.0,26.765,2,NOT_LISTED,True,,,,2.5,39.5,21.0,7.0,0.22318372342349324,-0.03963762558831056,6.4160206737003325
2026,5,2026_05_PHI_JAX,00-0039893,Brian Thomas Jr.,WR,JAX,PHI,receiving_yards,31.83056949790332,31.83056949790332,25.866666666666667,1.0,26.765,4,NOT_LISTED,True,,,,7.0,42.5,24.75,4.333333333333333,0.1505074165195717,-0.07329098310499965,5.82452472983406
2026,5,2026_05_BUF_LA,00-0039901,Keon Coleman,WR,BUF,LA,receiving_yards,43.89627845793765,43.89627845793765,62.0,1.0,26.765,4,NOT_LISTED,True,,,,-2.5,54.5,26.0,3.8333333333333335,0.1357041107041107,-0.019494050470675803,5.847637476043049
2026,5,2026_05_NYG_WAS,00-0039912,Ben Sinnott,TE,WAS,NYG,receiving_yards,12.627675765020944,12.627675765020944,7.066666666666666,1.0,26.765,2,NOT_LISTED,True,,,,3.5,43.5,23.5,1.8333333333333333,0.08683074106835716,-0.0602493268192795,6.557376277275174
2026,5,2026_05_DEN_LAC,00-0039915,Ladd McConkey,WR,LAC,DEN,receiving_yards,35.3931763162983,35.3931763162983,37.333333333333336,1.0,26.765,4,NOT_LISTED,True,,,,-3.5,42.5,19.5,4.166666666666667,0.1449128330848761,-0.09455846420832109,5.655602398576912
2026,5,2026_05_CHI_GB,00-0039919,Rome Odunze,WR,CHI,GB,receiving_yards,48.080596898803975,48.080596898803975,55.800000000000004,1.0,26.765,4,NOT_LISTED,True,,,,3.0,45.5,24.25,5.833333333333333,0.18974916476102432,0.18713215734884686,6.853471408765526
2026,5,2026_05_PHI_JAX,00-0040024,Darius Cooper,WR,PHI,JAX,receiving_yards,22.203250830230466,22.203250830230466,18.200000000000003,1.0,26.765,4,NOT_LISTED,True,,,,-7.0,42.5,17.75,2.6666666666666665,0.09345811051693405,-0.1702104653983672,6.506935146166645
2026,5,2026_05_LV_NE,00-0040122,Ashton Jeanty,RB,LV,NE,receiving_yards,30.19320961356499,30.19320961356499,36.333333333333336,1.0,26.765,4,NOT_LISTED,True,,,,-3.5,45.5,21.0,5.166666666666667,0.16311313207864933,0.004219220760639311,6.117619428407968
2026,5,2026_05_CHI_GB,00-0040126,Colston Loveland,TE,CHI,GB,receiving_yards,40.91473861464897,40.91473861464897,36.6,1.0,26.765,4,NOT_LISTED,True,,,,3.0,45.5,24.25,6.833333333333333,0.2149298058118316,0.18713215734884686,6.853471408765526
2026,5,2026_05_IND_PIT,00-0040128,Tyler Warren,TE,IND,PIT,receiving_yards,40.21863682682518,40.21863682682518,36.666666666666664,1.0,26.765,4,NOT_LISTED,True,,,,-2.5,44.5,21.0,6.666666666666667,0.21311887346370106,0.057264015361963495,7.74546796679198
2026,5,2026_05_TB_DAL,00-0040129,Emeka Egbuka,WR,TB,DAL,receiving_yards,42.27150351831444,42.27150351831444,30.333333333333332,1.0,26.765,4,NOT_LISTED,True,,,,-8.5,47.5,19.5,5.333333333333333,0.17245439745439742,0.4705700307419768,8.505812817154585
2026,5,2026_05_LV_NE,00-0040131,Kyle Williams,WR,NE,LV,receiving_yards,16.905295415673145,16.905295415673145,13.066666666666666,1.0,26.765,4,NOT_LISTED,True,,,,3.5,45.5,24.5,2.0,0.07513227513227515,0.030376162500259474,6.575533731619258
2026,5,2026_05_DEN_LAC,00-0040134,Pat Bryant,WR,DEN,LAC,receiving_yards,35.965644938937515,35.965644938937515,31.933333333333334,1.0,26.765,4,NOT_LISTED,True,,,,3.5,42.5,23.0,4.166666666666667,0.13191213768705157,0.014659545510640023,7.0233970311899006
2026,5,2026_05_HOU_TEN,00-0040138,Jaylin Noel,WR,HOU,TEN,receiving_yards,31.136721947792445,31.136721947792445,43.46666666666667,1.0,26.765,4,NOT_LISTED,True,,,,7.5,38.5,23.0,2.8333333333333335,0.08983318483318482,0.24441872834061978,7.830497322051736
2026,5,2026_05_CLE_NYJ,00-0040162,Dylan Sampson,RB,CLE,NYJ,receiving_yards,7.992331944521517,7.992331944521517,11.4,1.0,26.765,1,NOT_LISTED,True,,,,-2.5,39.5,18.5,2.5,0.0996422214957684,0.3799893147280837,7.608999241572034
2026,5,2026_05_HOU_TEN,00-0040170,Elic Ayomanor,WR,TEN,HOU,receiving_yards,29.115345321319737,29.115345321319737,33.733333333333334,1.0,26.765,4,NOT_LISTED,True,,,,-7.5,38.5,15.5,4.5,0.15134538663950428,0.052055391330253976,7.170065462152156
2026,5,2026_05_SF_SEA,00-0040172,Jordan Watkins,WR,SF,SEA,receiving_yards,22.353140372941702,22.353140372941702,28.666666666666668,1.0,26.765,1,NOT_LISTED,True,,,,-2.5,46.5,22.0,1.6666666666666667,0.06163915560830007,-0.16750320090578563,4.853633370597656
2026,5,2026_05_DEN_LAC,00-0040189,Oronde Gadsden II,TE,LAC,DEN,receiving_yards,24.6983916421606,24.6983916421606,20.2,1.0,26.765,4,NOT_LISTED,True,,,,-3.5,42.5,19.5,3.8333333333333335,0.12435845401323613,-0.09455846420832109,5.655602398576912
2026,5,2026_05_CHI_GB,00-0040236,Kyle Monangai,RB,CHI,GB,receiving_yards,9.303791089936833,9.303791089936833,7.2,1.0,26.765,4,NOT_LISTED,True,,,,3.0,45.5,24.25,1.6666666666666667,0.05214911154844413,0.18713215734884686,6.853471408765526
2026,5,2026_05_TB_DAL,00-0040237,Tez Johnson,WR,TB,DAL,receiving_yards,21.33501322004821,21.33501322004821,22.133333333333333,1.0,26.765,4,NOT_LISTED,True,,,,-8.5,47.5,19.5,2.0,0.06387069720403053,0.4705700307419768,8.505812817154585
2026,5,2026_05_CHI_GB,00-0040277,Jahdae Walker,WR,CHI,GB,receiving_yards,15.742877735289422,15.742877735289422,19.266666666666666,1.0,26.765,1,NOT_LISTED,True,,,,3.0,45.5,24.25,1.8333333333333333,0.057987032124963166,0.18713215734884686,6.853471408765526
2026,5,2026_05_CLE_NYJ,00-0040466,Raheim Sanders,RB,CLE,NYJ,receiving_yards,12.988962402053705,12.988962402053705,15.6,1.0,26.765,4,NOT_LISTED,True,,,,-2.5,39.5,18.5,2.3333333333333335,0.08859087772131251,0.3799893147280837,7.608999241572034
2026,5,2026_05_LV_NE,00-0040563,Efton Chism III,WR,NE,LV,receiving_yards,17.010131522802943,17.010131522802943,15.933333333333334,1.0,26.765,3,NOT_LISTED,True,,,,3.5,45.5,24.5,1.6666666666666667,0.05923280423280423,0.030376162500259474,6.575533731619258
2026,5,2026_05_HOU_TEN,00-0040583,Woody Marks,RB,HOU,TEN,receiving_yards,11.302808315762487,11.302808315762487,8.933333333333334,1.0,26.765,4,NOT_LISTED,True,,,,7.5,38.5,23.0,2.3333333333333335,0.06825908325908325,0.24441872834061978,7.830497322051736
2026,5,2026_05_HOU_TEN,00-0040584,Gunnar Helm,TE,TEN,HOU,receiving_yards,16.291953825190355,16.291953825190355,11.066666666666666,1.0,26.765,4,NOT_LISTED,True,,,,-7.5,38.5,15.5,2.8333333333333335,0.10241207594148771,0.052055391330253976,7.170065462152156
2026,5,2026_05_BUF_LA,00-0040590,Konata Mumpfield,WR,LA,BUF,receiving_yards,25.980305737493616,25.980305737493616,30.533333333333335,1.0,26.765,4,NOT_LISTED,True,,,,2.5,54.5,28.5,3.3333333333333335,0.0821474876236781,-0.05548814477474302,5.635218445130121
2026,5,2026_05_SF_SEA,00-0040648,Tory Horton,WR,SEA,SF,receiving_yards,26.32093339030542,26.32093339030542,29.799999999999997,1.0,26.765,2,NOT_LISTED,True,,,,2.5,46.5,24.5,2.6666666666666665,0.09101588911426639,0.11454549228960391,6.4571042068773465
2026,5,2026_05_CLE_NYJ,00-0040663,Harold Fannin Jr.,TE,CLE,NYJ,receiving_yards,42.39212269863588,42.39212269863588,40.86666666666667,1.0,26.765,4,NOT_LISTED,True,,,,-2.5,39.5,18.5,5.166666666666667,0.18284292197335675,0.3799893147280837,7.608999241572034
2026,5,2026_05_DEN_LAC,00-0040666,Omarion Hampton,RB,LAC,DEN,receiving_yards,9.725030416583667,9.725030416583667,10.466666666666667,1.0,26.765,4,NOT_LISTED,True,,,,-3.5,42.5,19.5,2.5,0.08353922063599484,-0.09455846420832109,5.655602398576912
2026,5,2026_05_CHI_GB,00-0040667,Matthew Golden,WR,GB,CHI,receiving_yards,61.883097271471456,61.883097271471456,55.4,1.0,26.765,4,NOT_LISTED,True,,,,-3.0,45.5,21.25,7.166666666666667,0.23258733378408836,-0.01895787938530588,6.953186625820897
2026,5,2026_05_DET_ARI,00-0040669,Isaac TeSlaa,WR,DET,ARI,receiving_yards,38.94042102479949,38.94042102479949,54.33333333333333,1.0,26.765,4,NOT_LISTED,True,,,,4.5,54.5,29.5,3.6666666666666665,0.09609428731940156,0.37095700328721865,7.892248430205748
2026,5,2026_05_HOU_TEN,00-0040705,Chimere Dike,WR,TEN,HOU,receiving_yards,9.952939886976589,9.952939886976589,10.733333333333333,1.0,26.765,4,NOT_LISTED,True,,,,-7.5,38.5,15.5,2.0,0.06067821067821067,0.052055391330253976,7.170065462152156
2026,5,2026_05_NYG_WAS,00-0040715,Cam Skattebo,RB,NYG,WAS,receiving_yards,18.04483733635241,18.04483733635241,21.333333333333332,1.0,26.765,4,NOT_LISTED,True,,,,-3.5,43.5,20.0,2.8333333333333335,0.10378103697069213,0.07475384034366883,6.652420774334399
2026,5,2026_05_DEN_LAC,00-0040727,Tre Harris,WR,LAC,DEN,receiving_yards,42.78937324199805,42.78937324199805,54.13333333333333,1.0,26.765,4,NOT_LISTED,True,,,,-3.5,42.5,19.5,4.666666666666667,0.15019519561115488,-0.09455846420832109,5.655602398576912
2026,5,2026_05_LV_NE,00-0040729,Jack Bech,WR,LV,NE,receiving_yards,24.49195551618409,24.49195551618409,20.133333333333333,1.0,26.765,2,NOT_LISTED,True,,,,-3.5,45.5,21.0,3.3333333333333335,0.12574482988276095,0.004219220760639311,6.117619428407968
2026,5,2026_05_DEN_LAC,00-0040730,RJ Harvey,RB,DEN,LAC,receiving_yards,34.249196829353586,34.249196829353586,42.46666666666667,1.0,26.765,3,NOT_LISTED,True,,,,3.5,42.5,23.0,6.0,0.18031389205203827,0.014659545510640023,7.0233970311899006
2026,5,2026_05_CHI_GB,00-0040735,Luther Burden III,WR,CHI,GB,receiving_yards,60.420364835265616,60.420364835265616,57.33333333333333,1.0,26.765,4,NOT_LISTED,True,,,,3.0,45.5,24.25,7.0,0.21856984829241585,0.18713215734884686,6.853471408765526
2026,5,2026_05_CLE_NYJ,00-0040736,Mason Taylor,TE,NYJ,CLE,receiving_yards,27.01118473397277,27.01118473397277,22.333333333333332,1.0,26.765,1,NOT_LISTED,True,,,,2.5,39.5,21.0,4.333333333333333,0.17171942692045541,-0.03963762558831056,6.4160206737003325
2026,5,2026_05_BUF_LA,00-0040737,Terrance Ferguson,TE,LA,BUF,receiving_yards,27.146710585590498,27.146710585590498,23.0,1.0,26.765,3,NOT_LISTED,True,,,,2.5,54.5,28.5,3.6666666666666665,0.10415489782657701,-0.05548814477474302,5.635218445130121
2026,5,2026_05_CLE_NYJ,00-0040782,Isaiah Bond,WR,CLE,NYJ,receiving_yards,14.09835793170754,14.09835793170754,15.066666666666668,1.0,26.765,2,NOT_LISTED,True,,,,-2.5,39.5,18.5,1.5,0.055230829634756694,0.3799893147280837,7.608999241572034
2026,5,2026_05_CLE_NYJ,00-0040784,Quinshon Judkins,RB,CLE,NYJ,receiving_yards,20.91014205145324,20.91014205145324,23.866666666666667,1.0,26.765,4,NOT_LISTED,True,,,,-2.5,39.5,18.5,4.333333333333333,0.14793635277506245,0.3799893147280837,7.608999241572034
2026,5,2026_05_CIN_MIA,00-0040785,Dohnte Meyers,WR,CIN,MIA,receiving_yards,26.177842486879065,26.177842486879065,35.1,1.0,26.765,4,NOT_LISTED,True,,,,7.0,42.5,24.75,4.0,0.09165407127796588,0.37047209523101876,8.518959598393305
2026,5,2026_05_PHI_JAX,00-0040867,Makai Lemon,WR,PHI,JAX,receiving_yards,26.72698609296141,26.72698609296141,20.5,1.0,26.765,4,NOT_LISTED,True,,,,-7.0,42.5,17.75,3.75,0.15280748663101604,-0.1702104653983672,6.506935146166645
2026,5,2026_05_BAL_ATL,00-0040879,Matthew Hibner,TE,BAL,ATL,receiving_yards,16.239382082837544,16.239382082837544,23.333333333333332,1.0,26.765,3,NOT_LISTED,True,,,,-3.5,43.5,20.0,1.6666666666666667,0.07021072796934866,0.006540530234941402,6.330753093163383
2026,5,2026_05_DET_ARI,00-0041027,Jeremiyah Love,RB,ARI,DET,receiving_yards,17.665004980887616,17.665004980887616,9.0,1.0,26.765,4,NOT_LISTED,True,,,,-4.5,54.5,25.0,3.25,0.08801603801603802,0.10266819289671897,6.649415599289252
2026,5,2026_05_CLE_NYJ,00-0041032,Kenyon Sadiq,TE,NYJ,CLE,receiving_yards,34.8092928192941,34.8092928192941,38.7,1.0,26.765,4,NOT_LISTED,True,,,,2.5,39.5,21.0,4.5,0.17566425120772947,-0.03963762558831056,6.4160206737003325
2026,5,2026_05_CLE_NYJ,00-0041037,Denzel Boston,WR,CLE,NYJ,receiving_yards,52.905958354818466,52.905958354818466,73.4,1.0,26.765,4,NOT_LISTED,True,,,,-2.5,39.5,18.5,5.5,0.19015151515151515,0.3799893147280837,7.608999241572034
2026,5,2026_05_NYG_WAS,00-0041040,Antonio Williams,WR,WAS,NYG,receiving_yards,37.46015204515489,37.46015204515489,24.4,1.0,26.765,4,NOT_LISTED,True,,,,3.5,43.5,23.5,4.75,0.14543047103899032,-0.0602493268192795,6.557376277275174
2026,5,2026_05_NYG_WAS,00-0041042,Malachi Fields,WR,NYG,WAS,receiving_yards,34.73222523834426,34.73222523834426,32.8,1.0,26.765,4,NOT_LISTED,True,,,,-3.5,43.5,20.0,3.75,0.13102935139573071,0.07475384034366883,6.652420774334399
2026,5,2026_05_BAL_ATL,00-0041044,Zachariah Branch,WR,ATL,BAL,receiving_yards,14.699110513312533,14.699110513312533,9.3,1.0,26.765,4,NOT_LISTED,True,,,,3.5,43.5,23.5,1.5,0.06286816269284712,0.10817347811480696,6.968386705619937
2026,5,2026_05_TB_DAL,00-0041048,Ted Hurst III,WR,TB,DAL,receiving_yards,35.62558518407287,35.62558518407287,31.2,1.0,26.765,4,NOT_LISTED,True,,,,-8.5,47.5,19.5,4.0,0.1310828060828061,0.4705700307419768,8.505812817154585
2026,5,2026_05_MIN_NO,00-0041067,Bryce Lance,WR,NO,MIN,receiving_yards,18.35780362546779,18.35780362546779,8.7,1.0,26.765,4,NOT_LISTED,True,,,,-1.5,42.5,20.5,3.25,0.0723890139116203,-0.3888597580555023,5.012554235853738
2026,5,2026_05_PHI_JAX,00-0041100,Josh Cameron,WR,JAX,PHI,receiving_yards,16.584060450870627,16.584060450870627,18.2,1.0,26.765,4,NOT_LISTED,True,,,,7.0,42.5,24.75,1.5,0.06406717276282493,-0.07329098310499965,5.82452472983406
2026,5,2026_05_CIN_MIA,00-0041436,DJ Herman,RB,MIA,CIN,receiving_yards,12.591597859716524,12.591597859716524,9.0,1.0,26.765,2,NOT_LISTED,True,,,,-7.0,42.5,17.75,1.5,0.06521739130434782,0.0056948935588698735,7.041066992515163
2026,5,2026_05_HOU_TEN,00-0041438,Carnell Tate,WR,TEN,HOU,receiving_yards,64.1463367730044,64.1463367730044,72.8,1.0,26.765,4,NOT_LISTED,True,,,,-7.5,38.5,15.5,8.0,0.2985294117647059,0.052055391330253976,7.170065462152156
2026,5,2026_05_IND_PIT,00-0041489,Germie Bernard,WR,PIT,IND,receiving_yards,24.92974949828696,24.92974949828696,20.0,1.0,26.765,3,NOT_LISTED,True,,,,2.5,44.5,23.5,3.6666666666666665,0.09991877733813219,0.1407783793769441,7.5267548099021315
2026,5,2026_05_DEN_LAC,00-0041496,Jonah Coleman,RB,DEN,LAC,receiving_yards,9.300021772927286,9.300021772927286,9.5,1.0,26.765,2,NOT_LISTED,True,,,,3.5,42.5,23.0,1.5,0.05172413793103448,0.014659545510640023,7.0233970311899006
2026,5,2026_05_SF_SEA,00-0041512,Jadarian Price,RB,SEA,SF,receiving_yards,15.271709422198374,15.271709422198374,7.0,1.0,26.765,3,NOT_LISTED,True,,,,2.5,46.5,24.5,2.3333333333333335,0.07564102564102564,0.11454549228960391,6.4571042068773465
2026,5,2026_05_CIN_MIA,00-0041523,Caleb Douglas,WR,MIA,CIN,receiving_yards,42.771712609096554,42.771712609096554,56.5,1.0,26.765,2,NOT_LISTED,True,,,,-7.0,42.5,17.75,5.0,0.19484702093397743,0.0056948935588698735,7.041066992515163
2026,5,2026_05_CIN_MIA,00-0041525,Chris Bell,WR,MIA,CIN,receiving_yards,28.669833187339652,28.669833187339652,22.6,1.0,26.765,4,NOT_LISTED,True,,,,-7.0,42.5,17.75,3.25,0.12350573079473337,0.0056948935588698735,7.041066992515163
2026,5,2026_05_CIN_MIA,00-0041529,Kevin Coleman Jr.,WR,MIA,CIN,receiving_yards,23.47874193015148,23.47874193015148,2.0,1.0,26.765,3,NOT_LISTED,True,,,,-7.0,42.5,17.75,3.3333333333333335,0.14121796866894906,0.0056948935588698735,7.041066992515163
2026,5,2026_05_CLE_NYJ,00-0041547,KC Concepcion,WR,CLE,NYJ,receiving_yards,45.5913500437631,45.5913500437631,34.6,1.0,26.765,4,NOT_LISTED,True,,,,-2.5,39.5,18.5,7.0,0.24242424242424243,0.3799893147280837,7.608999241572034
2026,5,2026_05_CHI_GB,00-0041558,Sam Roush,TE,CHI,GB,receiving_yards,13.10988387565708,13.10988387565708,11.0,1.0,26.765,3,NOT_LISTED,True,,,,3.0,45.5,24.25,1.6666666666666667,0.0538899430740038,0.18713215734884686,6.853471408765526
