season,week,game_id,player_id,player_name,position,team,opponent,market,projection,model_projection,recent_baseline,model_weight,historical_residual_sd,games_current_season,availability_flag,availability_ok,report_status,practice_status,primary_injury,team_spread,game_total,team_implied_points,recent_volume,usage_share,opp_matchup_eff,opp_matchup_yards
2026,4,2026_04_PIT_CLE,00-0023459,Aaron Rodgers,QB,PIT,CLE,pass_attempts,31.211024872971237,31.211024872971237,38.599999999999994,1.0,10.232,3,NOT_LISTED,True,,,,2.5,38.5,20.5,40.0,0.9917682926829268,-0.08423039483594258,6.089775462972362
2026,4,2026_04_LA_PHI,00-0026498,Matthew Stafford,QB,LA,PHI,pass_attempts,32.427274580015194,32.427274580015194,38.06666666666666,1.0,10.232,3,NOT_LISTED,True,,,,,,,39.666666666666664,0.9821428571428571,-0.18142734002187402,5.187511362654284
2026,4,2026_04_KC_LV,00-0029604,Kirk Cousins,QB,LV,KC,pass_attempts,33.381871572533484,33.381871572533484,30.333333333333332,1.0,10.232,3,NOT_LISTED,True,,,,-4.5,47.5,21.5,29.833333333333332,1.0,-0.0785363433343548,5.615357225311249
2026,4,2026_04_NYJ_CHI,00-0030565,Geno Smith,QB,NYJ,CHI,pass_attempts,34.93791265904166,34.93791265904166,32.0,1.0,10.232,3,NOT_LISTED,True,,,,,,,29.0,0.9315972222222223,0.13520879635727642,7.414350257940411
2026,4,2026_04_ARI_NYG,00-0031503,Jameis Winston,QB,NYG,ARI,pass_attempts,11.158202722476197,11.158202722476197,19.333333333333336,1.0,10.232,2,NOT_LISTED,True,,,,-1.5,44.5,21.5,23.333333333333332,0.7631740196078431,0.4183825236167109,8.078343249365084
2026,4,2026_04_IND_WAS,00-0032268,Marcus Mariota,QB,WAS,IND,pass_attempts,26.578775510032457,26.578775510032457,21.133333333333333,1.0,10.232,2,NOT_LISTED,True,,,,-3.5,47.5,22.0,22.333333333333332,0.7054175293305729,0.21503762182351374,7.779132808247871
2026,4,2026_04_MIA_MIN,00-0032950,Carson Wentz,QB,MIN,MIA,pass_attempts,26.31372254612359,26.31372254612359,25.733333333333334,1.0,10.232,2,NOT_LISTED,True,,,,10.5,38.5,24.5,31.333333333333332,0.939010496671787,0.2970156808353054,8.294035817905499
2026,4,2026_04_DAL_HOU,00-0033077,Dak Prescott,QB,DAL,HOU,pass_attempts,34.078809607934865,34.078809607934865,33.2,1.0,10.232,3,NOT_LISTED,True,,,,-2.5,47.5,22.5,30.5,0.8993055555555557,-0.05329620780805669,6.869098200247393
2026,4,2026_04_DET_CAR,00-0033106,Jared Goff,QB,DET,CAR,pass_attempts,34.840451670820485,34.840451670820485,37.400000000000006,1.0,10.232,3,NOT_LISTED,True,,,,3.5,50.5,27.0,39.0,1.0,0.023856623892729287,6.372339045009886
2026,4,2026_04_ARI_NYG,00-0033119,Jacoby Brissett,QB,ARI,NYG,pass_attempts,34.96768650993248,34.96768650993248,37.8,1.0,10.232,3,NOT_LISTED,True,,,,1.5,44.5,23.0,36.0,0.9947916666666666,0.043533341972193766,7.033330172346716
2026,4,2026_04_PIT_CLE,00-0033537,Deshaun Watson,QB,CLE,PIT,pass_attempts,30.040189901702686,30.040189901702686,26.4,1.0,10.232,3,NOT_LISTED,True,,,,-2.5,38.5,18.0,25.0,0.8766970422977098,0.0071385299620301094,7.528189974513988
2026,4,2026_04_ATL_NO,00-0033662,Cooper Rush,QB,ATL,NO,pass_attempts,23.927907306773957,23.927907306773957,17.666666666666664,1.0,10.232,2,NOT_LISTED,True,,,,-3.0,48.5,22.75,15.166666666666666,0.5806688205585265,-0.04629397600082815,5.5767448424048975
2026,4,2026_04_KC_LV,00-0033873,Patrick Mahomes,QB,KC,LV,pass_attempts,37.1340817344235,37.1340817344235,32.46666666666667,1.0,10.232,3,NOT_LISTED,True,,,,4.5,47.5,26.0,32.166666666666664,0.9747474747474748,0.041559814667308986,6.342968945033892
2026,4,2026_04_TEN_BAL,00-0034796,Lamar Jackson,QB,BAL,TEN,pass_attempts,26.45021108172031,26.45021108172031,22.933333333333334,1.0,10.232,3,NOT_LISTED,True,,,,11.5,43.5,27.5,19.333333333333332,0.9166666666666666,0.21290571501572417,7.715394682755548
2026,4,2026_04_GB_TB,00-0034855,Baker Mayfield,QB,TB,GB,pass_attempts,27.574446450821483,27.574446450821483,31.733333333333334,1.0,10.232,3,NOT_LISTED,True,,,,-3.5,39.5,18.0,31.333333333333332,0.9864864864864865,0.20452516411601107,6.882638075432193
2026,4,2026_04_NE_BUF,00-0034857,Josh Allen,QB,BUF,NE,pass_attempts,29.763493617776994,29.763493617776994,28.4,1.0,10.232,3,NOT_LISTED,True,,,,7.0,48.5,27.75,28.0,1.0,-0.036498719212946125,5.855741600353669
2026,4,2026_04_LAC_SEA,00-0034869,Sam Darnold,QB,SEA,LAC,pass_attempts,26.156384641032382,26.156384641032382,25.93333333333333,1.0,10.232,2,NOT_LISTED,True,,,,7.0,43.5,25.25,28.333333333333332,0.8435990338164251,-0.008965228139102822,6.915104348263071
2026,4,2026_04_MIA_MIN,00-0035228,Kyler Murray,QB,MIN,MIA,pass_attempts,23.407114931670225,23.407114931670225,24.06666666666667,1.0,10.232,2,NOT_LISTED,True,,,,10.5,38.5,24.5,27.666666666666668,0.8628472222222222,0.2970156808353054,8.294035817905499
2026,4,2026_04_LAC_SEA,00-0035704,Drew Lock,QB,SEA,LAC,pass_attempts,17.77644993799953,17.77644993799953,14.933333333333334,1.0,10.232,2,NOT_LISTED,True,,,,7.0,43.5,25.25,13.333333333333334,0.5099206349206349,-0.008965228139102822,6.915104348263071
2026,4,2026_04_IND_WAS,00-0035710,Daniel Jones,QB,IND,WAS,pass_attempts,30.70115654888023,30.70115654888023,30.466666666666665,1.0,10.232,3,NOT_LISTED,True,,,,3.5,47.5,25.5,27.166666666666668,0.8657407407407408,0.16400236417261138,6.91052262618625
2026,4,2026_04_GB_TB,00-0036264,Jordan Love,QB,GB,TB,pass_attempts,32.07950597994053,32.07950597994053,38.266666666666666,1.0,10.232,3,NOT_LISTED,True,,,,3.5,39.5,21.5,33.666666666666664,0.923611111111111,0.10369834161496254,6.834640966894004
2026,4,2026_04_LAC_SEA,00-0036355,Justin Herbert,QB,LAC,SEA,pass_attempts,31.993337618171086,31.993337618171086,29.466666666666665,1.0,10.232,3,NOT_LISTED,True,,,,-7.0,43.5,18.25,29.666666666666668,1.0,-0.19963303984856215,4.850609177049269
2026,4,2026_04_LA_PHI,00-0036389,Jalen Hurts,QB,PHI,LA,pass_attempts,29.293061161729067,29.293061161729067,29.400000000000002,1.0,10.232,2,NOT_LISTED,True,,,,,,,29.0,0.9722222222222223,0.0046368558908046476,6.1933821568941125
2026,4,2026_04_JAX_CIN,00-0036442,Joe Burrow,QB,CIN,JAX,pass_attempts,35.39380180428806,35.39380180428806,34.266666666666666,1.0,10.232,3,NOT_LISTED,True,,,,2.5,51.5,27.0,34.166666666666664,0.9718013468013469,-0.20520928997199728,6.24414557087707
2026,4,2026_04_JAX_CIN,00-0036971,Trevor Lawrence,QB,JAX,CIN,pass_attempts,30.90070300577846,30.90070300577846,28.46666666666667,1.0,10.232,3,NOT_LISTED,True,,,,-2.5,51.5,24.5,30.666666666666668,0.9895833333333334,0.03005865103866144,7.002237840782786
2026,4,2026_04_DEN_SF,00-0037834,Brock Purdy,QB,SF,DEN,pass_attempts,31.846101272103574,31.846101272103574,28.400000000000002,1.0,10.232,3,NOT_LISTED,True,,,,3.0,46.5,24.75,29.5,1.0,-0.13285798017646472,5.486852398576912
2026,4,2026_04_MIA_MIN,00-0038128,Malik Willis,QB,MIA,MIN,pass_attempts,25.262023599438294,25.262023599438294,25.133333333333333,1.0,10.232,3,NOT_LISTED,True,,,,-10.5,38.5,14.0,19.833333333333332,0.7239646464646464,-0.3895311558079154,4.972574478768719
2026,4,2026_04_NE_BUF,00-0038476,Tommy DeVito,QB,NE,BUF,pass_attempts,12.597046949782655,12.597046949782655,16.53333333333333,1.0,10.232,1,NOT_LISTED,True,,,,-7.0,48.5,20.75,16.833333333333332,0.4891586742415041,-0.0641388451855085,5.709809483536949
2026,4,2026_04_DET_CAR,00-0039150,Bryce Young,QB,CAR,DET,pass_attempts,33.61271651538991,33.61271651538991,38.333333333333336,1.0,10.232,3,NOT_LISTED,True,,,,-3.5,50.5,23.5,35.333333333333336,0.9956140350877193,0.046762111453013525,6.618602662226315
2026,4,2026_04_DAL_HOU,00-0039163,C.J. Stroud,QB,HOU,DAL,pass_attempts,30.47673269448415,30.47673269448415,37.733333333333334,1.0,10.232,3,NOT_LISTED,True,,,,2.5,47.5,25.0,34.333333333333336,0.9501488095238094,0.4566265974358147,8.294990306332075
2026,4,2026_04_DEN_SF,00-0039732,Bo Nix,QB,DEN,SF,pass_attempts,30.497744517224145,30.497744517224145,32.0,1.0,10.232,3,NOT_LISTED,True,,,,-3.0,46.5,21.75,33.5,1.0,0.08104121145253797,6.462440824282929
2026,4,2026_04_NE_BUF,00-0039851,Drake Maye,QB,NE,BUF,pass_attempts,27.482047551872256,27.482047551872256,26.866666666666667,1.0,10.232,3,NOT_LISTED,True,,,,-7.0,48.5,20.75,27.166666666666668,0.910772238514174,-0.0641388451855085,5.709809483536949
2026,4,2026_04_IND_WAS,00-0039910,Jayden Daniels,QB,WAS,IND,pass_attempts,24.278005013854866,24.278005013854866,23.6,1.0,10.232,2,NOT_LISTED,True,,,,-3.5,47.5,22.0,23.5,0.8344246031746033,0.21503762182351374,7.779132808247871
2026,4,2026_04_ATL_NO,00-0039917,Michael Penix Jr.,QB,ATL,NO,pass_attempts,31.28021042255625,31.28021042255625,25.53333333333333,1.0,10.232,1,NOT_LISTED,True,,,,-3.0,48.5,22.75,29.333333333333332,0.9222222222222222,-0.04629397600082815,5.5767448424048975
2026,4,2026_04_NYJ_CHI,00-0039918,Caleb Williams,QB,CHI,NYJ,pass_attempts,31.1404319605629,31.1404319605629,30.4,1.0,10.232,2,NOT_LISTED,True,,,,,,,32.0,0.9571428571428572,0.3610990180509618,7.373447293520088
2026,4,2026_04_PIT_CLE,00-0040668,Shedeur Sanders,QB,CLE,PIT,pass_attempts,19.787825835390585,19.787825835390585,19.333333333333332,1.0,10.232,1,NOT_LISTED,True,,,,-2.5,38.5,18.0,25.333333333333332,0.8331541218637993,0.0071385299620301094,7.528189974513988
2026,4,2026_04_TEN_BAL,00-0040676,Cam Ward,QB,TEN,BAL,pass_attempts,29.842644498626505,29.842644498626505,28.2,1.0,10.232,3,NOT_LISTED,True,,,,-11.5,43.5,16.0,26.5,0.8484848484848485,0.14538458240198826,7.145316852678761
2026,4,2026_04_ARI_NYG,00-0040691,Jaxson Dart,QB,NYG,ARI,pass_attempts,27.999993363821947,27.999993363821947,22.866666666666667,1.0,10.232,2,NOT_LISTED,True,,,,-1.5,44.5,21.5,24.166666666666668,0.8498199904449905,0.4183825236167109,8.078343249365084
2026,4,2026_04_ATL_NO,00-0040743,Tyler Shough,QB,NO,ATL,pass_attempts,37.82275829484496,37.82275829484496,42.599999999999994,1.0,10.232,3,NOT_LISTED,True,,,,3.0,48.5,25.75,40.5,0.9966666666666667,0.04409527183471819,6.5884093431633834
2026,4,2026_04_PIT_CLE,00-0023459,Aaron Rodgers,QB,PIT,CLE,completions,20.326591642594497,20.326591642594497,22.866666666666667,1.0,6.956,3,NOT_LISTED,True,,,,2.5,38.5,20.5,40.0,0.9917682926829268,-0.08423039483594258,6.089775462972362
2026,4,2026_04_LA_PHI,00-0026498,Matthew Stafford,QB,LA,PHI,completions,20.49829990009905,20.49829990009905,22.93333333333333,1.0,6.956,3,NOT_LISTED,True,,,,,,,39.666666666666664,0.9821428571428571,-0.18142734002187402,5.187511362654284
2026,4,2026_04_KC_LV,00-0029604,Kirk Cousins,QB,LV,KC,completions,21.127621023741664,21.127621023741664,20.0,1.0,6.956,3,NOT_LISTED,True,,,,-4.5,47.5,21.5,29.833333333333332,1.0,-0.0785363433343548,5.615357225311249
2026,4,2026_04_NYJ_CHI,00-0030565,Geno Smith,QB,NYJ,CHI,completions,22.594408596091526,22.594408596091526,23.8,1.0,6.956,3,NOT_LISTED,True,,,,,,,29.0,0.9315972222222223,0.13520879635727642,7.414350257940411
2026,4,2026_04_ARI_NYG,00-0031503,Jameis Winston,QB,NYG,ARI,completions,5.474698807162618,5.474698807162618,10.2,1.0,6.956,2,NOT_LISTED,True,,,,-1.5,44.5,21.5,23.333333333333332,0.7631740196078431,0.4183825236167109,8.078343249365084
2026,4,2026_04_IND_WAS,00-0032268,Marcus Mariota,QB,WAS,IND,completions,16.690091881254382,16.690091881254382,12.533333333333335,1.0,6.956,2,NOT_LISTED,True,,,,-3.5,47.5,22.0,22.333333333333332,0.7054175293305729,0.21503762182351374,7.779132808247871
2026,4,2026_04_MIA_MIN,00-0032950,Carson Wentz,QB,MIN,MIA,completions,17.435299015014433,17.435299015014433,15.533333333333333,1.0,6.956,2,NOT_LISTED,True,,,,10.5,38.5,24.5,31.333333333333332,0.939010496671787,0.2970156808353054,8.294035817905499
2026,4,2026_04_DAL_HOU,00-0033077,Dak Prescott,QB,DAL,HOU,completions,21.45519834375311,21.45519834375311,22.599999999999998,1.0,6.956,3,NOT_LISTED,True,,,,-2.5,47.5,22.5,30.5,0.8993055555555557,-0.05329620780805669,6.869098200247393
2026,4,2026_04_DET_CAR,00-0033106,Jared Goff,QB,DET,CAR,completions,24.860820031964003,24.860820031964003,25.8,1.0,6.956,3,NOT_LISTED,True,,,,3.5,50.5,27.0,39.0,1.0,0.023856623892729287,6.372339045009886
2026,4,2026_04_ARI_NYG,00-0033119,Jacoby Brissett,QB,ARI,NYG,completions,23.601681343987934,23.601681343987934,25.799999999999997,1.0,6.956,3,NOT_LISTED,True,,,,1.5,44.5,23.0,36.0,0.9947916666666666,0.043533341972193766,7.033330172346716
2026,4,2026_04_PIT_CLE,00-0033537,Deshaun Watson,QB,CLE,PIT,completions,19.011838780283647,19.011838780283647,18.0,1.0,6.956,3,NOT_LISTED,True,,,,-2.5,38.5,18.0,25.0,0.8766970422977098,0.0071385299620301094,7.528189974513988
2026,4,2026_04_ATL_NO,00-0033662,Cooper Rush,QB,ATL,NO,completions,14.582391167874693,14.582391167874693,10.333333333333334,1.0,6.956,2,NOT_LISTED,True,,,,-3.0,48.5,22.75,15.166666666666666,0.5806688205585265,-0.04629397600082815,5.5767448424048975
2026,4,2026_04_KC_LV,00-0033873,Patrick Mahomes,QB,KC,LV,completions,25.411765380093655,25.411765380093655,21.4,1.0,6.956,3,NOT_LISTED,True,,,,4.5,47.5,26.0,32.166666666666664,0.9747474747474748,0.041559814667308986,6.342968945033892
2026,4,2026_04_TEN_BAL,00-0034796,Lamar Jackson,QB,BAL,TEN,completions,18.330707158368703,18.330707158368703,15.866666666666667,1.0,6.956,3,NOT_LISTED,True,,,,11.5,43.5,27.5,19.333333333333332,0.9166666666666666,0.21290571501572417,7.715394682755548
2026,4,2026_04_GB_TB,00-0034855,Baker Mayfield,QB,TB,GB,completions,18.15524652791095,18.15524652791095,20.733333333333334,1.0,6.956,3,NOT_LISTED,True,,,,-3.5,39.5,18.0,31.333333333333332,0.9864864864864865,0.20452516411601107,6.882638075432193
2026,4,2026_04_NE_BUF,00-0034857,Josh Allen,QB,BUF,NE,completions,19.626456211974943,19.626456211974943,18.533333333333335,1.0,6.956,3,NOT_LISTED,True,,,,7.0,48.5,27.75,28.0,1.0,-0.036498719212946125,5.855741600353669
2026,4,2026_04_LAC_SEA,00-0034869,Sam Darnold,QB,SEA,LAC,completions,17.450992456975477,17.450992456975477,18.0,1.0,6.956,2,NOT_LISTED,True,,,,7.0,43.5,25.25,28.333333333333332,0.8435990338164251,-0.008965228139102822,6.915104348263071
2026,4,2026_04_MIA_MIN,00-0035228,Kyler Murray,QB,MIN,MIA,completions,15.85782158731119,15.85782158731119,15.333333333333332,1.0,6.956,2,NOT_LISTED,True,,,,10.5,38.5,24.5,27.666666666666668,0.8628472222222222,0.2970156808353054,8.294035817905499
2026,4,2026_04_LAC_SEA,00-0035704,Drew Lock,QB,SEA,LAC,completions,12.185497545835933,12.185497545835933,10.933333333333334,1.0,6.956,2,NOT_LISTED,True,,,,7.0,43.5,25.25,13.333333333333334,0.5099206349206349,-0.008965228139102822,6.915104348263071
2026,4,2026_04_IND_WAS,00-0035710,Daniel Jones,QB,IND,WAS,completions,19.778091761495094,19.778091761495094,19.866666666666667,1.0,6.956,3,NOT_LISTED,True,,,,3.5,47.5,25.5,27.166666666666668,0.8657407407407408,0.16400236417261138,6.91052262618625
2026,4,2026_04_GB_TB,00-0036264,Jordan Love,QB,GB,TB,completions,19.763317147359174,19.763317147359174,20.6,1.0,6.956,3,NOT_LISTED,True,,,,3.5,39.5,21.5,33.666666666666664,0.923611111111111,0.10369834161496254,6.834640966894004
2026,4,2026_04_LAC_SEA,00-0036355,Justin Herbert,QB,LAC,SEA,completions,19.01678012967252,19.01678012967252,18.066666666666666,1.0,6.956,3,NOT_LISTED,True,,,,-7.0,43.5,18.25,29.666666666666668,1.0,-0.19963303984856215,4.850609177049269
2026,4,2026_04_LA_PHI,00-0036389,Jalen Hurts,QB,PHI,LA,completions,18.790786308463936,18.790786308463936,17.8,1.0,6.956,2,NOT_LISTED,True,,,,,,,29.0,0.9722222222222223,0.0046368558908046476,6.1933821568941125
2026,4,2026_04_JAX_CIN,00-0036442,Joe Burrow,QB,CIN,JAX,completions,24.382204986277273,24.382204986277273,24.666666666666664,1.0,6.956,3,NOT_LISTED,True,,,,2.5,51.5,27.0,34.166666666666664,0.9718013468013469,-0.20520928997199728,6.24414557087707
2026,4,2026_04_JAX_CIN,00-0036971,Trevor Lawrence,QB,JAX,CIN,completions,20.589580079274352,20.589580079274352,18.93333333333333,1.0,6.956,3,NOT_LISTED,True,,,,-2.5,51.5,24.5,30.666666666666668,0.9895833333333334,0.03005865103866144,7.002237840782786
2026,4,2026_04_DEN_SF,00-0037834,Brock Purdy,QB,SF,DEN,completions,20.21222701512026,20.21222701512026,20.53333333333333,1.0,6.956,3,NOT_LISTED,True,,,,3.0,46.5,24.75,29.5,1.0,-0.13285798017646472,5.486852398576912
2026,4,2026_04_MIA_MIN,00-0038128,Malik Willis,QB,MIA,MIN,completions,14.070050135802122,14.070050135802122,14.933333333333334,1.0,6.956,3,NOT_LISTED,True,,,,-10.5,38.5,14.0,19.833333333333332,0.7239646464646464,-0.3895311558079154,4.972574478768719
2026,4,2026_04_NE_BUF,00-0038476,Tommy DeVito,QB,NE,BUF,completions,9.20654840867221,9.20654840867221,11.133333333333333,1.0,6.956,1,NOT_LISTED,True,,,,-7.0,48.5,20.75,16.833333333333332,0.4891586742415041,-0.0641388451855085,5.709809483536949
2026,4,2026_04_DET_CAR,00-0039150,Bryce Young,QB,CAR,DET,completions,21.658284734012497,21.658284734012497,23.133333333333333,1.0,6.956,3,NOT_LISTED,True,,,,-3.5,50.5,23.5,35.333333333333336,0.9956140350877193,0.046762111453013525,6.618602662226315
2026,4,2026_04_DAL_HOU,00-0039163,C.J. Stroud,QB,HOU,DAL,completions,20.017740791446826,20.017740791446826,22.733333333333334,1.0,6.956,3,NOT_LISTED,True,,,,2.5,47.5,25.0,34.333333333333336,0.9501488095238094,0.4566265974358147,8.294990306332075
2026,4,2026_04_DEN_SF,00-0039732,Bo Nix,QB,DEN,SF,completions,20.683627578154905,20.683627578154905,19.46666666666667,1.0,6.956,3,NOT_LISTED,True,,,,-3.0,46.5,21.75,33.5,1.0,0.08104121145253797,6.462440824282929
2026,4,2026_04_NE_BUF,00-0039851,Drake Maye,QB,NE,BUF,completions,17.30088727913179,17.30088727913179,17.866666666666667,1.0,6.956,3,NOT_LISTED,True,,,,-7.0,48.5,20.75,27.166666666666668,0.910772238514174,-0.0641388451855085,5.709809483536949
2026,4,2026_04_IND_WAS,00-0039910,Jayden Daniels,QB,WAS,IND,completions,14.164477990774145,14.164477990774145,13.266666666666666,1.0,6.956,2,NOT_LISTED,True,,,,-3.5,47.5,22.0,23.5,0.8344246031746033,0.21503762182351374,7.779132808247871
2026,4,2026_04_ATL_NO,00-0039917,Michael Penix Jr.,QB,ATL,NO,completions,19.267076796773082,19.267076796773082,15.666666666666668,1.0,6.956,1,NOT_LISTED,True,,,,-3.0,48.5,22.75,29.333333333333332,0.9222222222222222,-0.04629397600082815,5.5767448424048975
2026,4,2026_04_NYJ_CHI,00-0039918,Caleb Williams,QB,CHI,NYJ,completions,20.200915062154003,20.200915062154003,19.0,1.0,6.956,2,NOT_LISTED,True,,,,,,,32.0,0.9571428571428572,0.3610990180509618,7.373447293520088
2026,4,2026_04_PIT_CLE,00-0040668,Shedeur Sanders,QB,CLE,PIT,completions,11.377508021633101,11.377508021633101,11.8,1.0,6.956,1,NOT_LISTED,True,,,,-2.5,38.5,18.0,25.333333333333332,0.8331541218637993,0.0071385299620301094,7.528189974513988
2026,4,2026_04_TEN_BAL,00-0040676,Cam Ward,QB,TEN,BAL,completions,20.154519019338956,20.154519019338956,17.666666666666664,1.0,6.956,3,NOT_LISTED,True,,,,-11.5,43.5,16.0,26.5,0.8484848484848485,0.14538458240198826,7.145316852678761
2026,4,2026_04_ARI_NYG,00-0040691,Jaxson Dart,QB,NYG,ARI,completions,16.500781691667036,16.500781691667036,16.066666666666666,1.0,6.956,2,NOT_LISTED,True,,,,-1.5,44.5,21.5,24.166666666666668,0.8498199904449905,0.4183825236167109,8.078343249365084
2026,4,2026_04_ATL_NO,00-0040743,Tyler Shough,QB,NO,ATL,completions,24.31315418032034,24.31315418032034,29.4,1.0,6.956,3,NOT_LISTED,True,,,,3.0,48.5,25.75,40.5,0.9966666666666667,0.04409527183471819,6.5884093431633834
2026,4,2026_04_PIT_CLE,00-0023459,Aaron Rodgers,QB,PIT,CLE,passing_yards,223.04850882147247,223.04850882147247,235.2,1.0,82.801,3,NOT_LISTED,True,,,,2.5,38.5,20.5,40.0,0.9917682926829268,-0.08423039483594258,6.089775462972362
2026,4,2026_04_LA_PHI,00-0026498,Matthew Stafford,QB,LA,PHI,passing_yards,251.86563714113566,251.86563714113566,298.20000000000005,1.0,82.801,3,NOT_LISTED,True,,,,,,,39.666666666666664,0.9821428571428571,-0.18142734002187402,5.187511362654284
2026,4,2026_04_KC_LV,00-0029604,Kirk Cousins,QB,LV,KC,passing_yards,226.29811215590422,226.29811215590422,209.8,1.0,82.801,3,NOT_LISTED,True,,,,-4.5,47.5,21.5,29.833333333333332,1.0,-0.0785363433343548,5.615357225311249
2026,4,2026_04_NYJ_CHI,00-0030565,Geno Smith,QB,NYJ,CHI,passing_yards,240.99620366008193,240.99620366008193,241.66666666666666,1.0,82.801,3,NOT_LISTED,True,,,,,,,29.0,0.9315972222222223,0.13520879635727642,7.414350257940411
2026,4,2026_04_ARI_NYG,00-0031503,Jameis Winston,QB,NYG,ARI,passing_yards,69.51004476768433,69.51004476768433,108.6,1.0,82.801,2,NOT_LISTED,True,,,,-1.5,44.5,21.5,23.333333333333332,0.7631740196078431,0.4183825236167109,8.078343249365084
2026,4,2026_04_IND_WAS,00-0032268,Marcus Mariota,QB,WAS,IND,passing_yards,198.38908200982377,198.38908200982377,139.4,1.0,82.801,2,NOT_LISTED,True,,,,-3.5,47.5,22.0,22.333333333333332,0.7054175293305729,0.21503762182351374,7.779132808247871
2026,4,2026_04_MIA_MIN,00-0032950,Carson Wentz,QB,MIN,MIA,passing_yards,199.04821486405677,199.04821486405677,171.93333333333334,1.0,82.801,2,NOT_LISTED,True,,,,10.5,38.5,24.5,31.333333333333332,0.939010496671787,0.2970156808353054,8.294035817905499
2026,4,2026_04_DAL_HOU,00-0033077,Dak Prescott,QB,DAL,HOU,passing_yards,247.05754249021675,247.05754249021675,236.06666666666666,1.0,82.801,3,NOT_LISTED,True,,,,-2.5,47.5,22.5,30.5,0.8993055555555557,-0.05329620780805669,6.869098200247393
2026,4,2026_04_DET_CAR,00-0033106,Jared Goff,QB,DET,CAR,passing_yards,273.56059857135966,273.56059857135966,273.3333333333333,1.0,82.801,3,NOT_LISTED,True,,,,3.5,50.5,27.0,39.0,1.0,0.023856623892729287,6.372339045009886
2026,4,2026_04_ARI_NYG,00-0033119,Jacoby Brissett,QB,ARI,NYG,passing_yards,246.5474368743861,246.5474368743861,217.73333333333335,1.0,82.801,3,NOT_LISTED,True,,,,1.5,44.5,23.0,36.0,0.9947916666666666,0.043533341972193766,7.033330172346716
2026,4,2026_04_PIT_CLE,00-0033537,Deshaun Watson,QB,CLE,PIT,passing_yards,185.61180544922664,185.61180544922664,184.6,1.0,82.801,3,NOT_LISTED,True,,,,-2.5,38.5,18.0,25.0,0.8766970422977098,0.0071385299620301094,7.528189974513988
2026,4,2026_04_ATL_NO,00-0033662,Cooper Rush,QB,ATL,NO,passing_yards,161.8701665420398,161.8701665420398,95.66666666666666,1.0,82.801,2,NOT_LISTED,True,,,,-3.0,48.5,22.75,15.166666666666666,0.5806688205585265,-0.04629397600082815,5.5767448424048975
2026,4,2026_04_KC_LV,00-0033873,Patrick Mahomes,QB,KC,LV,passing_yards,266.05012900551327,266.05012900551327,257.20000000000005,1.0,82.801,3,NOT_LISTED,True,,,,4.5,47.5,26.0,32.166666666666664,0.9747474747474748,0.041559814667308986,6.342968945033892
2026,4,2026_04_TEN_BAL,00-0034796,Lamar Jackson,QB,BAL,TEN,passing_yards,217.08628536625326,217.08628536625326,231.26666666666665,1.0,82.801,3,NOT_LISTED,True,,,,11.5,43.5,27.5,19.333333333333332,0.9166666666666666,0.21290571501572417,7.715394682755548
2026,4,2026_04_GB_TB,00-0034855,Baker Mayfield,QB,TB,GB,passing_yards,192.16047607091278,192.16047607091278,210.26666666666665,1.0,82.801,3,NOT_LISTED,True,,,,-3.5,39.5,18.0,31.333333333333332,0.9864864864864865,0.20452516411601107,6.882638075432193
2026,4,2026_04_NE_BUF,00-0034857,Josh Allen,QB,BUF,NE,passing_yards,232.09273274833333,232.09273274833333,248.6,1.0,82.801,3,NOT_LISTED,True,,,,7.0,48.5,27.75,28.0,1.0,-0.036498719212946125,5.855741600353669
2026,4,2026_04_LAC_SEA,00-0034869,Sam Darnold,QB,SEA,LAC,passing_yards,184.31177042983802,184.31177042983802,203.2,1.0,82.801,2,NOT_LISTED,True,,,,7.0,43.5,25.25,28.333333333333332,0.8435990338164251,-0.008965228139102822,6.915104348263071
2026,4,2026_04_MIA_MIN,00-0035228,Kyler Murray,QB,MIN,MIA,passing_yards,161.06331280985802,161.06331280985802,146.86666666666667,1.0,82.801,2,NOT_LISTED,True,,,,10.5,38.5,24.5,27.666666666666668,0.8628472222222222,0.2970156808353054,8.294035817905499
2026,4,2026_04_LAC_SEA,00-0035704,Drew Lock,QB,SEA,LAC,passing_yards,149.42296083843604,149.42296083843604,122.73333333333332,1.0,82.801,2,NOT_LISTED,True,,,,7.0,43.5,25.25,13.333333333333334,0.5099206349206349,-0.008965228139102822,6.915104348263071
2026,4,2026_04_IND_WAS,00-0035710,Daniel Jones,QB,IND,WAS,passing_yards,231.9488030585773,231.9488030585773,192.39999999999998,1.0,82.801,3,NOT_LISTED,True,,,,3.5,47.5,25.5,27.166666666666668,0.8657407407407408,0.16400236417261138,6.91052262618625
2026,4,2026_04_GB_TB,00-0036264,Jordan Love,QB,GB,TB,passing_yards,223.0339933553969,223.0339933553969,264.2,1.0,82.801,3,NOT_LISTED,True,,,,3.5,39.5,21.5,33.666666666666664,0.923611111111111,0.10369834161496254,6.834640966894004
2026,4,2026_04_LAC_SEA,00-0036355,Justin Herbert,QB,LAC,SEA,passing_yards,229.0808919930684,229.0808919930684,216.93333333333334,1.0,82.801,3,NOT_LISTED,True,,,,-7.0,43.5,18.25,29.666666666666668,1.0,-0.19963303984856215,4.850609177049269
2026,4,2026_04_LA_PHI,00-0036389,Jalen Hurts,QB,PHI,LA,passing_yards,230.42453581533977,230.42453581533977,193.86666666666667,1.0,82.801,2,NOT_LISTED,True,,,,,,,29.0,0.9722222222222223,0.0046368558908046476,6.1933821568941125
2026,4,2026_04_JAX_CIN,00-0036442,Joe Burrow,QB,CIN,JAX,passing_yards,279.60068756336074,279.60068756336074,254.8,1.0,82.801,3,NOT_LISTED,True,,,,2.5,51.5,27.0,34.166666666666664,0.9718013468013469,-0.20520928997199728,6.24414557087707
2026,4,2026_04_JAX_CIN,00-0036971,Trevor Lawrence,QB,JAX,CIN,passing_yards,246.3183463928023,246.3183463928023,217.4,1.0,82.801,3,NOT_LISTED,True,,,,-2.5,51.5,24.5,30.666666666666668,0.9895833333333334,0.03005865103866144,7.002237840782786
2026,4,2026_04_DEN_SF,00-0037834,Brock Purdy,QB,SF,DEN,passing_yards,240.38431758367938,240.38431758367938,258.73333333333335,1.0,82.801,3,NOT_LISTED,True,,,,3.0,46.5,24.75,29.5,1.0,-0.13285798017646472,5.486852398576912
2026,4,2026_04_MIA_MIN,00-0038128,Malik Willis,QB,MIA,MIN,passing_yards,170.86021960014864,170.86021960014864,194.93333333333334,1.0,82.801,3,NOT_LISTED,True,,,,-10.5,38.5,14.0,19.833333333333332,0.7239646464646464,-0.3895311558079154,4.972574478768719
2026,4,2026_04_NE_BUF,00-0038476,Tommy DeVito,QB,NE,BUF,passing_yards,98.24334965430768,98.24334965430768,92.93333333333334,1.0,82.801,1,NOT_LISTED,True,,,,-7.0,48.5,20.75,16.833333333333332,0.4891586742415041,-0.0641388451855085,5.709809483536949
2026,4,2026_04_DET_CAR,00-0039150,Bryce Young,QB,CAR,DET,passing_yards,258.5549416304098,258.5549416304098,284.46666666666664,1.0,82.801,3,NOT_LISTED,True,,,,-3.5,50.5,23.5,35.333333333333336,0.9956140350877193,0.046762111453013525,6.618602662226315
2026,4,2026_04_DAL_HOU,00-0039163,C.J. Stroud,QB,HOU,DAL,passing_yards,232.9053129698745,232.9053129698745,251.73333333333335,1.0,82.801,3,NOT_LISTED,True,,,,2.5,47.5,25.0,34.333333333333336,0.9501488095238094,0.4566265974358147,8.294990306332075
2026,4,2026_04_DEN_SF,00-0039732,Bo Nix,QB,DEN,SF,passing_yards,220.23216986996232,220.23216986996232,206.33333333333331,1.0,82.801,3,NOT_LISTED,True,,,,-3.0,46.5,21.75,33.5,1.0,0.08104121145253797,6.462440824282929
2026,4,2026_04_NE_BUF,00-0039851,Drake Maye,QB,NE,BUF,passing_yards,198.0437402191935,198.0437402191935,211.13333333333333,1.0,82.801,3,NOT_LISTED,True,,,,-7.0,48.5,20.75,27.166666666666668,0.910772238514174,-0.0641388451855085,5.709809483536949
2026,4,2026_04_IND_WAS,00-0039910,Jayden Daniels,QB,WAS,IND,passing_yards,187.7819015713211,187.7819015713211,124.8,1.0,82.801,2,NOT_LISTED,True,,,,-3.5,47.5,22.0,23.5,0.8344246031746033,0.21503762182351374,7.779132808247871
2026,4,2026_04_ATL_NO,00-0039917,Michael Penix Jr.,QB,ATL,NO,passing_yards,222.4329531645533,222.4329531645533,209.6,1.0,82.801,1,NOT_LISTED,True,,,,-3.0,48.5,22.75,29.333333333333332,0.9222222222222222,-0.04629397600082815,5.5767448424048975
2026,4,2026_04_NYJ_CHI,00-0039918,Caleb Williams,QB,CHI,NYJ,passing_yards,235.58190079118646,235.58190079118646,219.86666666666667,1.0,82.801,2,NOT_LISTED,True,,,,,,,32.0,0.9571428571428572,0.3610990180509618,7.373447293520088
2026,4,2026_04_PIT_CLE,00-0040668,Shedeur Sanders,QB,CLE,PIT,passing_yards,120.37802971505462,120.37802971505462,125.73333333333335,1.0,82.801,1,NOT_LISTED,True,,,,-2.5,38.5,18.0,25.333333333333332,0.8331541218637993,0.0071385299620301094,7.528189974513988
2026,4,2026_04_TEN_BAL,00-0040676,Cam Ward,QB,TEN,BAL,passing_yards,200.41313074328275,200.41313074328275,169.8,1.0,82.801,3,NOT_LISTED,True,,,,-11.5,43.5,16.0,26.5,0.8484848484848485,0.14538458240198826,7.145316852678761
2026,4,2026_04_ARI_NYG,00-0040691,Jaxson Dart,QB,NYG,ARI,passing_yards,189.91467407009225,189.91467407009225,160.4,1.0,82.801,2,NOT_LISTED,True,,,,-1.5,44.5,21.5,24.166666666666668,0.8498199904449905,0.4183825236167109,8.078343249365084
2026,4,2026_04_ATL_NO,00-0040743,Tyler Shough,QB,NO,ATL,passing_yards,279.92256708219145,279.92256708219145,304.5333333333333,1.0,82.801,3,NOT_LISTED,True,,,,3.0,48.5,25.75,40.5,0.9966666666666667,0.04409527183471819,6.5884093431633834
2026,4,2026_04_KC_LV,00-0029604,Kirk Cousins,QB,LV,KC,rush_attempts,2.7284673266863013,2.460584158357877,3.8,0.8,4.388,3,NOT_LISTED,True,,,,-4.5,47.5,21.5,3.5,0.11160257436119507,-0.10785419953696243,3.6622708680941787
2026,4,2026_04_NYJ_CHI,00-0030565,Geno Smith,QB,NYJ,CHI,rush_attempts,3.1486563953660793,3.0358204942075995,3.5999999999999996,0.8,4.388,3,NOT_LISTED,True,,,,,,,2.5,0.09627130504323485,-0.031200573550013756,4.679871632996633
2026,4,2026_04_ARI_NYG,00-0031503,Jameis Winston,QB,NYG,ARI,rush_attempts,2.3486205077486493,2.519108968019145,1.6666666666666665,0.8,4.388,2,NOT_LISTED,True,,,,-1.5,44.5,21.5,2.1666666666666665,0.07209895367790105,-0.0160990411132605,4.674210267670997
2026,4,2026_04_IND_WAS,00-0032268,Marcus Mariota,QB,WAS,IND,rush_attempts,2.938951134306669,2.8403555845500033,3.3333333333333335,0.8,4.388,2,NOT_LISTED,True,,,,-3.5,47.5,22.0,4.833333333333333,0.14770310558354036,-0.021820501706998445,4.070372815475881
2026,4,2026_04_TEN_BAL,00-0032764,Derrick Henry,RB,BAL,TEN,rush_attempts,20.424829057096954,19.89770298803786,22.53333333333333,0.8,4.388,3,NOT_LISTED,True,,,,11.5,43.5,27.5,23.333333333333332,0.6709287452418865,-0.07587709041067367,3.510876320356798
2026,4,2026_04_MIA_MIN,00-0032950,Carson Wentz,QB,MIN,MIA,rush_attempts,2.7407347668211433,2.742585125193096,2.7333333333333334,0.8,4.388,2,NOT_LISTED,True,,,,10.5,38.5,24.5,2.8333333333333335,0.10975825112653757,-0.013528833273851654,4.136541475723461
2026,4,2026_04_DAL_HOU,00-0033077,Dak Prescott,QB,DAL,HOU,rush_attempts,3.271119284659312,3.28889910582414,3.2,0.8,4.388,3,NOT_LISTED,True,,,,-2.5,47.5,22.5,3.0,0.11324215237258715,-0.06786185335888728,3.7354436842696748
2026,4,2026_04_DET_CAR,00-0033106,Jared Goff,QB,DET,CAR,rush_attempts,2.5353675427327165,2.502542761749229,2.6666666666666665,0.8,4.388,3,NOT_LISTED,True,,,,3.5,50.5,27.0,2.1666666666666665,0.08787878787878788,0.05330335833784104,5.028525866494617
2026,4,2026_04_ARI_NYG,00-0033119,Jacoby Brissett,QB,ARI,NYG,rush_attempts,3.029469259096411,2.986836573870514,3.1999999999999997,0.8,4.388,3,NOT_LISTED,True,,,,1.5,44.5,23.0,2.5,0.1044867544441287,-0.06443966821756625,4.141044747273891
2026,4,2026_04_DEN_SF,00-0033280,Christian McCaffrey,RB,SF,DEN,rush_attempts,12.758453163685143,12.74806645460643,12.8,0.8,4.388,3,NOT_LISTED,True,,,,3.0,46.5,24.75,14.5,0.5627390377479754,0.04680306488940446,4.571420058297919
2026,4,2026_04_MIA_MIN,00-0033293,Aaron Jones,RB,MIN,MIA,rush_attempts,16.569521403106435,16.395235087216378,17.266666666666666,0.8,4.388,3,NOT_LISTED,True,,,,10.5,38.5,24.5,17.166666666666668,0.6103913514915082,-0.013528833273851654,4.136541475723461
2026,4,2026_04_JAX_CIN,00-0033319,Nick Mullens,QB,JAX,CIN,rush_attempts,2.5457396482645556,2.448841226997361,2.9333333333333336,0.8,4.388,1,NOT_LISTED,True,,,,-2.5,51.5,24.5,2.8333333333333335,0.10300925925925926,-0.0731465662067165,5.090407114437287
2026,4,2026_04_JAX_CIN,00-0033526,Samaje Perine,RB,CIN,JAX,rush_attempts,4.282575043508726,4.3865521377192405,3.866666666666667,0.8,4.388,3,NOT_LISTED,True,,,,2.5,51.5,27.0,4.666666666666667,0.18562557142267286,-0.0702262469793013,3.934610933764378
2026,4,2026_04_PIT_CLE,00-0033537,Deshaun Watson,QB,CLE,PIT,rush_attempts,6.747220285271204,6.6840253565890055,7.0,0.8,4.388,3,NOT_LISTED,True,,,,-2.5,38.5,18.0,5.5,0.22156910722128112,-0.0928940689216331,4.018224473032941
2026,4,2026_04_KC_LV,00-0033873,Patrick Mahomes,QB,KC,LV,rush_attempts,3.388297609245784,3.3687053448905635,3.466666666666667,0.8,4.388,3,NOT_LISTED,True,,,,4.5,47.5,26.0,3.6666666666666665,0.12670470529146455,-0.11325964815656826,4.250862478738098
2026,4,2026_04_ATL_NO,00-0033906,Alvin Kamara,RB,NO,ATL,rush_attempts,7.358753495948529,7.2317752032689935,7.866666666666667,0.8,4.388,2,NOT_LISTED,True,,,,3.0,48.5,25.75,9.166666666666666,0.36417846417846417,-0.12091033470297784,4.043277223983745
2026,4,2026_04_TEN_BAL,00-0034796,Lamar Jackson,QB,BAL,TEN,rush_attempts,5.103153438667798,5.112275131668081,5.066666666666666,0.8,4.388,3,NOT_LISTED,True,,,,11.5,43.5,27.5,4.166666666666667,0.1368316083228364,-0.07587709041067367,3.510876320356798
2026,4,2026_04_LA_PHI,00-0034844,Saquon Barkley,RB,PHI,LA,rush_attempts,12.369735616079746,11.87883618676635,14.333333333333332,0.8,4.388,2,NOT_LISTED,True,,,,,,,16.833333333333332,0.5569168993292898,0.027059017553623117,4.66025974025974
2026,4,2026_04_GB_TB,00-0034855,Baker Mayfield,QB,TB,GB,rush_attempts,4.131762751667083,4.248036772917187,3.6666666666666665,0.8,4.388,3,NOT_LISTED,True,,,,-3.5,39.5,18.0,3.6666666666666665,0.1515313852813853,-0.015552808560386894,4.336935688683218
2026,4,2026_04_NE_BUF,00-0034857,Josh Allen,QB,BUF,NE,rush_attempts,8.51688331624462,8.36277081197244,9.133333333333335,0.8,4.388,3,NOT_LISTED,True,,,,7.0,48.5,27.75,8.833333333333334,0.277970872798459,-0.0231167870360739,4.392861500687587
2026,4,2026_04_LAC_SEA,00-0034869,Sam Darnold,QB,SEA,LAC,rush_attempts,1.9406755045568371,1.792511047362713,2.5333333333333337,0.8,4.388,2,NOT_LISTED,True,,,,7.0,43.5,25.25,2.8333333333333335,0.0990922040922041,-0.17141852964309717,3.696624259027981
2026,4,2026_04_TEN_BAL,00-0034975,Justice Hill,RB,BAL,TEN,rush_attempts,3.994303649341464,4.09287956167683,3.5999999999999996,0.8,4.388,3,NOT_LISTED,True,,,,11.5,43.5,27.5,2.5,0.07411434045559682,-0.07587709041067367,3.510876320356798
2026,4,2026_04_MIA_MIN,00-0035228,Kyler Murray,QB,MIN,MIA,rush_attempts,3.396519745171793,3.412316348131408,3.333333333333333,0.8,4.388,2,NOT_LISTED,True,,,,10.5,38.5,24.5,4.333333333333333,0.18504937752666828,-0.013528833273851654,4.136541475723461
2026,4,2026_04_ARI_NYG,00-0035250,Devin Singletary,RB,NYG,ARI,rush_attempts,5.865063220848613,5.7313290260607666,6.4,0.8,4.388,2,NOT_LISTED,True,,,,-1.5,44.5,21.5,7.0,0.23056904681974202,-0.0160990411132605,4.674210267670997
2026,4,2026_04_TEN_BAL,00-0035261,Tony Pollard,RB,TEN,BAL,rush_attempts,13.514692813189445,13.476699349820139,13.666666666666666,0.8,4.388,3,NOT_LISTED,True,,,,-11.5,43.5,16.0,15.166666666666666,0.6161636130556275,-0.09445225643498892,3.7671905877126797
2026,4,2026_04_NE_BUF,00-0035537,Ty Johnson,RB,BUF,NE,rush_attempts,3.252602071811015,2.715752589763769,5.3999999999999995,0.8,4.388,1,NOT_LISTED,True,,,,7.0,48.5,27.75,4.5,0.12239377235367611,-0.0231167870360739,4.392861500687587
2026,4,2026_04_DAL_HOU,00-0035685,David Montgomery,RB,HOU,DAL,rush_attempts,10.822608484523085,10.694927272320525,11.333333333333334,0.8,4.388,3,NOT_LISTED,True,,,,2.5,47.5,25.0,9.833333333333334,0.40751763668430335,0.05840065485169369,5.145805887376611
2026,4,2026_04_IND_WAS,00-0035710,Daniel Jones,QB,IND,WAS,rush_attempts,2.4032042698679015,2.454005337334877,2.2,0.8,4.388,3,NOT_LISTED,True,,,,3.5,47.5,25.5,2.0,0.08005978828693266,0.012721255729692127,4.49008829795461
2026,4,2026_04_PIT_CLE,00-0036139,Rico Dowdle,RB,PIT,CLE,rush_attempts,8.388959975253634,8.402866635733709,8.333333333333332,0.8,4.388,2,NOT_LISTED,True,,,,2.5,38.5,20.5,9.833333333333334,0.43549461680597723,0.07260371262752219,5.004006059064624
2026,4,2026_04_DEN_SF,00-0036158,J.K. Dobbins,RB,DEN,SF,rush_attempts,12.504188281510213,12.496902018554433,12.533333333333333,0.8,4.388,3,NOT_LISTED,True,,,,-3.0,46.5,21.75,13.833333333333334,0.5708385093167702,0.013098820129812387,4.366947486761168
2026,4,2026_04_IND_WAS,00-0036223,Jonathan Taylor,RB,IND,WAS,rush_attempts,19.67727721903432,19.3465965237929,21.0,0.8,4.388,3,NOT_LISTED,True,,,,3.5,47.5,25.5,19.5,0.7827468230694038,0.012721255729692127,4.49008829795461
2026,4,2026_04_DET_CAR,00-0036265,AJ Dillon,RB,CAR,DET,rush_attempts,4.014774906261891,4.168468632827365,3.4,0.8,4.388,3,NOT_LISTED,True,,,,-3.5,50.5,23.5,2.5,0.12822793148880104,0.07720876740357355,4.922304065959919
2026,4,2026_04_NYJ_CHI,00-0036275,D'Andre Swift,RB,CHI,NYJ,rush_attempts,14.67093533007382,14.738669162592277,14.399999999999999,0.8,4.388,2,NOT_LISTED,True,,,,,,,14.0,0.4979614173162561,-0.08676436743211768,4.390701264529257
2026,4,2026_04_LAC_SEA,00-0036355,Justin Herbert,QB,LAC,SEA,rush_attempts,3.7442426874161407,3.6136366926035093,4.266666666666667,0.8,4.388,3,NOT_LISTED,True,,,,-7.0,43.5,18.25,4.666666666666667,0.17646990222421255,-0.2128049173468517,3.608886248357904
2026,4,2026_04_LA_PHI,00-0036389,Jalen Hurts,QB,PHI,LA,rush_attempts,5.048683826475803,5.010854783094754,5.2,0.8,4.388,2,NOT_LISTED,True,,,,,,,5.5,0.1777421897564263,0.027059017553623117,4.66025974025974
2026,4,2026_04_JAX_CIN,00-0036442,Joe Burrow,QB,CIN,JAX,rush_attempts,2.6828787208584375,2.703598401073047,2.5999999999999996,0.8,4.388,3,NOT_LISTED,True,,,,2.5,51.5,27.0,2.5,0.09706865330053734,-0.0702262469793013,3.934610933764378
2026,4,2026_04_DET_CAR,00-0036555,Chuba Hubbard,RB,CAR,DET,rush_attempts,12.90511165615543,13.148056236860953,11.933333333333334,0.8,4.388,3,NOT_LISTED,True,,,,-3.5,50.5,23.5,9.333333333333334,0.43951266125179167,0.07720876740357355,4.922304065959919
2026,4,2026_04_NE_BUF,00-0036875,Rhamondre Stevenson,RB,NE,BUF,rush_attempts,9.789990732286398,9.787488415357998,9.8,0.8,4.388,3,NOT_LISTED,True,,,,-7.0,48.5,20.75,9.0,0.3066820511544544,0.061942847284586044,4.533983224966883
2026,4,2026_04_ARI_NYG,00-0036893,Najee Harris,RB,NYG,ARI,rush_attempts,6.608955225273015,6.644527364924603,6.466666666666667,0.8,4.388,2,NOT_LISTED,True,,,,-1.5,44.5,21.5,6.666666666666667,0.2578201026027113,-0.0160990411132605,4.674210267670997
2026,4,2026_04_GB_TB,00-0036919,Kenny Gainwell,RB,TB,GB,rush_attempts,4.691481524264274,4.847685238663676,4.066666666666666,0.8,4.388,3,NOT_LISTED,True,,,,-3.5,39.5,18.0,5.166666666666667,0.21769841269841272,-0.015552808560386894,4.336935688683218
2026,4,2026_04_JAX_CIN,00-0036971,Trevor Lawrence,QB,JAX,CIN,rush_attempts,2.937847582326044,2.8723094779075544,3.2,0.8,4.388,3,NOT_LISTED,True,,,,-2.5,51.5,24.5,4.0,0.14343071519795658,-0.0731465662067165,5.090407114437287
2026,4,2026_04_DEN_SF,00-0036972,Mac Jones,QB,SF,DEN,rush_attempts,1.9258435078618867,1.8073043848273582,2.4000000000000004,0.8,4.388,1,NOT_LISTED,True,,,,3.0,46.5,24.75,2.5,0.08360624640194532,0.04680306488940446,4.571420058297919
2026,4,2026_04_ATL_NO,00-0036973,Travis Etienne,RB,NO,ATL,rush_attempts,10.71725698543108,10.613237898455516,11.133333333333333,0.8,4.388,3,NOT_LISTED,True,,,,3.0,48.5,25.75,12.833333333333334,0.48045247217661013,-0.12091033470297784,4.043277223983745
2026,4,2026_04_DAL_HOU,00-0036997,Javonte Williams,RB,DAL,HOU,rush_attempts,13.58572366080794,13.498821242676591,13.933333333333334,0.8,4.388,3,NOT_LISTED,True,,,,-2.5,47.5,22.5,13.333333333333334,0.5125714740032581,-0.06786185335888728,3.7354436842696748
2026,4,2026_04_ARI_NYG,00-0037157,Bam Knight,RB,ARI,NYG,rush_attempts,4.592104292486268,4.640130365607835,4.4,0.8,4.388,1,NOT_LISTED,True,,,,1.5,44.5,23.0,6.0,0.3502260553344145,-0.06443966821756625,4.141044747273891
2026,4,2026_04_PIT_CLE,00-0037228,Jaylen Warren,RB,PIT,CLE,rush_attempts,14.596048921419971,15.045061151774965,12.8,0.8,4.388,3,NOT_LISTED,True,,,,2.5,38.5,20.5,13.0,0.5492389387316924,0.07260371262752219,5.004006059064624
2026,4,2026_04_NE_BUF,00-0037248,James Cook,RB,BUF,NE,rush_attempts,17.863749386739755,17.829686733424694,18.0,0.8,4.388,3,NOT_LISTED,True,,,,7.0,48.5,27.75,16.0,0.5223250085920496,-0.0231167870360739,4.392861500687587
2026,4,2026_04_IND_WAS,00-0037256,Rachaad White,RB,WAS,IND,rush_attempts,6.591450973015315,6.5393137162691435,6.8,0.8,4.388,3,NOT_LISTED,True,,,,-3.5,47.5,22.0,6.0,0.1884469696969697,-0.021820501706998445,4.070372815475881
2026,4,2026_04_ARI_NYG,00-0037263,Tyler Allgeier,RB,ARI,NYG,rush_attempts,7.723057836607767,7.503822295759709,8.6,0.8,4.388,3,NOT_LISTED,True,,,,1.5,44.5,23.0,9.5,0.31394240943260554,-0.06443966821756625,4.141044747273891
2026,4,2026_04_MIA_MIN,00-0037525,Jordan Mason,RB,MIN,MIA,rush_attempts,10.121069181162582,10.134669809786562,10.066666666666666,0.8,4.388,1,NOT_LISTED,True,,,,10.5,38.5,24.5,9.666666666666666,0.33549629529231045,-0.013528833273851654,4.136541475723461
2026,4,2026_04_LA_PHI,00-0037557,Ronnie Rivers,RB,LA,PHI,rush_attempts,3.339668331661093,3.6412520812430325,2.1333333333333333,0.8,4.388,1,NOT_LISTED,True,,,,,,,2.3333333333333335,0.07410600255427842,0.012347858356520861,4.110269611430564
2026,4,2026_04_ATL_NO,00-0037746,Brian Robinson,RB,ATL,NO,rush_attempts,8.4155217418836,8.336068844021167,8.733333333333334,0.8,4.388,3,NOT_LISTED,True,,,,-3.0,48.5,22.75,6.833333333333333,0.22059651129006544,-0.09951195264537152,3.974742091838866
2026,4,2026_04_DEN_SF,00-0037834,Brock Purdy,QB,SF,DEN,rush_attempts,3.7942593568663714,3.9094908627496308,3.3333333333333335,0.8,4.388,3,NOT_LISTED,True,,,,3.0,46.5,24.75,3.3333333333333335,0.12873128057518782,0.04680306488940446,4.571420058297919
2026,4,2026_04_LA_PHI,00-0037840,Kyren Williams,RB,LA,PHI,rush_attempts,13.021345154983894,12.943348110396535,13.333333333333334,0.8,4.388,3,NOT_LISTED,True,,,,,,,14.333333333333334,0.5144826750632719,0.012347858356520861,4.110269611430564
2026,4,2026_04_NYJ_CHI,00-0038120,Breece Hall,RB,NYJ,CHI,rush_attempts,15.62173742235444,15.427171777943052,16.4,0.8,4.388,3,NOT_LISTED,True,,,,,,,15.5,0.5859842805018244,-0.031200573550013756,4.679871632996633
2026,4,2026_04_MIA_MIN,00-0038128,Malik Willis,QB,MIA,MIN,rush_attempts,5.744098897239,5.696790288215416,5.933333333333334,0.8,4.388,3,NOT_LISTED,True,,,,-10.5,38.5,14.0,6.333333333333333,0.24948749513625515,-0.19869822522388791,3.722624286934874
2026,4,2026_04_KC_LV,00-0038134,Kenneth Walker III,RB,KC,LV,rush_attempts,19.588745471303547,19.4525985057961,20.133333333333333,0.8,4.388,3,NOT_LISTED,True,,,,4.5,47.5,26.0,17.833333333333332,0.5699620736190609,-0.11325964815656826,4.250862478738098
2026,4,2026_04_LAC_SEA,00-0038454,Keaton Mitchell,RB,LAC,SEA,rush_attempts,5.897449369342267,5.905145045011167,5.866666666666667,0.8,4.388,3,NOT_LISTED,True,,,,-7.0,43.5,18.25,6.166666666666667,0.19150885729109,-0.2128049173468517,3.608886248357904
2026,4,2026_04_NE_BUF,00-0038476,Tommy DeVito,QB,NE,BUF,rush_attempts,2.363766813540472,2.271375183592257,2.7333333333333334,0.8,4.388,1,NOT_LISTED,True,,,,-7.0,48.5,20.75,2.3333333333333335,0.12115384615384615,0.061942847284586044,4.533983224966883
2026,4,2026_04_ATL_NO,00-0038542,Bijan Robinson,RB,ATL,NO,rush_attempts,19.67549638899627,19.311037152912004,21.133333333333333,0.8,4.388,3,NOT_LISTED,True,,,,-3.0,48.5,22.75,19.833333333333332,0.5973059211847568,-0.09951195264537152,3.974742091838866
2026,4,2026_04_ATL_NO,00-0038551,Kendre Miller,RB,NO,ATL,rush_attempts,6.029235321359833,6.119877485033124,5.666666666666668,0.8,4.388,2,NOT_LISTED,True,,,,3.0,48.5,25.75,7.166666666666667,0.26106158405391144,-0.12091033470297784,4.043277223983745
2026,4,2026_04_LA_PHI,00-0038555,Tank Bigsby,RB,PHI,LA,rush_attempts,7.9458216475330605,7.548943726082992,9.533333333333333,0.8,4.388,2,NOT_LISTED,True,,,,,,,8.833333333333334,0.3074379210940126,0.027059017553623117,4.66025974025974
2026,4,2026_04_JAX_CIN,00-0038597,Chase Brown,RB,CIN,JAX,rush_attempts,15.702271826228962,15.577839782786203,16.2,0.8,4.388,3,NOT_LISTED,True,,,,2.5,51.5,27.0,16.0,0.6324149870526682,-0.0702262469793013,3.934610933764378
2026,4,2026_04_JAX_CIN,00-0038611,Chris Rodriguez Jr.,RB,JAX,CIN,rush_attempts,7.593652777430616,7.475399305121604,8.066666666666666,0.8,4.388,3,NOT_LISTED,True,,,,-2.5,51.5,24.5,10.166666666666666,0.35101937578740333,-0.0731465662067165,5.090407114437287
2026,4,2026_04_GB_TB,00-0038685,Chris Brooks,RB,GB,TB,rush_attempts,5.030168508944278,5.32104396951368,3.8666666666666667,0.8,4.388,3,NOT_LISTED,True,,,,3.5,39.5,21.5,4.166666666666667,0.15828523328523328,-0.12605817386711585,3.7625267785254195
2026,4,2026_04_DAL_HOU,00-0038705,Emari Demercado,RB,DAL,HOU,rush_attempts,3.2207154700891207,3.375894337611401,2.6000000000000005,0.8,4.388,2,NOT_LISTED,True,,,,-2.5,47.5,22.5,3.0,0.17282122064730762,-0.06786185335888728,3.7354436842696748
2026,4,2026_04_DAL_HOU,00-0038738,Hunter Luepke,RB,DAL,HOU,rush_attempts,2.2550495537163116,2.3688119421453893,1.7999999999999998,0.8,4.388,2,NOT_LISTED,True,,,,-2.5,47.5,22.5,2.5,0.07930978594396886,-0.06786185335888728,3.7354436842696748
2026,4,2026_04_PIT_CLE,00-0038794,Jaleel McLaughlin,RB,CLE,PIT,rush_attempts,3.9185376092514965,3.781505344897704,4.466666666666667,0.8,4.388,1,NOT_LISTED,True,,,,-2.5,38.5,18.0,4.166666666666667,0.15724044702032283,-0.0928940689216331,4.018224473032941
2026,4,2026_04_LAC_SEA,00-0038797,Emanuel Wilson,RB,SEA,LAC,rush_attempts,9.833868825574227,9.575669365301117,10.866666666666667,0.8,4.388,3,NOT_LISTED,True,,,,7.0,43.5,25.25,11.166666666666666,0.35414120193531956,-0.17141852964309717,3.696624259027981
2026,4,2026_04_TEN_BAL,00-0039032,Tyjae Spears,RB,TEN,BAL,rush_attempts,5.316381274112496,5.412143259307287,4.933333333333334,0.8,4.388,3,NOT_LISTED,True,,,,-11.5,43.5,16.0,5.833333333333333,0.21595043643591735,-0.09445225643498892,3.7671905877126797
2026,4,2026_04_MIA_MIN,00-0039040,De'Von Achane,RB,MIA,MIN,rush_attempts,11.460270244573842,11.308671139050636,12.066666666666666,0.8,4.388,3,NOT_LISTED,True,,,,-10.5,38.5,14.0,13.166666666666666,0.5472091271312628,-0.19869822522388791,3.722624286934874
2026,4,2026_04_DET_CAR,00-0039139,Jahmyr Gibbs,RB,DET,CAR,rush_attempts,19.27303372933528,19.041292161669098,20.2,0.8,4.388,3,NOT_LISTED,True,,,,3.5,50.5,27.0,18.0,0.6998597081930416,0.05330335833784104,5.028525866494617
2026,4,2026_04_DET_CAR,00-0039150,Bryce Young,QB,CAR,DET,rush_attempts,2.1853350701668055,2.281668837708507,1.8000000000000003,0.8,4.388,3,NOT_LISTED,True,,,,-3.5,50.5,23.5,3.0,0.13756243756243755,0.07720876740357355,4.922304065959919
2026,4,2026_04_DAL_HOU,00-0039163,C.J. Stroud,QB,HOU,DAL,rush_attempts,2.8600903238081408,2.941779571426842,2.5333333333333337,0.8,4.388,3,NOT_LISTED,True,,,,2.5,47.5,25.0,2.8333333333333335,0.10973299576240753,0.05840065485169369,5.145805887376611
2026,4,2026_04_LAC_SEA,00-0039299,George Holani,RB,SEA,LAC,rush_attempts,5.523865182222304,5.70483147777788,4.8,0.8,4.388,3,NOT_LISTED,True,,,,7.0,43.5,25.25,4.5,0.1607699667482276,-0.17141852964309717,3.696624259027981
2026,4,2026_04_DET_CAR,00-0039344,Jonathon Brooks,RB,CAR,DET,rush_attempts,4.028752484753266,4.175940605941582,3.4400000000000004,0.8,4.388,2,NOT_LISTED,True,,,,-3.5,50.5,23.5,3.6,0.16389101094983446,0.07720876740357355,4.922304065959919
2026,4,2026_04_GB_TB,00-0039361,Bucky Irving,RB,TB,GB,rush_attempts,14.822709490747066,14.961720196767168,14.266666666666666,0.8,4.388,3,NOT_LISTED,True,,,,-3.5,39.5,18.0,15.666666666666666,0.5919318181818182,-0.015552808560386894,4.336935688683218
2026,4,2026_04_ARI_NYG,00-0039384,Tyrone Tracy Jr.,RB,NYG,ARI,rush_attempts,3.4949588881220133,3.3686986101525167,4.0,0.8,4.388,3,NOT_LISTED,True,,,,-1.5,44.5,21.5,8.5,0.27196722015270397,-0.0160990411132605,4.674210267670997
2026,4,2026_04_LAC_SEA,00-0039391,Kimani Vidal,RB,LAC,SEA,rush_attempts,2.8414865089309265,2.768524802830325,3.1333333333333333,0.8,4.388,2,NOT_LISTED,True,,,,-7.0,43.5,18.25,5.833333333333333,0.18538345602773917,-0.2128049173468517,3.608886248357904
2026,4,2026_04_DAL_HOU,00-0039603,British Brooks,RB,HOU,DAL,rush_attempts,2.9341744388774513,2.8010513819301472,3.4666666666666663,0.8,4.388,1,NOT_LISTED,True,,,,2.5,47.5,25.0,2.1666666666666665,0.06770833333333333,0.05840065485169369,5.145805887376611
2026,4,2026_04_DEN_SF,00-0039732,Bo Nix,QB,DEN,SF,rush_attempts,3.9890750864588664,3.836343858073583,4.6,0.8,4.388,3,NOT_LISTED,True,,,,-3.0,46.5,21.75,5.5,0.2188633437245866,0.013098820129812387,4.366947486761168
2026,4,2026_04_LA_PHI,00-0039738,Blake Corum,RB,LA,PHI,rush_attempts,9.629045597601689,9.619640330335443,9.666666666666668,0.8,4.388,3,NOT_LISTED,True,,,,,,,10.166666666666666,0.3520996296132921,0.012347858356520861,4.110269611430564
2026,4,2026_04_LA_PHI,00-0039746,Will Shipley,RB,PHI,LA,rush_attempts,3.3611514024589235,3.501439253073655,2.8,0.8,4.388,2,NOT_LISTED,True,,,,,,,2.0,0.0713841093117409,0.027059017553623117,4.66025974025974
2026,4,2026_04_NYJ_CHI,00-0039794,Braelon Allen,RB,NYJ,CHI,rush_attempts,6.024723074844911,6.064237176889472,5.866666666666667,0.8,4.388,3,NOT_LISTED,True,,,,,,,5.166666666666667,0.19184776011625745,-0.031200573550013756,4.679871632996633
2026,4,2026_04_NYJ_CHI,00-0039798,Isaiah Davis,RB,NYJ,CHI,rush_attempts,1.7466668113237622,1.7500001808213694,1.7333333333333334,0.8,4.388,2,NOT_LISTED,True,,,,,,,2.8333333333333335,0.10933998599439776,-0.031200573550013756,4.679871632996633
2026,4,2026_04_GB_TB,00-0039811,MarShawn Lloyd,RB,GB,TB,rush_attempts,8.179138892725309,8.348923615906637,7.5,0.8,4.388,3,NOT_LISTED,True,,,,3.5,39.5,21.5,7.25,0.377508235998802,-0.12605817386711585,3.7625267785254195
2026,4,2026_04_NE_BUF,00-0039851,Drake Maye,QB,NE,BUF,rush_attempts,4.750204127099457,4.637755158874322,5.2,0.8,4.388,3,NOT_LISTED,True,,,,-7.0,48.5,20.75,5.5,0.1979474189790995,0.061942847284586044,4.533983224966883
2026,4,2026_04_MIA_MIN,00-0039874,Jaylen Wright,RB,MIA,MIN,rush_attempts,4.138580320057674,3.856558733405426,5.266666666666667,0.8,4.388,2,NOT_LISTED,True,,,,-10.5,38.5,14.0,5.166666666666667,0.19918605181536217,-0.19869822522388791,3.722624286934874
2026,4,2026_04_NE_BUF,00-0039875,Ray Davis,RB,BUF,NE,rush_attempts,4.255224334722464,3.7856970850697467,6.133333333333333,0.8,4.388,2,NOT_LISTED,True,,,,7.0,48.5,27.75,4.333333333333333,0.11162374113456712,-0.0231167870360739,4.392861500687587
2026,4,2026_04_IND_WAS,00-0039910,Jayden Daniels,QB,WAS,IND,rush_attempts,6.0620077867732265,6.0441764001332,6.133333333333333,0.8,4.388,2,NOT_LISTED,True,,,,-3.5,47.5,22.0,7.333333333333333,0.2391642920219358,-0.021820501706998445,4.070372815475881
2026,4,2026_04_NYJ_CHI,00-0039918,Caleb Williams,QB,CHI,NYJ,rush_attempts,5.543875804636308,5.679844755795385,5.0,0.8,4.388,2,NOT_LISTED,True,,,,,,,4.5,0.15113709468548178,-0.08676436743211768,4.390701264529257
2026,4,2026_04_KC_LV,00-0040078,Brashard Smith,RB,KC,LV,rush_attempts,2.9442669636634284,2.847000371245952,3.3333333333333335,0.8,4.388,2,NOT_LISTED,True,,,,4.5,47.5,26.0,2.3333333333333335,0.1028295376121463,-0.11325964815656826,4.250862478738098
2026,4,2026_04_KC_LV,00-0040122,Ashton Jeanty,RB,LV,KC,rush_attempts,17.91464282039023,17.093303525487787,21.2,0.8,4.388,3,NOT_LISTED,True,,,,-4.5,47.5,21.5,21.5,0.7584753575414496,-0.10785419953696243,3.6622708680941787
2026,4,2026_04_GB_TB,00-0040142,Kaleb Johnson,RB,GB,TB,rush_attempts,5.230655435286694,5.638319294108368,3.6,0.8,4.388,3,NOT_LISTED,True,,,,3.5,39.5,21.5,3.0,0.19669117647058823,-0.12605817386711585,3.7625267785254195
2026,4,2026_04_PIT_CLE,00-0040162,Dylan Sampson,RB,CLE,PIT,rush_attempts,4.7795687477245306,4.3577942679889965,6.466666666666667,0.8,4.388,1,NOT_LISTED,True,,,,-2.5,38.5,18.0,5.666666666666667,0.22415969733174035,-0.0928940689216331,4.018224473032941
2026,4,2026_04_MIA_MIN,00-0040198,Ollie Gordon II,RB,MIA,MIN,rush_attempts,7.1950379962610835,7.010464161993021,7.933333333333334,0.8,4.388,2,NOT_LISTED,True,,,,-10.5,38.5,14.0,5.333333333333333,0.1954249430584247,-0.19869822522388791,3.722624286934874
2026,4,2026_04_NYJ_CHI,00-0040236,Kyle Monangai,RB,CHI,NYJ,rush_attempts,9.608996687652423,9.81124585956553,8.799999999999999,0.8,4.388,2,NOT_LISTED,True,,,,,,,9.0,0.3259079630047372,-0.08676436743211768,4.390701264529257
2026,4,2026_04_IND_WAS,00-0040242,Jacory Croskey-Merritt,RB,WAS,IND,rush_attempts,12.614274149410393,12.101176020096325,14.666666666666664,0.8,4.388,3,NOT_LISTED,True,,,,-3.5,47.5,22.0,13.166666666666666,0.46350257973733583,-0.021820501706998445,4.070372815475881
2026,4,2026_04_PIT_CLE,00-0040466,Raheim Sanders,RB,CLE,PIT,rush_attempts,3.2338450613044483,3.375639659963894,2.666666666666667,0.8,4.388,3,NOT_LISTED,True,,,,-2.5,38.5,18.0,4.666666666666667,0.17481940725629366,-0.0928940689216331,4.018224473032941
2026,4,2026_04_NE_BUF,00-0040556,Corey Kiner,RB,NE,BUF,rush_attempts,4.259100714144747,4.223875892680934,4.4,0.8,4.388,3,NOT_LISTED,True,,,,-7.0,48.5,20.75,4.0,0.17225647190584079,0.061942847284586044,4.533983224966883
2026,4,2026_04_DAL_HOU,00-0040583,Woody Marks,RB,HOU,DAL,rush_attempts,8.038852074183232,7.981898426062375,8.266666666666666,0.8,4.388,3,NOT_LISTED,True,,,,2.5,47.5,25.0,9.666666666666666,0.3412057373454432,0.05840065485169369,5.145805887376611
2026,4,2026_04_LAC_SEA,00-0040666,Omarion Hampton,RB,LAC,SEA,rush_attempts,14.518300661255466,14.064542493236,16.333333333333336,0.8,4.388,3,NOT_LISTED,True,,,,-7.0,43.5,18.25,15.833333333333334,0.5773910596108872,-0.2128049173468517,3.608886248357904
2026,4,2026_04_PIT_CLE,00-0040668,Shedeur Sanders,QB,CLE,PIT,rush_attempts,2.468889412429967,2.469445098870792,2.466666666666667,0.8,4.388,1,NOT_LISTED,True,,,,-2.5,38.5,18.0,2.6666666666666665,0.11483870967741937,-0.0928940689216331,4.018224473032941
2026,4,2026_04_TEN_BAL,00-0040676,Cam Ward,QB,TEN,BAL,rush_attempts,3.0916851803040744,3.13127314204676,2.9333333333333336,0.8,4.388,3,NOT_LISTED,True,,,,-11.5,43.5,16.0,2.8333333333333335,0.12465934952323339,-0.09445225643498892,3.7671905877126797
2026,4,2026_04_ARI_NYG,00-0040691,Jaxson Dart,QB,NYG,ARI,rush_attempts,5.4170464569949655,5.371308071243707,5.6,0.8,4.388,2,NOT_LISTED,True,,,,-1.5,44.5,21.5,6.0,0.18681356203255536,-0.0160990411132605,4.674210267670997
2026,4,2026_04_ARI_NYG,00-0040715,Cam Skattebo,RB,NYG,ARI,rush_attempts,14.247473823616403,13.842675612853835,15.866666666666667,0.8,4.388,3,NOT_LISTED,True,,,,-1.5,44.5,21.5,14.666666666666666,0.4656687156687156,-0.0160990411132605,4.674210267670997
2026,4,2026_04_JAX_CIN,00-0040719,Bhayshul Tuten,RB,JAX,CIN,rush_attempts,12.064871722976179,12.081089653720223,12.0,0.8,4.388,3,NOT_LISTED,True,,,,-2.5,51.5,24.5,8.5,0.3030478395061728,-0.0731465662067165,5.090407114437287
2026,4,2026_04_DEN_SF,00-0040730,RJ Harvey,RB,DEN,SF,rush_attempts,6.581689109793906,6.227111387242383,8.0,0.8,4.388,2,NOT_LISTED,True,,,,-3.0,46.5,21.75,10.0,0.3710064832384567,0.013098820129812387,4.366947486761168
2026,4,2026_04_NE_BUF,00-0040734,TreVeyon Henderson,RB,NE,BUF,rush_attempts,11.169614448673098,10.862018060841372,12.4,0.8,4.388,2,NOT_LISTED,True,,,,-7.0,48.5,20.75,12.5,0.42777381707049217,0.061942847284586044,4.533983224966883
2026,4,2026_04_ATL_NO,00-0040743,Tyler Shough,QB,NO,ATL,rush_attempts,3.621222859537845,3.4431952410889726,4.333333333333334,0.8,4.388,3,NOT_LISTED,True,,,,3.0,48.5,25.75,3.8333333333333335,0.14972421298508257,-0.12091033470297784,4.043277223983745
2026,4,2026_04_PIT_CLE,00-0040784,Quinshon Judkins,RB,CLE,PIT,rush_attempts,12.499593588996628,12.257825319579117,13.466666666666667,0.8,4.388,3,NOT_LISTED,True,,,,-2.5,38.5,18.0,12.666666666666666,0.5625430320030601,-0.0928940689216331,4.018224473032941
2026,4,2026_04_KC_LV,00-0040878,Mike Washington Jr.,RB,LV,KC,rush_attempts,5.525766789024707,5.657208486280883,5.0,0.8,4.388,3,NOT_LISTED,True,,,,-4.5,47.5,21.5,5.0,0.15927421674548112,-0.10785419953696243,3.6622708680941787
2026,4,2026_04_KC_LV,00-0041013,Emmett Johnson,RB,KC,LV,rush_attempts,5.552243178147509,5.6069706393510526,5.333333333333333,0.8,4.388,3,NOT_LISTED,True,,,,4.5,47.5,26.0,5.333333333333333,0.17316394434361768,-0.11325964815656826,4.250862478738098
2026,4,2026_04_ARI_NYG,00-0041027,Jeremiyah Love,RB,ARI,NYG,rush_attempts,13.610521290913589,13.59648494697532,13.666666666666666,0.8,4.388,3,NOT_LISTED,True,,,,1.5,44.5,23.0,13.666666666666666,0.5435729847494554,-0.06443966821756625,4.141044747273891
2026,4,2026_04_DEN_SF,00-0041052,Kaelon Black,RB,SF,DEN,rush_attempts,8.044473207896631,7.972258176537457,8.333333333333334,0.8,4.388,3,NOT_LISTED,True,,,,3.0,46.5,24.75,8.333333333333334,0.2999463231347289,0.04680306488940446,4.571420058297919
2026,4,2026_04_IND_WAS,00-0041096,Kaytron Allen,RB,WAS,IND,rush_attempts,4.411721489914855,4.38965186239357,4.5,0.8,4.388,2,NOT_LISTED,True,,,,-3.5,47.5,22.0,4.5,0.140625,-0.021820501706998445,4.070372815475881
2026,4,2026_04_IND_WAS,00-0041125,Seth McGowan,RB,IND,WAS,rush_attempts,2.639503082593121,2.7993788532414015,2.0,0.8,4.388,3,NOT_LISTED,True,,,,3.5,47.5,25.5,2.0,0.06384408602150538,0.012721255729692127,4.49008829795461
2026,4,2026_04_DEN_SF,00-0041496,Jonah Coleman,RB,DEN,SF,rush_attempts,5.286489483889612,5.358111854862015,5.0,0.8,4.388,2,NOT_LISTED,True,,,,-3.0,46.5,21.75,5.0,0.17857142857142858,0.013098820129812387,4.366947486761168
2026,4,2026_04_LAC_SEA,00-0041512,Jadarian Price,RB,SEA,LAC,rush_attempts,8.625453730339432,8.448483829590955,9.333333333333334,0.8,4.388,3,NOT_LISTED,True,,,,7.0,43.5,25.25,9.333333333333334,0.3524410774410775,-0.17141852964309717,3.696624259027981
2026,4,2026_04_KC_LV,00-0029604,Kirk Cousins,QB,LV,KC,rushing_yards,6.188709435894909,7.398481689288127,-0.6666666666666666,0.85,26.803,3,NOT_LISTED,True,,,,-4.5,47.5,21.5,3.5,0.11160257436119507,-0.10785419953696243,3.6622708680941787
2026,4,2026_04_NYJ_CHI,00-0030565,Geno Smith,QB,NYJ,CHI,rushing_yards,12.407272574195238,12.843850087288516,9.933333333333334,0.85,26.803,3,NOT_LISTED,True,,,,,,,2.5,0.09627130504323485,-0.031200573550013756,4.679871632996633
2026,4,2026_04_ARI_NYG,00-0031503,Jameis Winston,QB,NYG,ARI,rushing_yards,10.664572918016697,11.593615197666702,5.4,0.85,26.803,2,NOT_LISTED,True,,,,-1.5,44.5,21.5,2.1666666666666665,0.07209895367790105,-0.0160990411132605,4.674210267670997
2026,4,2026_04_IND_WAS,00-0032268,Marcus Mariota,QB,WAS,IND,rushing_yards,13.599749523882215,14.152646498684959,10.466666666666667,0.85,26.803,2,NOT_LISTED,True,,,,-3.5,47.5,22.0,4.833333333333333,0.14770310558354036,-0.021820501706998445,4.070372815475881
2026,4,2026_04_TEN_BAL,00-0032764,Derrick Henry,RB,BAL,TEN,rushing_yards,97.8044427220143,95.36993261413448,111.6,0.85,26.803,3,NOT_LISTED,True,,,,11.5,43.5,27.5,23.333333333333332,0.6709287452418865,-0.07587709041067367,3.510876320356798
2026,4,2026_04_MIA_MIN,00-0032950,Carson Wentz,QB,MIN,MIA,rushing_yards,9.518114492777833,10.338958226797452,4.866666666666667,0.85,26.803,2,NOT_LISTED,True,,,,10.5,38.5,24.5,2.8333333333333335,0.10975825112653757,-0.013528833273851654,4.136541475723461
2026,4,2026_04_DAL_HOU,00-0033077,Dak Prescott,QB,DAL,HOU,rushing_yards,16.506423167810528,16.207556668012383,18.200000000000003,0.85,26.803,3,NOT_LISTED,True,,,,-2.5,47.5,22.5,3.0,0.11324215237258715,-0.06786185335888728,3.7354436842696748
2026,4,2026_04_DET_CAR,00-0033106,Jared Goff,QB,DET,CAR,rushing_yards,8.162017639841617,8.884726635107784,4.066666666666666,0.85,26.803,3,NOT_LISTED,True,,,,3.5,50.5,27.0,2.1666666666666665,0.08787878787878788,0.05330335833784104,5.028525866494617
2026,4,2026_04_ARI_NYG,00-0033119,Jacoby Brissett,QB,ARI,NYG,rushing_yards,12.06722506980683,12.737911846831564,8.266666666666666,0.85,26.803,3,NOT_LISTED,True,,,,1.5,44.5,23.0,2.5,0.1044867544441287,-0.06443966821756625,4.141044747273891
2026,4,2026_04_DEN_SF,00-0033280,Christian McCaffrey,RB,SF,DEN,rushing_yards,61.22207837023144,60.92009220027229,62.93333333333334,0.85,26.803,3,NOT_LISTED,True,,,,3.0,46.5,24.75,14.5,0.5627390377479754,0.04680306488940446,4.571420058297919
2026,4,2026_04_MIA_MIN,00-0033293,Aaron Jones,RB,MIN,MIA,rushing_yards,70.09781367221134,70.89154549671923,65.6,0.85,26.803,3,NOT_LISTED,True,,,,10.5,38.5,24.5,17.166666666666668,0.6103913514915082,-0.013528833273851654,4.136541475723461
2026,4,2026_04_JAX_CIN,00-0033319,Nick Mullens,QB,JAX,CIN,rushing_yards,7.7546366786759755,9.523101974912912,-2.2666666666666666,0.85,26.803,1,NOT_LISTED,True,,,,-2.5,51.5,24.5,2.8333333333333335,0.10300925925925926,-0.0731465662067165,5.090407114437287
2026,4,2026_04_JAX_CIN,00-0033526,Samaje Perine,RB,CIN,JAX,rushing_yards,16.763536119062625,17.22768955183838,14.133333333333333,0.85,26.803,3,NOT_LISTED,True,,,,2.5,51.5,27.0,4.666666666666667,0.18562557142267286,-0.0702262469793013,3.934610933764378
2026,4,2026_04_PIT_CLE,00-0033537,Deshaun Watson,QB,CLE,PIT,rushing_yards,30.901806316287384,31.049183901514567,30.06666666666667,0.85,26.803,3,NOT_LISTED,True,,,,-2.5,38.5,18.0,5.5,0.22156910722128112,-0.0928940689216331,4.018224473032941
2026,4,2026_04_KC_LV,00-0033873,Patrick Mahomes,QB,KC,LV,rushing_yards,16.760623901639992,16.565439884282345,17.866666666666667,0.85,26.803,3,NOT_LISTED,True,,,,4.5,47.5,26.0,3.6666666666666665,0.12670470529146455,-0.11325964815656826,4.250862478738098
2026,4,2026_04_ATL_NO,00-0033906,Alvin Kamara,RB,NO,ATL,rushing_yards,28.914781205374045,29.711507300440054,24.4,0.85,26.803,2,NOT_LISTED,True,,,,3.0,48.5,25.75,9.166666666666666,0.36417846417846417,-0.12091033470297784,4.043277223983745
2026,4,2026_04_TEN_BAL,00-0034796,Lamar Jackson,QB,BAL,TEN,rushing_yards,30.218013576046843,29.22119244240805,35.86666666666667,0.85,26.803,3,NOT_LISTED,True,,,,11.5,43.5,27.5,4.166666666666667,0.1368316083228364,-0.07587709041067367,3.510876320356798
2026,4,2026_04_LA_PHI,00-0034844,Saquon Barkley,RB,PHI,LA,rushing_yards,59.09965815540069,58.09371547694198,64.80000000000001,0.85,26.803,2,NOT_LISTED,True,,,,,,,16.833333333333332,0.5569168993292898,0.027059017553623117,4.66025974025974
2026,4,2026_04_GB_TB,00-0034855,Baker Mayfield,QB,TB,GB,rushing_yards,22.386521221057997,22.148848495362348,23.733333333333334,0.85,26.803,3,NOT_LISTED,True,,,,-3.5,39.5,18.0,3.6666666666666665,0.1515313852813853,-0.015552808560386894,4.336935688683218
2026,4,2026_04_NE_BUF,00-0034857,Josh Allen,QB,BUF,NE,rushing_yards,37.35685386334598,37.502181015701154,36.53333333333333,0.85,26.803,3,NOT_LISTED,True,,,,7.0,48.5,27.75,8.833333333333334,0.277970872798459,-0.0231167870360739,4.392861500687587
2026,4,2026_04_LAC_SEA,00-0034869,Sam Darnold,QB,SEA,LAC,rushing_yards,6.015183053291424,6.253156533284028,4.666666666666667,0.85,26.803,2,NOT_LISTED,True,,,,7.0,43.5,25.25,2.8333333333333335,0.0990922040922041,-0.17141852964309717,3.696624259027981
2026,4,2026_04_TEN_BAL,00-0034975,Justice Hill,RB,BAL,TEN,rushing_yards,16.899306411468753,17.163889895845593,15.4,0.85,26.803,3,NOT_LISTED,True,,,,11.5,43.5,27.5,2.5,0.07411434045559682,-0.07587709041067367,3.510876320356798
2026,4,2026_04_MIA_MIN,00-0035228,Kyler Murray,QB,MIN,MIA,rushing_yards,18.13612477277274,17.64249973267381,20.933333333333334,0.85,26.803,2,NOT_LISTED,True,,,,10.5,38.5,24.5,4.333333333333333,0.18504937752666828,-0.013528833273851654,4.136541475723461
2026,4,2026_04_ARI_NYG,00-0035250,Devin Singletary,RB,NYG,ARI,rushing_yards,23.041492518621677,23.472344139554913,20.6,0.85,26.803,2,NOT_LISTED,True,,,,-1.5,44.5,21.5,7.0,0.23056904681974202,-0.0160990411132605,4.674210267670997
2026,4,2026_04_TEN_BAL,00-0035261,Tony Pollard,RB,TEN,BAL,rushing_yards,55.35670080911689,54.21964801072575,61.8,0.85,26.803,3,NOT_LISTED,True,,,,-11.5,43.5,16.0,15.166666666666666,0.6161636130556275,-0.09445225643498892,3.7671905877126797
2026,4,2026_04_NE_BUF,00-0035537,Ty Johnson,RB,BUF,NE,rushing_yards,13.723067546436129,13.109491231101329,17.2,0.85,26.803,1,NOT_LISTED,True,,,,7.0,48.5,27.75,4.5,0.12239377235367611,-0.0231167870360739,4.392861500687587
2026,4,2026_04_DAL_HOU,00-0035685,David Montgomery,RB,HOU,DAL,rushing_yards,44.765957241269554,46.86583204855242,32.86666666666667,0.85,26.803,3,NOT_LISTED,True,,,,2.5,47.5,25.0,9.833333333333334,0.40751763668430335,0.05840065485169369,5.145805887376611
2026,4,2026_04_IND_WAS,00-0035710,Daniel Jones,QB,IND,WAS,rushing_yards,10.660658066655644,11.400774196065463,6.466666666666667,0.85,26.803,3,NOT_LISTED,True,,,,3.5,47.5,25.5,2.0,0.08005978828693266,0.012721255729692127,4.49008829795461
2026,4,2026_04_PIT_CLE,00-0036139,Rico Dowdle,RB,PIT,CLE,rushing_yards,32.68048778013632,34.624103270748606,21.666666666666664,0.85,26.803,2,NOT_LISTED,True,,,,2.5,38.5,20.5,9.833333333333334,0.43549461680597723,0.07260371262752219,5.004006059064624
2026,4,2026_04_DEN_SF,00-0036158,J.K. Dobbins,RB,DEN,SF,rushing_yards,50.65806214960617,50.97419076424255,48.86666666666667,0.85,26.803,3,NOT_LISTED,True,,,,-3.0,46.5,21.75,13.833333333333334,0.5708385093167702,0.013098820129812387,4.366947486761168
2026,4,2026_04_IND_WAS,00-0036223,Jonathan Taylor,RB,IND,WAS,rushing_yards,80.90016418574683,81.36489904205509,78.26666666666668,0.85,26.803,3,NOT_LISTED,True,,,,3.5,47.5,25.5,19.5,0.7827468230694038,0.012721255729692127,4.49008829795461
2026,4,2026_04_DET_CAR,00-0036265,AJ Dillon,RB,CAR,DET,rushing_yards,15.91779628511586,16.632701511901015,11.866666666666665,0.85,26.803,3,NOT_LISTED,True,,,,-3.5,50.5,23.5,2.5,0.12822793148880104,0.07720876740357355,4.922304065959919
2026,4,2026_04_NYJ_CHI,00-0036275,D'Andre Swift,RB,CHI,NYJ,rushing_yards,70.13919180562473,70.21081388897026,69.73333333333333,0.85,26.803,2,NOT_LISTED,True,,,,,,,14.0,0.4979614173162561,-0.08676436743211768,4.390701264529257
2026,4,2026_04_LAC_SEA,00-0036355,Justin Herbert,QB,LAC,SEA,rushing_yards,17.012144922277635,16.826052849738396,18.066666666666666,0.85,26.803,3,NOT_LISTED,True,,,,-7.0,43.5,18.25,4.666666666666667,0.17646990222421255,-0.2128049173468517,3.608886248357904
2026,4,2026_04_LA_PHI,00-0036389,Jalen Hurts,QB,PHI,LA,rushing_yards,26.087403712790014,26.51459260328237,23.666666666666664,0.85,26.803,2,NOT_LISTED,True,,,,,,,5.5,0.1777421897564263,0.027059017553623117,4.66025974025974
2026,4,2026_04_JAX_CIN,00-0036442,Joe Burrow,QB,CIN,JAX,rushing_yards,11.081106047959972,11.236595350541144,10.2,0.85,26.803,3,NOT_LISTED,True,,,,2.5,51.5,27.0,2.5,0.09706865330053734,-0.0702262469793013,3.934610933764378
2026,4,2026_04_DET_CAR,00-0036555,Chuba Hubbard,RB,CAR,DET,rushing_yards,53.39366615046552,53.580783706430026,52.33333333333333,0.85,26.803,3,NOT_LISTED,True,,,,-3.5,50.5,23.5,9.333333333333334,0.43951266125179167,0.07720876740357355,4.922304065959919
2026,4,2026_04_NE_BUF,00-0036875,Rhamondre Stevenson,RB,NE,BUF,rushing_yards,42.68792723311553,42.06814968601827,46.2,0.85,26.803,3,NOT_LISTED,True,,,,-7.0,48.5,20.75,9.0,0.3066820511544544,0.061942847284586044,4.533983224966883
2026,4,2026_04_ARI_NYG,00-0036893,Najee Harris,RB,NYG,ARI,rushing_yards,27.883460009773383,27.945247070321628,27.53333333333333,0.85,26.803,2,NOT_LISTED,True,,,,-1.5,44.5,21.5,6.666666666666667,0.2578201026027113,-0.0160990411132605,4.674210267670997
2026,4,2026_04_GB_TB,00-0036919,Kenny Gainwell,RB,TB,GB,rushing_yards,16.7546299942728,17.711329405026824,11.333333333333332,0.85,26.803,3,NOT_LISTED,True,,,,-3.5,39.5,18.0,5.166666666666667,0.21769841269841272,-0.015552808560386894,4.336935688683218
2026,4,2026_04_JAX_CIN,00-0036971,Trevor Lawrence,QB,JAX,CIN,rushing_yards,14.596621494629606,14.901907640740713,12.866666666666667,0.85,26.803,3,NOT_LISTED,True,,,,-2.5,51.5,24.5,4.0,0.14343071519795658,-0.0731465662067165,5.090407114437287
2026,4,2026_04_DEN_SF,00-0036972,Mac Jones,QB,SF,DEN,rushing_yards,3.7447568845611667,4.499713981836667,-0.5333333333333333,0.85,26.803,1,NOT_LISTED,True,,,,3.0,46.5,24.75,2.5,0.08360624640194532,0.04680306488940446,4.571420058297919
2026,4,2026_04_ATL_NO,00-0036973,Travis Etienne,RB,NO,ATL,rushing_yards,44.30201498864304,44.23766469252122,44.666666666666664,0.85,26.803,3,NOT_LISTED,True,,,,3.0,48.5,25.75,12.833333333333334,0.48045247217661013,-0.12091033470297784,4.043277223983745
2026,4,2026_04_DAL_HOU,00-0036997,Javonte Williams,RB,DAL,HOU,rushing_yards,56.605381755256445,56.53574324147817,57.0,0.85,26.803,3,NOT_LISTED,True,,,,-2.5,47.5,22.5,13.333333333333334,0.5125714740032581,-0.06786185335888728,3.7354436842696748
2026,4,2026_04_ARI_NYG,00-0037157,Bam Knight,RB,ARI,NYG,rushing_yards,18.973734150338903,19.380863706281062,16.666666666666668,0.85,26.803,1,NOT_LISTED,True,,,,1.5,44.5,23.0,6.0,0.3502260553344145,-0.06443966821756625,4.141044747273891
2026,4,2026_04_PIT_CLE,00-0037228,Jaylen Warren,RB,PIT,CLE,rushing_yards,69.40853553281609,68.28063003860716,75.8,0.85,26.803,3,NOT_LISTED,True,,,,2.5,38.5,20.5,13.0,0.5492389387316924,0.07260371262752219,5.004006059064624
2026,4,2026_04_NE_BUF,00-0037248,James Cook,RB,BUF,NE,rushing_yards,89.3479573687689,86.40936161031635,106.0,0.85,26.803,3,NOT_LISTED,True,,,,7.0,48.5,27.75,16.0,0.5223250085920496,-0.0231167870360739,4.392861500687587
2026,4,2026_04_IND_WAS,00-0037256,Rachaad White,RB,WAS,IND,rushing_yards,29.140713881339707,28.65966338981142,31.866666666666667,0.85,26.803,3,NOT_LISTED,True,,,,-3.5,47.5,22.0,6.0,0.1884469696969697,-0.021820501706998445,4.070372815475881
2026,4,2026_04_ARI_NYG,00-0037263,Tyler Allgeier,RB,ARI,NYG,rushing_yards,29.13032721819415,29.588620256699002,26.53333333333333,0.85,26.803,3,NOT_LISTED,True,,,,1.5,44.5,23.0,9.5,0.31394240943260554,-0.06443966821756625,4.141044747273891
2026,4,2026_04_MIA_MIN,00-0037525,Jordan Mason,RB,MIN,MIA,rushing_yards,49.495528257425605,49.288856773441886,50.666666666666664,0.85,26.803,1,NOT_LISTED,True,,,,10.5,38.5,24.5,9.666666666666666,0.33549629529231045,-0.013528833273851654,4.136541475723461
2026,4,2026_04_LA_PHI,00-0037557,Ronnie Rivers,RB,LA,PHI,rushing_yards,13.322550846989564,14.061824525870076,9.133333333333333,0.85,26.803,1,NOT_LISTED,True,,,,,,,2.3333333333333335,0.07410600255427842,0.012347858356520861,4.110269611430564
2026,4,2026_04_ATL_NO,00-0037746,Brian Robinson,RB,ATL,NO,rushing_yards,34.90767236826462,34.256085139134846,38.6,0.85,26.803,3,NOT_LISTED,True,,,,-3.0,48.5,22.75,6.833333333333333,0.22059651129006544,-0.09951195264537152,3.974742091838866
2026,4,2026_04_DEN_SF,00-0037834,Brock Purdy,QB,SF,DEN,rushing_yards,22.527419560517394,21.4204936006087,28.799999999999997,0.85,26.803,3,NOT_LISTED,True,,,,3.0,46.5,24.75,3.3333333333333335,0.12873128057518782,0.04680306488940446,4.571420058297919
2026,4,2026_04_LA_PHI,00-0037840,Kyren Williams,RB,LA,PHI,rushing_yards,59.856629929597325,57.7372116818792,71.86666666666667,0.85,26.803,3,NOT_LISTED,True,,,,,,,14.333333333333334,0.5144826750632719,0.012347858356520861,4.110269611430564
2026,4,2026_04_NYJ_CHI,00-0038120,Breece Hall,RB,NYJ,CHI,rushing_yards,62.542720053504894,63.69731771000576,56.0,0.85,26.803,3,NOT_LISTED,True,,,,,,,15.5,0.5859842805018244,-0.031200573550013756,4.679871632996633
2026,4,2026_04_MIA_MIN,00-0038128,Malik Willis,QB,MIA,MIN,rushing_yards,27.00129265834037,25.75446195098867,34.06666666666666,0.85,26.803,3,NOT_LISTED,True,,,,-10.5,38.5,14.0,6.333333333333333,0.24948749513625515,-0.19869822522388791,3.722624286934874
2026,4,2026_04_KC_LV,00-0038134,Kenneth Walker III,RB,KC,LV,rushing_yards,93.99646403705398,90.7252518082988,112.53333333333333,0.85,26.803,3,NOT_LISTED,True,,,,4.5,47.5,26.0,17.833333333333332,0.5699620736190609,-0.11325964815656826,4.250862478738098
2026,4,2026_04_LAC_SEA,00-0038454,Keaton Mitchell,RB,LAC,SEA,rushing_yards,23.009290828886122,22.528577445748383,25.733333333333334,0.85,26.803,3,NOT_LISTED,True,,,,-7.0,43.5,18.25,6.166666666666667,0.19150885729109,-0.2128049173468517,3.608886248357904
2026,4,2026_04_NE_BUF,00-0038476,Tommy DeVito,QB,NE,BUF,rushing_yards,9.458964913669792,9.045841074905637,11.8,0.85,26.803,1,NOT_LISTED,True,,,,-7.0,48.5,20.75,2.3333333333333335,0.12115384615384615,0.061942847284586044,4.533983224966883
2026,4,2026_04_ATL_NO,00-0038542,Bijan Robinson,RB,ATL,NO,rushing_yards,93.76322918836115,90.30968139807194,113.33333333333333,0.85,26.803,3,NOT_LISTED,True,,,,-3.0,48.5,22.75,19.833333333333332,0.5973059211847568,-0.09951195264537152,3.974742091838866
2026,4,2026_04_ATL_NO,00-0038551,Kendre Miller,RB,NO,ATL,rushing_yards,25.83108917730602,26.49539903212473,22.066666666666666,0.85,26.803,2,NOT_LISTED,True,,,,3.0,48.5,25.75,7.166666666666667,0.26106158405391144,-0.12091033470297784,4.043277223983745
2026,4,2026_04_LA_PHI,00-0038555,Tank Bigsby,RB,PHI,LA,rushing_yards,35.12882034908108,34.91625923421304,36.333333333333336,0.85,26.803,2,NOT_LISTED,True,,,,,,,8.833333333333334,0.3074379210940126,0.027059017553623117,4.66025974025974
2026,4,2026_04_JAX_CIN,00-0038597,Chase Brown,RB,CIN,JAX,rushing_yards,65.78958350988046,65.31715707044759,68.46666666666667,0.85,26.803,3,NOT_LISTED,True,,,,2.5,51.5,27.0,16.0,0.6324149870526682,-0.0702262469793013,3.934610933764378
2026,4,2026_04_JAX_CIN,00-0038611,Chris Rodriguez Jr.,RB,JAX,CIN,rushing_yards,31.901544445690327,31.978287583165088,31.466666666666665,0.85,26.803,3,NOT_LISTED,True,,,,-2.5,51.5,24.5,10.166666666666666,0.35101937578740333,-0.0731465662067165,5.090407114437287
2026,4,2026_04_GB_TB,00-0038685,Chris Brooks,RB,GB,TB,rushing_yards,17.913077898979086,18.42715046938716,15.0,0.85,26.803,3,NOT_LISTED,True,,,,3.5,39.5,21.5,4.166666666666667,0.15828523328523328,-0.12605817386711585,3.7625267785254195
2026,4,2026_04_DAL_HOU,00-0038705,Emari Demercado,RB,DAL,HOU,rushing_yards,13.826570293754665,13.701847404417254,14.533333333333333,0.85,26.803,2,NOT_LISTED,True,,,,-2.5,47.5,22.5,3.0,0.17282122064730762,-0.06786185335888728,3.7354436842696748
2026,4,2026_04_DAL_HOU,00-0038738,Hunter Luepke,RB,DAL,HOU,rushing_yards,8.230827194986757,8.200973170572656,8.4,0.85,26.803,2,NOT_LISTED,True,,,,-2.5,47.5,22.5,2.5,0.07930978594396886,-0.06786185335888728,3.7354436842696748
2026,4,2026_04_PIT_CLE,00-0038794,Jaleel McLaughlin,RB,CLE,PIT,rushing_yards,18.04186219206041,16.5316025788946,26.6,0.85,26.803,1,NOT_LISTED,True,,,,-2.5,38.5,18.0,4.166666666666667,0.15724044702032283,-0.0928940689216331,4.018224473032941
2026,4,2026_04_LAC_SEA,00-0038797,Emanuel Wilson,RB,SEA,LAC,rushing_yards,38.949001651080884,39.02235488362457,38.53333333333333,0.85,26.803,3,NOT_LISTED,True,,,,7.0,43.5,25.25,11.166666666666666,0.35414120193531956,-0.17141852964309717,3.696624259027981
2026,4,2026_04_TEN_BAL,00-0039032,Tyjae Spears,RB,TEN,BAL,rushing_yards,21.748468785278547,22.009963276798292,20.266666666666666,0.85,26.803,3,NOT_LISTED,True,,,,-11.5,43.5,16.0,5.833333333333333,0.21595043643591735,-0.09445225643498892,3.7671905877126797
2026,4,2026_04_MIA_MIN,00-0039040,De'Von Achane,RB,MIA,MIN,rushing_yards,44.04604031511295,43.20710625307405,48.800000000000004,0.85,26.803,3,NOT_LISTED,True,,,,-10.5,38.5,14.0,13.166666666666666,0.5472091271312628,-0.19869822522388791,3.722624286934874
2026,4,2026_04_DET_CAR,00-0039139,Jahmyr Gibbs,RB,DET,CAR,rushing_yards,79.14899372539342,77.22234555928638,90.06666666666666,0.85,26.803,3,NOT_LISTED,True,,,,3.5,50.5,27.0,18.0,0.6998597081930416,0.05330335833784104,5.028525866494617
2026,4,2026_04_DET_CAR,00-0039150,Bryce Young,QB,CAR,DET,rushing_yards,11.6544764979394,12.417031174046354,7.333333333333334,0.85,26.803,3,NOT_LISTED,True,,,,-3.5,50.5,23.5,3.0,0.13756243756243755,0.07720876740357355,4.922304065959919
2026,4,2026_04_DAL_HOU,00-0039163,C.J. Stroud,QB,HOU,DAL,rushing_yards,15.109457365196883,15.175832194349274,14.733333333333333,0.85,26.803,3,NOT_LISTED,True,,,,2.5,47.5,25.0,2.8333333333333335,0.10973299576240753,0.05840065485169369,5.145805887376611
2026,4,2026_04_LAC_SEA,00-0039299,George Holani,RB,SEA,LAC,rushing_yards,21.70619604454388,22.54846593475751,16.93333333333333,0.85,26.803,3,NOT_LISTED,True,,,,7.0,43.5,25.25,4.5,0.1607699667482276,-0.17141852964309717,3.696624259027981
2026,4,2026_04_DET_CAR,00-0039344,Jonathon Brooks,RB,CAR,DET,rushing_yards,16.638450344906648,17.887588641066646,9.559999999999999,0.85,26.803,2,NOT_LISTED,True,,,,-3.5,50.5,23.5,3.6,0.16389101094983446,0.07720876740357355,4.922304065959919
2026,4,2026_04_GB_TB,00-0039361,Bucky Irving,RB,TB,GB,rushing_yards,61.89593226952518,62.289332081794335,59.66666666666667,0.85,26.803,3,NOT_LISTED,True,,,,-3.5,39.5,18.0,15.666666666666666,0.5919318181818182,-0.015552808560386894,4.336935688683218
2026,4,2026_04_ARI_NYG,00-0039384,Tyrone Tracy Jr.,RB,NYG,ARI,rushing_yards,20.965519198553917,21.088846115945785,20.266666666666666,0.85,26.803,3,NOT_LISTED,True,,,,-1.5,44.5,21.5,8.5,0.27196722015270397,-0.0160990411132605,4.674210267670997
2026,4,2026_04_LAC_SEA,00-0039391,Kimani Vidal,RB,LAC,SEA,rushing_yards,10.378564907176004,10.327723420207064,10.666666666666668,0.85,26.803,2,NOT_LISTED,True,,,,-7.0,43.5,18.25,5.833333333333333,0.18538345602773917,-0.2128049173468517,3.608886248357904
2026,4,2026_04_DAL_HOU,00-0039603,British Brooks,RB,HOU,DAL,rushing_yards,11.974890983771566,11.123401157378314,16.8,0.85,26.803,1,NOT_LISTED,True,,,,2.5,47.5,25.0,2.1666666666666665,0.06770833333333333,0.05840065485169369,5.145805887376611
2026,4,2026_04_DEN_SF,00-0039732,Bo Nix,QB,DEN,SF,rushing_yards,15.003826251459518,15.74567794289355,10.8,0.85,26.803,3,NOT_LISTED,True,,,,-3.0,46.5,21.75,5.5,0.2188633437245866,0.013098820129812387,4.366947486761168
2026,4,2026_04_LA_PHI,00-0039738,Blake Corum,RB,LA,PHI,rushing_yards,43.89558638043007,43.206572212270665,47.8,0.85,26.803,3,NOT_LISTED,True,,,,,,,10.166666666666666,0.3520996296132921,0.012347858356520861,4.110269611430564
2026,4,2026_04_LA_PHI,00-0039746,Will Shipley,RB,PHI,LA,rushing_yards,11.847384833868652,12.502805686904296,8.133333333333333,0.85,26.803,2,NOT_LISTED,True,,,,,,,2.0,0.0713841093117409,0.027059017553623117,4.66025974025974
2026,4,2026_04_NYJ_CHI,00-0039794,Braelon Allen,RB,NYJ,CHI,rushing_yards,24.504371075148327,25.169848323703917,20.733333333333334,0.85,26.803,3,NOT_LISTED,True,,,,,,,5.166666666666667,0.19184776011625745,-0.031200573550013756,4.679871632996633
2026,4,2026_04_NYJ_CHI,00-0039798,Isaiah Davis,RB,NYJ,CHI,rushing_yards,8.681238138132546,8.660280162508876,8.8,0.85,26.803,2,NOT_LISTED,True,,,,,,,2.8333333333333335,0.10933998599439776,-0.031200573550013756,4.679871632996633
2026,4,2026_04_GB_TB,00-0039811,MarShawn Lloyd,RB,GB,TB,rushing_yards,32.60138134220873,34.48986040259851,21.9,0.85,26.803,3,NOT_LISTED,True,,,,3.5,39.5,21.5,7.25,0.377508235998802,-0.12605817386711585,3.7625267785254195
2026,4,2026_04_NE_BUF,00-0039851,Drake Maye,QB,NE,BUF,rushing_yards,23.78369317572129,23.086697853789754,27.733333333333334,0.85,26.803,3,NOT_LISTED,True,,,,-7.0,48.5,20.75,5.5,0.1979474189790995,0.061942847284586044,4.533983224966883
2026,4,2026_04_MIA_MIN,00-0039874,Jaylen Wright,RB,MIA,MIN,rushing_yards,13.164361995164546,12.840425876664172,15.0,0.85,26.803,2,NOT_LISTED,True,,,,-10.5,38.5,14.0,5.166666666666667,0.19918605181536217,-0.19869822522388791,3.722624286934874
2026,4,2026_04_NE_BUF,00-0039875,Ray Davis,RB,BUF,NE,rushing_yards,21.537914265292542,17.879899135638283,42.266666666666666,0.85,26.803,2,NOT_LISTED,True,,,,7.0,48.5,27.75,4.333333333333333,0.11162374113456712,-0.0231167870360739,4.392861500687587
2026,4,2026_04_IND_WAS,00-0039910,Jayden Daniels,QB,WAS,IND,rushing_yards,36.12603208520004,35.418861276705925,40.13333333333333,0.85,26.803,2,NOT_LISTED,True,,,,-3.5,47.5,22.0,7.333333333333333,0.2391642920219358,-0.021820501706998445,4.070372815475881
2026,4,2026_04_NYJ_CHI,00-0039918,Caleb Williams,QB,CHI,NYJ,rushing_yards,31.569599936975482,31.34070580820645,32.86666666666667,0.85,26.803,2,NOT_LISTED,True,,,,,,,4.5,0.15113709468548178,-0.08676436743211768,4.390701264529257
2026,4,2026_04_KC_LV,00-0040078,Brashard Smith,RB,KC,LV,rushing_yards,11.229633773641995,10.564275027814112,15.000000000000002,0.85,26.803,2,NOT_LISTED,True,,,,4.5,47.5,26.0,2.3333333333333335,0.1028295376121463,-0.11325964815656826,4.250862478738098
2026,4,2026_04_KC_LV,00-0040122,Ashton Jeanty,RB,LV,KC,rushing_yards,67.27741089259706,66.22048340305537,73.26666666666668,0.85,26.803,3,NOT_LISTED,True,,,,-4.5,47.5,21.5,21.5,0.7584753575414496,-0.10785419953696243,3.6622708680941787
2026,4,2026_04_GB_TB,00-0040142,Kaleb Johnson,RB,GB,TB,rushing_yards,17.424396302892273,18.581642709285028,10.866666666666667,0.85,26.803,3,NOT_LISTED,True,,,,3.5,39.5,21.5,3.0,0.19669117647058823,-0.12605817386711585,3.7625267785254195
2026,4,2026_04_PIT_CLE,00-0040162,Dylan Sampson,RB,CLE,PIT,rushing_yards,17.316763147889624,17.00795664457603,19.06666666666667,0.85,26.803,1,NOT_LISTED,True,,,,-2.5,38.5,18.0,5.666666666666667,0.22415969733174035,-0.0928940689216331,4.018224473032941
2026,4,2026_04_MIA_MIN,00-0040198,Ollie Gordon II,RB,MIA,MIN,rushing_yards,22.664464768265052,23.99348796266477,15.133333333333335,0.85,26.803,2,NOT_LISTED,True,,,,-10.5,38.5,14.0,5.333333333333333,0.1954249430584247,-0.19869822522388791,3.722624286934874
2026,4,2026_04_NYJ_CHI,00-0040236,Kyle Monangai,RB,CHI,NYJ,rushing_yards,47.567656777383334,46.96194914986275,51.0,0.85,26.803,2,NOT_LISTED,True,,,,,,,9.0,0.3259079630047372,-0.08676436743211768,4.390701264529257
2026,4,2026_04_IND_WAS,00-0040242,Jacory Croskey-Merritt,RB,WAS,IND,rushing_yards,52.08520246067969,52.72376760079963,48.46666666666667,0.85,26.803,3,NOT_LISTED,True,,,,-3.5,47.5,22.0,13.166666666666666,0.46350257973733583,-0.021820501706998445,4.070372815475881
2026,4,2026_04_PIT_CLE,00-0040466,Raheim Sanders,RB,CLE,PIT,rushing_yards,13.379184117979882,13.657863668211627,11.8,0.85,26.803,3,NOT_LISTED,True,,,,-2.5,38.5,18.0,4.666666666666667,0.17481940725629366,-0.0928940689216331,4.018224473032941
2026,4,2026_04_NE_BUF,00-0040556,Corey Kiner,RB,NE,BUF,rushing_yards,15.74626580739631,16.607371538113306,10.866666666666667,0.85,26.803,3,NOT_LISTED,True,,,,-7.0,48.5,20.75,4.0,0.17225647190584079,0.061942847284586044,4.533983224966883
2026,4,2026_04_DAL_HOU,00-0040583,Woody Marks,RB,HOU,DAL,rushing_yards,32.26328473212966,33.145040861329015,27.266666666666666,0.85,26.803,3,NOT_LISTED,True,,,,2.5,47.5,25.0,9.666666666666666,0.3412057373454432,0.05840065485169369,5.145805887376611
2026,4,2026_04_LAC_SEA,00-0040666,Omarion Hampton,RB,LAC,SEA,rushing_yards,54.07887148440009,52.481025275764814,63.133333333333326,0.85,26.803,3,NOT_LISTED,True,,,,-7.0,43.5,18.25,15.833333333333334,0.5773910596108872,-0.2128049173468517,3.608886248357904
2026,4,2026_04_PIT_CLE,00-0040668,Shedeur Sanders,QB,CLE,PIT,rushing_yards,11.843216969295234,10.568490552112038,19.066666666666666,0.85,26.803,1,NOT_LISTED,True,,,,-2.5,38.5,18.0,2.6666666666666665,0.11483870967741937,-0.0928940689216331,4.018224473032941
2026,4,2026_04_TEN_BAL,00-0040676,Cam Ward,QB,TEN,BAL,rushing_yards,12.619840409611392,13.08216518777811,10.0,0.85,26.803,3,NOT_LISTED,True,,,,-11.5,43.5,16.0,2.8333333333333335,0.12465934952323339,-0.09445225643498892,3.7671905877126797
2026,4,2026_04_ARI_NYG,00-0040691,Jaxson Dart,QB,NYG,ARI,rushing_yards,26.904722223206445,26.217320262595816,30.8,0.85,26.803,2,NOT_LISTED,True,,,,-1.5,44.5,21.5,6.0,0.18681356203255536,-0.0160990411132605,4.674210267670997
2026,4,2026_04_ARI_NYG,00-0040715,Cam Skattebo,RB,NYG,ARI,rushing_yards,58.25226007767477,58.202658914911495,58.53333333333333,0.85,26.803,3,NOT_LISTED,True,,,,-1.5,44.5,21.5,14.666666666666666,0.4656687156687156,-0.0160990411132605,4.674210267670997
2026,4,2026_04_JAX_CIN,00-0040719,Bhayshul Tuten,RB,JAX,CIN,rushing_yards,52.82035330239725,52.129827414584994,56.733333333333334,0.85,26.803,3,NOT_LISTED,True,,,,-2.5,51.5,24.5,8.5,0.3030478395061728,-0.0731465662067165,5.090407114437287
2026,4,2026_04_DEN_SF,00-0040730,RJ Harvey,RB,DEN,SF,rushing_yards,24.065607088016243,24.006596574136758,24.4,0.85,26.803,2,NOT_LISTED,True,,,,-3.0,46.5,21.75,10.0,0.3710064832384567,0.013098820129812387,4.366947486761168
2026,4,2026_04_NE_BUF,00-0040734,TreVeyon Henderson,RB,NE,BUF,rushing_yards,50.98343880598095,50.0863985952717,56.06666666666667,0.85,26.803,2,NOT_LISTED,True,,,,-7.0,48.5,20.75,12.5,0.42777381707049217,0.061942847284586044,4.533983224966883
2026,4,2026_04_ATL_NO,00-0040743,Tyler Shough,QB,NO,ATL,rushing_yards,19.2706339367877,18.953686984456116,21.066666666666666,0.85,26.803,3,NOT_LISTED,True,,,,3.0,48.5,25.75,3.8333333333333335,0.14972421298508257,-0.12091033470297784,4.043277223983745
2026,4,2026_04_PIT_CLE,00-0040784,Quinshon Judkins,RB,CLE,PIT,rushing_yards,45.63303448879413,47.038864104463684,37.66666666666667,0.85,26.803,3,NOT_LISTED,True,,,,-2.5,38.5,18.0,12.666666666666666,0.5625430320030601,-0.0928940689216331,4.018224473032941
2026,4,2026_04_KC_LV,00-0040878,Mike Washington Jr.,RB,LV,KC,rushing_yards,25.917353850637213,24.491004530161426,34.0,0.85,26.803,3,NOT_LISTED,True,,,,-4.5,47.5,21.5,5.0,0.15927421674548112,-0.10785419953696243,3.6622708680941787
2026,4,2026_04_KC_LV,00-0041013,Emmett Johnson,RB,KC,LV,rushing_yards,23.978955132489617,24.91641780292896,18.666666666666668,0.85,26.803,3,NOT_LISTED,True,,,,4.5,47.5,26.0,5.333333333333333,0.17316394434361768,-0.11325964815656826,4.250862478738098
2026,4,2026_04_ARI_NYG,00-0041027,Jeremiyah Love,RB,ARI,NYG,rushing_yards,56.636203581494506,57.219063037052365,53.333333333333336,0.85,26.803,3,NOT_LISTED,True,,,,1.5,44.5,23.0,13.666666666666666,0.5435729847494554,-0.06443966821756625,4.141044747273891
2026,4,2026_04_DEN_SF,00-0041052,Kaelon Black,RB,SF,DEN,rushing_yards,34.00964337385707,33.717227498655376,35.666666666666664,0.85,26.803,3,NOT_LISTED,True,,,,3.0,46.5,24.75,8.333333333333334,0.2999463231347289,0.04680306488940446,4.571420058297919
2026,4,2026_04_IND_WAS,00-0041096,Kaytron Allen,RB,WAS,IND,rushing_yards,20.165283949854988,20.19445170571175,20.0,0.85,26.803,2,NOT_LISTED,True,,,,-3.5,47.5,22.0,4.5,0.140625,-0.021820501706998445,4.070372815475881
2026,4,2026_04_IND_WAS,00-0041125,Seth McGowan,RB,IND,WAS,rushing_yards,9.17620392665944,9.97200461959934,4.666666666666667,0.85,26.803,3,NOT_LISTED,True,,,,3.5,47.5,25.5,2.0,0.06384408602150538,0.012721255729692127,4.49008829795461
2026,4,2026_04_DEN_SF,00-0041496,Jonah Coleman,RB,DEN,SF,rushing_yards,21.091693107726158,21.372580126736658,19.5,0.85,26.803,2,NOT_LISTED,True,,,,-3.0,46.5,21.75,5.0,0.17857142857142858,0.013098820129812387,4.366947486761168
2026,4,2026_04_LAC_SEA,00-0041512,Jadarian Price,RB,SEA,LAC,rushing_yards,38.18357911783454,37.92185778568769,39.666666666666664,0.85,26.803,3,NOT_LISTED,True,,,,7.0,43.5,25.25,9.333333333333334,0.3524410774410775,-0.17141852964309717,3.696624259027981
2026,4,2026_04_DEN_SF,00-0029892,Kyle Juszczyk,FB,SF,DEN,receptions,1.3393306003747298,1.3393306003747298,1.1333333333333333,1.0,1.921,2,NOT_LISTED,True,,,,3.0,46.5,24.75,1.8333333333333333,0.07158535238245382,-0.13285798017646472,5.486852398576912
2026,4,2026_04_IND_WAS,00-0030279,Keenan Allen,WR,IND,WAS,receptions,4.107782066143144,4.107782066143144,4.333333333333333,1.0,1.921,3,NOT_LISTED,True,,,,3.5,47.5,25.5,6.833333333333333,0.20802616013522868,0.16400236417261138,6.91052262618625
2026,4,2026_04_KC_LV,00-0030506,Travis Kelce,TE,KC,LV,receptions,4.35143516928724,4.35143516928724,4.333333333333334,1.0,1.921,3,NOT_LISTED,True,,,,4.5,47.5,26.0,5.666666666666667,0.20409810950761406,0.041559814667308986,6.342968945033892
2026,4,2026_04_ARI_NYG,00-0031235,Odell Beckham Jr.,WR,NYG,ARI,receptions,1.1344694549088423,1.1344694549088423,0.8,1.0,1.921,1,NOT_LISTED,True,,,,-1.5,44.5,21.5,2.1666666666666665,0.062338969404186796,0.4183825236167109,8.078343249365084
2026,4,2026_04_LA_PHI,00-0031381,Davante Adams,WR,LA,PHI,receptions,4.6750986695150445,4.6750986695150445,5.6,1.0,1.921,3,NOT_LISTED,True,,,,,,,8.166666666666666,0.23940622592494207,-0.18142734002187402,5.187511362654284
2026,4,2026_04_DEN_SF,00-0031408,Mike Evans,WR,SF,DEN,receptions,3.5295146285881724,3.5295146285881724,3.8666666666666667,1.0,1.921,3,NOT_LISTED,True,,,,3.0,46.5,24.75,5.666666666666667,0.19825145442792502,-0.13285798017646472,5.486852398576912
2026,4,2026_04_IND_WAS,00-0031588,Stefon Diggs,WR,WAS,IND,receptions,4.6710835448161525,4.6710835448161525,4.666666666666666,1.0,1.921,3,NOT_LISTED,True,,,,-3.5,47.5,22.0,6.833333333333333,0.2247073312083454,0.21503762182351374,7.779132808247871
2026,4,2026_04_DET_CAR,00-0031610,Darren Waller,TE,CAR,DET,receptions,3.2424760152549776,3.2424760152549776,3.4000000000000004,1.0,1.921,3,NOT_LISTED,True,,,,-3.5,50.5,23.5,4.833333333333333,0.15991990950789126,0.046762111453013525,6.618602662226315
2026,4,2026_04_NYJ_CHI,00-0032385,Sterling Shepard,WR,NYJ,CHI,receptions,1.4857663762764015,1.4857663762764015,1.4666666666666668,1.0,1.921,1,NOT_LISTED,True,,,,,,,3.0,0.09665231733248736,0.13520879635727642,7.414350257940411
2026,4,2026_04_ATL_NO,00-0032392,Austin Hooper,TE,ATL,NO,receptions,1.9009991035768992,1.9009991035768992,1.8,1.0,1.921,2,NOT_LISTED,True,,,,-3.0,48.5,22.75,2.8333333333333335,0.09373983270897716,-0.04629397600082815,5.5767448424048975
2026,4,2026_04_TEN_BAL,00-0032398,Chris Moore,WR,BAL,TEN,receptions,1.390407201469411,1.390407201469411,1.0,1.0,1.921,3,NOT_LISTED,True,,,,11.5,43.5,27.5,2.0,0.07613574165298302,0.21290571501572417,7.715394682755548
2026,4,2026_04_NYJ_CHI,00-0032464,Kalif Raymond,WR,CHI,NYJ,receptions,3.8357848668541816,3.8357848668541816,4.666666666666666,1.0,1.921,2,NOT_LISTED,True,,,,,,,4.166666666666667,0.13126483317045928,0.3610990180509618,7.373447293520088
2026,4,2026_04_DEN_SF,00-0032775,Demarcus Robinson,WR,SF,DEN,receptions,2.2133359768936276,2.2133359768936276,2.533333333333333,1.0,1.921,2,NOT_LISTED,True,,,,3.0,46.5,24.75,2.6666666666666665,0.09531354629393844,-0.13285798017646472,5.486852398576912
2026,4,2026_04_NE_BUF,00-0033090,Hunter Henry,TE,NE,BUF,receptions,2.7181134752266614,2.7181134752266614,2.8000000000000003,1.0,1.921,3,NOT_LISTED,True,,,,-7.0,48.5,20.75,4.166666666666667,0.15636712749615975,-0.0641388451855085,5.709809483536949
2026,4,2026_04_LA_PHI,00-0033110,Tyler Higbee,TE,LA,PHI,receptions,3.1370006364114458,3.1370006364114458,4.466666666666667,1.0,1.921,2,NOT_LISTED,True,,,,,,,4.666666666666667,0.12534460973514014,-0.18142734002187402,5.187511362654284
2026,4,2026_04_IND_WAS,00-0033217,Mo Alie-Cox,TE,IND,WAS,receptions,1.5129274479696626,1.5129274479696626,2.066666666666667,1.0,1.921,1,NOT_LISTED,True,,,,3.5,47.5,25.5,2.1666666666666665,0.06610016687880982,0.16400236417261138,6.91052262618625
2026,4,2026_04_LA_PHI,00-0033246,Johnny Mundt,TE,PHI,LA,receptions,1.6030045558594084,1.6030045558594084,1.0666666666666667,1.0,1.921,1,NOT_LISTED,True,,,,,,,2.0,0.07291786840503943,0.0046368558908046476,6.1933821568941125
2026,4,2026_04_DEN_SF,00-0033280,Christian McCaffrey,RB,SF,DEN,receptions,4.619694070742886,4.619694070742886,4.533333333333333,1.0,1.921,3,NOT_LISTED,True,,,,3.0,46.5,24.75,6.333333333333333,0.21692994732210416,-0.13285798017646472,5.486852398576912
2026,4,2026_04_DEN_SF,00-0033288,George Kittle,TE,SF,DEN,receptions,4.647120047170843,4.647120047170843,4.533333333333333,1.0,1.921,3,NOT_LISTED,True,,,,3.0,46.5,24.75,6.666666666666667,0.23831297605807408,-0.13285798017646472,5.486852398576912
2026,4,2026_04_MIA_MIN,00-0033293,Aaron Jones,RB,MIN,MIA,receptions,2.2350521065036233,2.2350521065036233,1.8666666666666667,1.0,1.921,3,NOT_LISTED,True,,,,10.5,38.5,24.5,2.8333333333333335,0.13743788819875777,0.2970156808353054,8.294035817905499
2026,4,2026_04_ARI_NYG,00-0033307,Kendrick Bourne,WR,ARI,NYG,receptions,2.9079318944221137,2.9079318944221137,3.466666666666667,1.0,1.921,3,NOT_LISTED,True,,,,1.5,44.5,23.0,3.5,0.10174267507600843,0.043533341972193766,7.033330172346716
2026,4,2026_04_JAX_CIN,00-0033526,Samaje Perine,RB,CIN,JAX,receptions,1.8898160783881968,1.8898160783881968,1.7333333333333334,1.0,1.921,3,NOT_LISTED,True,,,,2.5,51.5,27.0,2.5,0.07231913691016857,-0.20520928997199728,6.24414557087707
2026,4,2026_04_NE_BUF,00-0033555,Mack Hollins,WR,NE,BUF,receptions,3.584445591048513,3.584445591048513,4.133333333333333,1.0,1.921,3,NOT_LISTED,True,,,,-7.0,48.5,20.75,6.166666666666667,0.21129730484569195,-0.0641388451855085,5.709809483536949
2026,4,2026_04_GB_TB,00-0033858,Jonnu Smith,TE,GB,TB,receptions,1.8622444014348178,1.8622444014348178,1.8,1.0,1.921,2,NOT_LISTED,True,,,,3.5,39.5,21.5,2.6666666666666665,0.06913384559153393,0.10369834161496254,6.834640966894004
2026,4,2026_04_DEN_SF,00-0033881,Evan Engram,TE,DEN,SF,receptions,2.2706925710747505,2.2706925710747505,1.9333333333333336,1.0,1.921,3,NOT_LISTED,True,,,,-3.0,46.5,21.75,3.3333333333333335,0.10886029102727206,0.08104121145253797,6.462440824282929
2026,4,2026_04_LAC_SEA,00-0033885,David Njoku,TE,LAC,SEA,receptions,2.2181884473079605,2.2181884473079605,2.2,1.0,1.921,2,NOT_LISTED,True,,,,-7.0,43.5,18.25,2.5,0.09272368529710252,-0.19963303984856215,4.850609177049269
2026,4,2026_04_ATL_NO,00-0033906,Alvin Kamara,RB,NO,ATL,receptions,2.1317987125543825,2.1317987125543825,2.533333333333333,1.0,1.921,2,NOT_LISTED,True,,,,3.0,48.5,25.75,2.8333333333333335,0.08989937388193203,0.04409527183471819,6.5884093431633834
2026,4,2026_04_LAC_SEA,00-0033908,Cooper Kupp,WR,SEA,LAC,receptions,2.4529070516037175,2.4529070516037175,2.533333333333333,1.0,1.921,3,NOT_LISTED,True,,,,7.0,43.5,25.25,3.3333333333333335,0.11213927947798914,-0.008965228139102822,6.915104348263071
2026,4,2026_04_GB_TB,00-0033921,Chris Godwin Jr.,WR,TB,GB,receptions,2.959728822018695,2.959728822018695,3.533333333333333,1.0,1.921,3,NOT_LISTED,True,,,,-3.5,39.5,18.0,4.333333333333333,0.13676928010261344,0.20452516411601107,6.882638075432193
2026,4,2026_04_LAC_SEA,00-0034272,Marquez Valdes-Scantling,WR,LAC,SEA,receptions,1.6189658952446504,1.6189658952446504,2.2666666666666666,1.0,1.921,1,NOT_LISTED,True,,,,-7.0,43.5,18.25,3.6666666666666665,0.09648743639971709,-0.19963303984856215,4.850609177049269
2026,4,2026_04_DEN_SF,00-0034348,Courtland Sutton,WR,DEN,SF,receptions,3.263726860413272,3.263726860413272,2.8666666666666663,1.0,1.921,3,NOT_LISTED,True,,,,-3.0,46.5,21.75,6.666666666666667,0.19450317141793982,0.08104121145253797,6.462440824282929
2026,4,2026_04_LA_PHI,00-0034351,Dallas Goedert,TE,PHI,LA,receptions,3.4182703039709006,3.4182703039709006,3.2666666666666666,1.0,1.921,2,NOT_LISTED,True,,,,,,,5.5,0.21905309814992746,0.0046368558908046476,6.1933821568941125
2026,4,2026_04_KC_LV,00-0034365,Ian Thomas,TE,LV,KC,receptions,1.376269462160972,1.376269462160972,1.4666666666666668,1.0,1.921,1,NOT_LISTED,True,,,,-4.5,47.5,21.5,1.6666666666666667,0.04976013097610194,-0.0785363433343548,5.615357225311249
2026,4,2026_04_DAL_HOU,00-0034383,Dalton Schultz,TE,HOU,DAL,receptions,4.774115291397866,4.774115291397866,5.866666666666667,1.0,1.921,3,NOT_LISTED,True,,,,2.5,47.5,25.0,6.333333333333333,0.1766630560748208,0.4566265974358147,8.294990306332075
2026,4,2026_04_JAX_CIN,00-0034613,Tanner Hudson,TE,CIN,JAX,receptions,1.5955179392649295,1.5955179392649295,1.6666666666666667,1.0,1.921,2,NOT_LISTED,True,,,,2.5,51.5,27.0,2.0,0.057166101758132117,-0.20520928997199728,6.24414557087707
2026,4,2026_04_TEN_BAL,00-0034753,Mark Andrews,TE,BAL,TEN,receptions,3.766074306082569,3.766074306082569,4.0,1.0,1.921,3,NOT_LISTED,True,,,,11.5,43.5,27.5,4.666666666666667,0.21130831643002027,0.21290571501572417,7.715394682755548
2026,4,2026_04_NE_BUF,00-0034827,DJ Moore,WR,BUF,NE,receptions,3.593746461758063,3.593746461758063,3.4,1.0,1.921,3,NOT_LISTED,True,,,,7.0,48.5,27.75,5.333333333333333,0.1862868931834449,-0.036498719212946125,5.855741600353669
2026,4,2026_04_JAX_CIN,00-0034829,Mike Gesicki,TE,CIN,JAX,receptions,2.9133386528099665,2.9133386528099665,3.0666666666666664,1.0,1.921,2,NOT_LISTED,True,,,,2.5,51.5,27.0,3.3333333333333335,0.09746481453262638,-0.20520928997199728,6.24414557087707
2026,4,2026_04_TEN_BAL,00-0034837,Calvin Ridley,WR,TEN,BAL,receptions,1.667317060754916,1.667317060754916,1.3333333333333335,1.0,1.921,2,NOT_LISTED,True,,,,-11.5,43.5,16.0,3.0,0.10068551379293068,0.14538458240198826,7.145316852678761
2026,4,2026_04_LA_PHI,00-0034844,Saquon Barkley,RB,PHI,LA,receptions,1.3866396333456232,1.3866396333456232,0.6666666666666666,1.0,1.921,2,NOT_LISTED,True,,,,,,,1.8333333333333333,0.072999397196045,0.0046368558908046476,6.1933821568941125
2026,4,2026_04_JAX_CIN,00-0034960,Jakobi Meyers,WR,JAX,CIN,receptions,3.4268743662026973,3.4268743662026973,3.666666666666667,1.0,1.921,3,NOT_LISTED,True,,,,-2.5,51.5,24.5,5.666666666666667,0.18210195602668722,0.03005865103866144,7.002237840782786
2026,4,2026_04_DAL_HOU,00-0034981,Foster Moreau,TE,HOU,DAL,receptions,1.780545993047438,1.780545993047438,1.8666666666666667,1.0,1.921,3,NOT_LISTED,True,,,,2.5,47.5,25.0,2.0,0.06402569653508328,0.4566265974358147,8.294990306332075
2026,4,2026_04_ATL_NO,00-0035208,Olamide Zaccheaus,WR,ATL,NO,receptions,1.5543824720006312,1.5543824720006312,1.3333333333333333,1.0,1.921,3,NOT_LISTED,True,,,,-3.0,48.5,22.75,2.8333333333333335,0.10450500926538375,-0.04629397600082815,5.5767448424048975
2026,4,2026_04_MIA_MIN,00-0035229,T.J. Hockenson,TE,MIN,MIA,receptions,3.083121904905374,3.083121904905374,2.8666666666666663,1.0,1.921,3,NOT_LISTED,True,,,,10.5,38.5,24.5,3.6666666666666665,0.16169399949148233,0.2970156808353054,8.294035817905499
2026,4,2026_04_MIA_MIN,00-0035249,Josh Oliver,TE,MIN,MIA,receptions,1.5906267278169548,1.5906267278169548,1.1333333333333333,1.0,1.921,3,NOT_LISTED,True,,,,10.5,38.5,24.5,2.0,0.09441720242635572,0.2970156808353054,8.294035817905499
2026,4,2026_04_ARI_NYG,00-0035250,Devin Singletary,RB,NYG,ARI,receptions,1.5881999845654373,1.5881999845654373,1.4666666666666668,1.0,1.921,2,NOT_LISTED,True,,,,-1.5,44.5,21.5,1.8333333333333333,0.06863548727772865,0.4183825236167109,8.078343249365084
2026,4,2026_04_TEN_BAL,00-0035261,Tony Pollard,RB,TEN,BAL,receptions,1.9014145406479859,1.9014145406479859,1.9333333333333333,1.0,1.921,3,NOT_LISTED,True,,,,-11.5,43.5,16.0,2.0,0.06543162719633307,0.14538458240198826,7.145316852678761
2026,4,2026_04_DEN_SF,00-0035406,Lil'Jordan Humphrey,WR,DEN,SF,receptions,1.3251980565790744,1.3251980565790744,1.2000000000000002,1.0,1.921,1,NOT_LISTED,True,,,,-3.0,46.5,21.75,2.6666666666666665,0.07411421698536862,0.08104121145253797,6.462440824282929
2026,4,2026_04_NE_BUF,00-0035500,Greg Dortch,WR,BUF,NE,receptions,1.1739886746194705,1.1739886746194705,0.9333333333333335,1.0,1.921,3,NOT_LISTED,True,,,,7.0,48.5,27.75,2.8333333333333335,0.059474847518325775,-0.036498719212946125,5.855741600353669
2026,4,2026_04_NE_BUF,00-0035537,Ty Johnson,RB,BUF,NE,receptions,2.6650555932240905,2.6650555932240905,2.7333333333333334,1.0,1.921,1,NOT_LISTED,True,,,,7.0,48.5,27.75,2.6666666666666665,0.0954970954970955,-0.036498719212946125,5.855741600353669
2026,4,2026_04_JAX_CIN,00-0035631,Drew Sample,TE,CIN,JAX,receptions,1.9982399426996063,1.9982399426996063,2.2,1.0,1.921,2,NOT_LISTED,True,,,,2.5,51.5,27.0,2.1666666666666665,0.06193523858059961,-0.20520928997199728,6.24414557087707
2026,4,2026_04_PIT_CLE,00-0035640,DK Metcalf,WR,PIT,CLE,receptions,3.9132262612514,3.9132262612514,3.8666666666666667,1.0,1.921,3,NOT_LISTED,True,,,,2.5,38.5,20.5,8.0,0.23106556935079858,-0.08423039483594258,6.089775462972362
2026,4,2026_04_ATL_NO,00-0035644,Noah Fant,TE,NO,ATL,receptions,2.074903845115423,2.074903845115423,2.2666666666666666,1.0,1.921,3,NOT_LISTED,True,,,,3.0,48.5,25.75,2.6666666666666665,0.06100342152973731,0.04409527183471819,6.5884093431633834
2026,4,2026_04_IND_WAS,00-0035659,Terry McLaurin,WR,WAS,IND,receptions,4.072334025504066,4.072334025504066,3.466666666666667,1.0,1.921,3,NOT_LISTED,True,,,,-3.5,47.5,22.0,6.166666666666667,0.24108276099308446,0.21503762182351374,7.779132808247871
2026,4,2026_04_LA_PHI,00-0035662,Marquise Brown,WR,PHI,LA,receptions,1.5028280995991872,1.5028280995991872,1.4666666666666668,1.0,1.921,1,NOT_LISTED,True,,,,,,,2.6666666666666665,0.10297152560083596,0.0046368558908046476,6.1933821568941125
2026,4,2026_04_NE_BUF,00-0035676,A.J. Brown,WR,NE,BUF,receptions,4.8991167017711685,4.8991167017711685,5.733333333333333,1.0,1.921,1,NOT_LISTED,True,,,,-7.0,48.5,20.75,8.333333333333334,0.28570392566060265,-0.0641388451855085,5.709809483536949
2026,4,2026_04_DAL_HOU,00-0035685,David Montgomery,RB,HOU,DAL,receptions,1.3858470061843837,1.3858470061843837,2.066666666666667,1.0,1.921,3,NOT_LISTED,True,,,,2.5,47.5,25.0,1.6666666666666667,0.04963739601670636,0.4566265974358147,8.294990306332075
2026,4,2026_04_NE_BUF,00-0035689,Dawson Knox,TE,BUF,NE,receptions,1.4411780667960976,1.4411780667960976,1.6,1.0,1.921,3,NOT_LISTED,True,,,,7.0,48.5,27.75,2.1666666666666665,0.07994320494320493,-0.036498719212946125,5.855741600353669
2026,4,2026_04_DEN_SF,00-0035719,Deebo Samuel Sr.,WR,SF,DEN,receptions,3.141843172173282,3.141843172173282,2.8666666666666663,1.0,1.921,3,NOT_LISTED,True,,,,3.0,46.5,24.75,4.0,0.17499877143839992,-0.13285798017646472,5.486852398576912
2026,4,2026_04_ATL_NO,00-0036040,Juwan Johnson,TE,NO,ATL,receptions,4.137809535143846,4.137809535143846,5.0,1.0,1.921,3,NOT_LISTED,True,,,,3.0,48.5,25.75,6.166666666666667,0.15771861966584536,0.04409527183471819,6.5884093431633834
2026,4,2026_04_PIT_CLE,00-0036139,Rico Dowdle,RB,PIT,CLE,receptions,2.119003227048354,2.119003227048354,2.1333333333333333,1.0,1.921,2,NOT_LISTED,True,,,,2.5,38.5,20.5,3.5,0.1229165801746447,-0.08423039483594258,6.089775462972362
2026,4,2026_04_IND_WAS,00-0036223,Jonathan Taylor,RB,IND,WAS,receptions,2.8825981761854003,2.8825981761854003,2.9333333333333336,1.0,1.921,3,NOT_LISTED,True,,,,3.5,47.5,25.5,3.6666666666666665,0.11796909986565159,0.16400236417261138,6.91052262618625
2026,4,2026_04_LA_PHI,00-0036244,Colby Parkinson,TE,LA,PHI,receptions,1.7060584821214972,1.7060584821214972,1.6,1.0,1.921,3,NOT_LISTED,True,,,,,,,3.8333333333333335,0.10468597849550232,-0.18142734002187402,5.187511362654284
2026,4,2026_04_PIT_CLE,00-0036252,Michael Pittman,WR,PIT,CLE,receptions,2.4889392853205123,2.4889392853205123,2.466666666666667,1.0,1.921,2,NOT_LISTED,True,,,,2.5,38.5,20.5,4.166666666666667,0.1330380636554163,-0.08423039483594258,6.089775462972362
2026,4,2026_04_MIA_MIN,00-0036259,Jauan Jennings,WR,MIN,MIA,receptions,1.9387940828569796,1.9387940828569796,2.0,1.0,1.921,2,NOT_LISTED,True,,,,10.5,38.5,24.5,4.0,0.13788370244891981,0.2970156808353054,8.294035817905499
2026,4,2026_04_NYJ_CHI,00-0036275,D'Andre Swift,RB,CHI,NYJ,receptions,2.1738831778059895,2.1738831778059895,2.2,1.0,1.921,2,NOT_LISTED,True,,,,,,,2.3333333333333335,0.07616989226184628,0.3610990180509618,7.373447293520088
2026,4,2026_04_NYJ_CHI,00-0036290,Cole Kmet,TE,CHI,NYJ,receptions,1.7130327758440438,1.7130327758440438,1.4666666666666668,1.0,1.921,2,NOT_LISTED,True,,,,,,,2.8333333333333335,0.09678095425221861,0.3610990180509618,7.373447293520088
2026,4,2026_04_ARI_NYG,00-0036309,Darnell Mooney,WR,NYG,ARI,receptions,2.2470207275962677,2.2470207275962677,2.0666666666666664,1.0,1.921,3,NOT_LISTED,True,,,,-1.5,44.5,21.5,3.3333333333333335,0.12462158714060338,0.4183825236167109,8.078343249365084
2026,4,2026_04_MIA_MIN,00-0036322,Justin Jefferson,WR,MIN,MIA,receptions,4.825457047250049,4.825457047250049,4.666666666666666,1.0,1.921,3,NOT_LISTED,True,,,,10.5,38.5,24.5,6.833333333333333,0.3097882387127238,0.2970156808353054,8.294035817905499
2026,4,2026_04_DAL_HOU,00-0036358,CeeDee Lamb,WR,DAL,HOU,receptions,5.206936918555323,5.206936918555323,6.133333333333333,1.0,1.921,3,NOT_LISTED,True,,,,-2.5,47.5,22.5,7.166666666666667,0.21616588099319514,-0.05329620780805669,6.869098200247393
2026,4,2026_04_PIT_CLE,00-0036407,Jerry Jeudy,WR,CLE,PIT,receptions,2.4463252243220373,2.4463252243220373,1.7333333333333334,1.0,1.921,2,NOT_LISTED,True,,,,-2.5,38.5,18.0,4.333333333333333,0.1803990055275703,0.0071385299620301094,7.528189974513988
2026,4,2026_04_JAX_CIN,00-0036410,Tee Higgins,WR,CIN,JAX,receptions,4.454877557439868,4.454877557439868,4.6000000000000005,1.0,1.921,3,NOT_LISTED,True,,,,2.5,51.5,27.0,6.666666666666667,0.19556197881874504,-0.20520928997199728,6.24414557087707
2026,4,2026_04_DEN_SF,00-0036422,Adam Trautman,TE,DEN,SF,receptions,1.9312144537806377,1.9312144537806377,2.0,1.0,1.921,1,NOT_LISTED,True,,,,-3.0,46.5,21.75,2.5,0.06778985760279997,0.08104121145253797,6.462440824282929
2026,4,2026_04_TEN_BAL,00-0036550,Rashod Bateman,WR,BAL,TEN,receptions,2.3842952998984783,2.3842952998984783,2.5999999999999996,1.0,1.921,3,NOT_LISTED,True,,,,11.5,43.5,27.5,3.1666666666666665,0.12382009752699409,0.21290571501572417,7.715394682755548
2026,4,2026_04_DAL_HOU,00-0036554,Nico Collins,WR,HOU,DAL,receptions,4.923544218410353,4.923544218410353,4.533333333333333,1.0,1.921,1,NOT_LISTED,True,,,,2.5,47.5,25.0,7.5,0.24191079276863592,0.4566265974358147,8.294990306332075
2026,4,2026_04_DET_CAR,00-0036555,Chuba Hubbard,RB,CAR,DET,receptions,2.5651091899890055,2.5651091899890055,2.8,1.0,1.921,3,NOT_LISTED,True,,,,-3.5,50.5,23.5,2.5,0.08129254389928015,0.046762111453013525,6.618602662226315
2026,4,2026_04_DEN_SF,00-0036613,Jaylen Waddle,WR,DEN,SF,receptions,3.841099699484694,3.841099699484694,3.4,1.0,1.921,3,NOT_LISTED,True,,,,-3.0,46.5,21.75,5.666666666666667,0.19856511263630286,0.08104121145253797,6.462440824282929
2026,4,2026_04_IND_WAS,00-0036626,Dyami Brown,WR,WAS,IND,receptions,1.4618514452004223,1.4618514452004223,1.1333333333333333,1.0,1.921,3,NOT_LISTED,True,,,,-3.5,47.5,22.0,1.8333333333333333,0.059413674796780204,0.21503762182351374,7.779132808247871
2026,4,2026_04_KC_LV,00-0036637,Noah Gray,TE,KC,LV,receptions,1.54725020463016,1.54725020463016,1.3333333333333333,1.0,1.921,3,NOT_LISTED,True,,,,4.5,47.5,26.0,1.8333333333333333,0.06839287720480845,0.041559814667308986,6.342968945033892
2026,4,2026_04_DET_CAR,00-0036754,Brock Wright,TE,DET,CAR,receptions,1.3291243074512236,1.3291243074512236,1.1333333333333333,1.0,1.921,3,NOT_LISTED,True,,,,3.5,50.5,27.0,2.5,0.07018579283541083,0.023856623892729287,6.372339045009886
2026,4,2026_04_LA_PHI,00-0036849,Tutu Atwell,WR,LA,PHI,receptions,1.2313302573460843,1.2313302573460843,0.8,1.0,1.921,1,NOT_LISTED,True,,,,,,,2.3333333333333335,0.06085227103533739,-0.18142734002187402,5.187511362654284
2026,4,2026_04_NE_BUF,00-0036875,Rhamondre Stevenson,RB,NE,BUF,receptions,2.621864841801882,2.621864841801882,3.0,1.0,1.921,3,NOT_LISTED,True,,,,-7.0,48.5,20.75,3.5,0.12670250896057347,-0.0641388451855085,5.709809483536949
2026,4,2026_04_PIT_CLE,00-0036894,Pat Freiermuth,TE,PIT,CLE,receptions,3.1063845172102864,3.1063845172102864,3.5999999999999996,1.0,1.921,3,NOT_LISTED,True,,,,2.5,38.5,20.5,4.666666666666667,0.12555619750017036,-0.08423039483594258,6.089775462972362
2026,4,2026_04_JAX_CIN,00-0036900,Ja'Marr Chase,WR,CIN,JAX,receptions,5.744837541284478,5.744837541284478,6.4,1.0,1.921,3,NOT_LISTED,True,,,,2.5,51.5,27.0,9.166666666666666,0.2705029734890915,-0.20520928997199728,6.24414557087707
2026,4,2026_04_LA_PHI,00-0036912,DeVonta Smith,WR,PHI,LA,receptions,4.473986105526794,4.473986105526794,4.933333333333334,1.0,1.921,2,NOT_LISTED,True,,,,,,,6.333333333333333,0.23116219667943805,0.0046368558908046476,6.1933821568941125
2026,4,2026_04_GB_TB,00-0036919,Kenny Gainwell,RB,TB,GB,receptions,2.4013487280509596,2.4013487280509596,2.666666666666667,1.0,1.921,3,NOT_LISTED,True,,,,-3.5,39.5,18.0,5.0,0.1329950650126089,0.20452516411601107,6.882638075432193
2026,4,2026_04_DET_CAR,00-0036963,Amon-Ra St. Brown,WR,DET,CAR,receptions,6.551319796311288,6.551319796311288,7.666666666666666,1.0,1.921,3,NOT_LISTED,True,,,,3.5,50.5,27.0,12.0,0.33286059834564025,0.023856623892729287,6.372339045009886
2026,4,2026_04_ATL_NO,00-0036970,Kyle Pitts,TE,ATL,NO,receptions,1.9194642803804765,1.9194642803804765,1.5333333333333334,1.0,1.921,3,NOT_LISTED,True,,,,-3.0,48.5,22.75,4.5,0.15851136276463784,-0.04629397600082815,5.5767448424048975
2026,4,2026_04_ATL_NO,00-0036973,Travis Etienne,RB,NO,ATL,receptions,2.6463242193414063,2.6463242193414063,3.4,1.0,1.921,3,NOT_LISTED,True,,,,3.0,48.5,25.75,3.6666666666666665,0.09029553525521267,0.04409527183471819,6.5884093431633834
2026,4,2026_04_NE_BUF,00-0036988,Josh Palmer,WR,BUF,NE,receptions,1.5603244477068348,1.5603244477068348,1.0,1.0,1.921,2,NOT_LISTED,True,,,,7.0,48.5,27.75,2.1666666666666665,0.07979982979982979,-0.036498719212946125,5.855741600353669
2026,4,2026_04_DAL_HOU,00-0036997,Javonte Williams,RB,DAL,HOU,receptions,2.4848851379499406,2.4848851379499406,2.8,1.0,1.921,3,NOT_LISTED,True,,,,-2.5,47.5,22.5,2.8333333333333335,0.08666741338112305,-0.05329620780805669,6.869098200247393
2026,4,2026_04_ARI_NYG,00-0037004,Hunter Long,TE,ARI,NYG,receptions,1.0018784685778315,1.0018784685778315,0.6,1.0,1.921,3,NOT_LISTED,True,,,,1.5,44.5,23.0,1.6666666666666667,0.04102790826195082,0.043533341972193766,7.033330172346716
2026,4,2026_04_DET_CAR,00-0037005,Tommy Tremble,TE,CAR,DET,receptions,2.2290577481772718,2.2290577481772718,2.2,1.0,1.921,3,NOT_LISTED,True,,,,-3.5,50.5,23.5,2.8333333333333335,0.08633456070600283,0.046762111453013525,6.618602662226315
2026,4,2026_04_DEN_SF,00-0037085,Tyler Badie,RB,DEN,SF,receptions,1.5412247892866513,1.5412247892866513,1.4666666666666668,1.0,1.921,2,NOT_LISTED,True,,,,-3.0,46.5,21.75,1.6666666666666667,0.05318837557027937,0.08104121145253797,6.462440824282929
2026,4,2026_04_ARI_NYG,00-0037157,Bam Knight,RB,ARI,NYG,receptions,1.2036639518074472,1.2036639518074472,1.5333333333333334,1.0,1.921,1,NOT_LISTED,True,,,,1.5,44.5,23.0,3.0,0.06626149017453366,0.043533341972193766,7.033330172346716
2026,4,2026_04_PIT_CLE,00-0037228,Jaylen Warren,RB,PIT,CLE,receptions,2.843921353781185,2.843921353781185,3.1333333333333337,1.0,1.921,3,NOT_LISTED,True,,,,2.5,38.5,20.5,3.5,0.09426174515308643,-0.08423039483594258,6.089775462972362
2026,4,2026_04_ATL_NO,00-0037231,Kevin Austin Jr.,WR,NO,ATL,receptions,2.1068232800464353,2.1068232800464353,2.7333333333333334,1.0,1.921,1,NOT_LISTED,True,,,,3.0,48.5,25.75,4.0,0.1217752368758755,0.04409527183471819,6.5884093431633834
2026,4,2026_04_ATL_NO,00-0037238,Drake London,WR,ATL,NO,receptions,4.573833078291475,4.573833078291475,4.533333333333333,1.0,1.921,3,NOT_LISTED,True,,,,-3.0,48.5,22.75,6.166666666666667,0.2347600052299161,-0.04629397600082815,5.5767448424048975
2026,4,2026_04_ATL_NO,00-0037239,Chris Olave,WR,NO,ATL,receptions,6.804285273631246,6.804285273631246,8.8,1.0,1.921,3,NOT_LISTED,True,,,,3.0,48.5,25.75,12.0,0.3209425866612437,0.04409527183471819,6.5884093431633834
2026,4,2026_04_DET_CAR,00-0037240,Jameson Williams,WR,DET,CAR,receptions,3.2971065882116286,3.2971065882116286,3.533333333333333,1.0,1.921,3,NOT_LISTED,True,,,,3.5,50.5,27.0,6.166666666666667,0.160635344648283,0.023856623892729287,6.372339045009886
2026,4,2026_04_DAL_HOU,00-0037247,George Pickens,WR,DAL,HOU,receptions,4.537598521359412,4.537598521359412,5.066666666666666,1.0,1.921,3,NOT_LISTED,True,,,,-2.5,47.5,22.5,7.0,0.21393969793776946,-0.05329620780805669,6.869098200247393
2026,4,2026_04_NE_BUF,00-0037248,James Cook,RB,BUF,NE,receptions,1.8354662231225087,1.8354662231225087,1.2,1.0,1.921,3,NOT_LISTED,True,,,,7.0,48.5,27.75,2.3333333333333335,0.0867974617974618,-0.036498719212946125,5.855741600353669
2026,4,2026_04_MIA_MIN,00-0037252,Greg Dulcich,TE,MIA,MIN,receptions,2.7440929914764536,2.7440929914764536,3.1333333333333333,1.0,1.921,3,NOT_LISTED,True,,,,-10.5,38.5,14.0,4.166666666666667,0.1578918453231297,-0.3895311558079154,4.972574478768719
2026,4,2026_04_IND_WAS,00-0037256,Rachaad White,RB,WAS,IND,receptions,2.174224584686899,2.174224584686899,2.8,1.0,1.921,3,NOT_LISTED,True,,,,-3.5,47.5,22.0,2.5,0.08252217919560718,0.21503762182351374,7.779132808247871
2026,4,2026_04_NE_BUF,00-0037261,Khalil Shakir,WR,BUF,NE,receptions,3.5802738057943015,3.5802738057943015,3.1333333333333333,1.0,1.921,3,NOT_LISTED,True,,,,7.0,48.5,27.75,5.333333333333333,0.20436045436045436,-0.036498719212946125,5.855741600353669
2026,4,2026_04_ARI_NYG,00-0037263,Tyler Allgeier,RB,ARI,NYG,receptions,1.7088465084409319,1.7088465084409319,2.2666666666666666,1.0,1.921,3,NOT_LISTED,True,,,,1.5,44.5,23.0,1.8333333333333333,0.05117592705828,0.043533341972193766,7.033330172346716
2026,4,2026_04_KC_LV,00-0037291,Jalen Nailor,WR,LV,KC,receptions,1.9903447588599357,1.9903447588599357,1.5333333333333332,1.0,1.921,3,NOT_LISTED,True,,,,-4.5,47.5,21.5,2.8333333333333335,0.10570786035553652,-0.0785363433343548,5.615357225311249
2026,4,2026_04_LAC_SEA,00-0037545,Rashid Shaheed,WR,SEA,LAC,receptions,2.120721263008639,2.120721263008639,1.7333333333333334,1.0,1.921,3,NOT_LISTED,True,,,,7.0,43.5,25.25,2.5,0.08860283981251722,-0.008965228139102822,6.915104348263071
2026,4,2026_04_DET_CAR,00-0037614,John Metchie III,WR,CAR,DET,receptions,2.0561598157153282,2.0561598157153282,1.8666666666666667,1.0,1.921,2,NOT_LISTED,True,,,,-3.5,50.5,23.5,3.6666666666666665,0.11632077073253544,0.046762111453013525,6.618602662226315
2026,4,2026_04_IND_WAS,00-0037664,Alec Pierce,WR,IND,WAS,receptions,2.731551513771125,2.731551513771125,2.7333333333333334,1.0,1.921,2,NOT_LISTED,True,,,,3.5,47.5,25.5,4.0,0.12905625664246353,0.16400236417261138,6.91052262618625
2026,4,2026_04_NYJ_CHI,00-0037740,Garrett Wilson,WR,NYJ,CHI,receptions,5.181455762215213,5.181455762215213,6.2,1.0,1.921,3,NOT_LISTED,True,,,,,,,8.0,0.30998389694041867,0.13520879635727642,7.414350257940411
2026,4,2026_04_ATL_NO,00-0037741,Jahan Dotson,WR,ATL,NO,receptions,1.918679646069101,1.918679646069101,1.4666666666666668,1.0,1.921,3,NOT_LISTED,True,,,,-3.0,48.5,22.75,3.6666666666666665,0.13359311941316507,-0.04629397600082815,5.5767448424048975
2026,4,2026_04_IND_WAS,00-0037742,Treylon Burks,WR,WAS,IND,receptions,1.5221825455581757,1.5221825455581757,1.2666666666666666,1.0,1.921,2,NOT_LISTED,True,,,,-3.5,47.5,22.0,2.6666666666666665,0.12947380706668632,0.21503762182351374,7.779132808247871
2026,4,2026_04_ARI_NYG,00-0037744,Trey McBride,TE,ARI,NYG,receptions,6.572660275444834,6.572660275444834,8.333333333333332,1.0,1.921,3,NOT_LISTED,True,,,,1.5,44.5,23.0,10.5,0.3148286103458517,0.043533341972193766,7.033330172346716
2026,4,2026_04_NYJ_CHI,00-0037755,Jelani Woods,TE,NYJ,CHI,receptions,1.2937846095057517,1.2937846095057517,1.0,1.0,1.921,1,NOT_LISTED,True,,,,,,,2.8333333333333335,0.09370299045544145,0.13520879635727642,7.414350257940411
2026,4,2026_04_DAL_HOU,00-0037801,KaVontae Turpin,WR,DAL,HOU,receptions,1.0935201716415826,1.0935201716415826,0.7333333333333334,1.0,1.921,3,NOT_LISTED,True,,,,-2.5,47.5,22.5,1.5,0.04659822866344606,-0.05329620780805669,6.869098200247393
2026,4,2026_04_NYJ_CHI,00-0037805,Jeremy Ruckert,TE,NYJ,CHI,receptions,2.077935412712026,2.077935412712026,2.466666666666667,1.0,1.921,3,NOT_LISTED,True,,,,,,,2.6666666666666665,0.08040133323860946,0.13520879635727642,7.414350257940411
2026,4,2026_04_IND_WAS,00-0037809,Chig Okonkwo,TE,WAS,IND,receptions,2.93158692615366,2.93158692615366,2.666666666666667,1.0,1.921,1,NOT_LISTED,True,,,,-3.5,47.5,22.0,5.166666666666667,0.1755803243159565,0.21503762182351374,7.779132808247871
2026,4,2026_04_NE_BUF,00-0037816,Romeo Doubs,WR,NE,BUF,receptions,2.5241177465708455,2.5241177465708455,2.2666666666666666,1.0,1.921,3,NOT_LISTED,True,,,,-7.0,48.5,20.75,3.8333333333333335,0.14565284178187402,-0.0641388451855085,5.709809483536949
2026,4,2026_04_ARI_NYG,00-0037838,Isaiah Likely,TE,NYG,ARI,receptions,3.8518534028193026,3.8518534028193026,4.333333333333334,1.0,1.921,3,NOT_LISTED,True,,,,-1.5,44.5,21.5,4.666666666666667,0.1823507276473808,0.4183825236167109,8.078343249365084
2026,4,2026_04_LA_PHI,00-0037840,Kyren Williams,RB,LA,PHI,receptions,2.7505724582236306,2.7505724582236306,3.533333333333333,1.0,1.921,3,NOT_LISTED,True,,,,,,,4.333333333333333,0.11068389818389819,-0.18142734002187402,5.187511362654284
2026,4,2026_04_DAL_HOU,00-0038041,Jake Ferguson,TE,DAL,HOU,receptions,2.3715918038438364,2.3715918038438364,2.7333333333333334,1.0,1.921,3,NOT_LISTED,True,,,,-2.5,47.5,22.5,3.1666666666666665,0.09803516700431146,-0.05329620780805669,6.869098200247393
2026,4,2026_04_GB_TB,00-0038090,Skyy Moore,WR,GB,TB,receptions,1.6337959608034318,1.6337959608034318,1.4,1.0,1.921,3,NOT_LISTED,True,,,,3.5,39.5,21.5,2.0,0.0493343680209806,0.10369834161496254,6.834640966894004
2026,4,2026_04_KC_LV,00-0038104,Tyquan Thornton,WR,KC,LV,receptions,1.7735456103640317,1.7735456103640317,1.8666666666666667,1.0,1.921,3,NOT_LISTED,True,,,,4.5,47.5,26.0,2.1666666666666665,0.07057134223585883,0.041559814667308986,6.342968945033892
2026,4,2026_04_TEN_BAL,00-0038115,Daniel Bellinger,TE,TEN,BAL,receptions,1.4613955358266075,1.4613955358266075,1.2666666666666666,1.0,1.921,3,NOT_LISTED,True,,,,-11.5,43.5,16.0,2.1666666666666665,0.07145667654034794,0.14538458240198826,7.145316852678761
2026,4,2026_04_TEN_BAL,00-0038117,Wan'Dale Robinson,WR,TEN,BAL,receptions,4.605690928399632,4.605690928399632,4.7333333333333325,1.0,1.921,3,NOT_LISTED,True,,,,-11.5,43.5,16.0,8.0,0.3015783029981813,0.14538458240198826,7.145316852678761
2026,4,2026_04_NYJ_CHI,00-0038120,Breece Hall,RB,NYJ,CHI,receptions,2.5902679313962222,2.5902679313962222,3.0666666666666664,1.0,1.921,3,NOT_LISTED,True,,,,,,,3.0,0.0922773396798333,0.13520879635727642,7.414350257940411
2026,4,2026_04_GB_TB,00-0038124,Christian Watson,WR,GB,TB,receptions,4.595279566269531,4.595279566269531,5.2,1.0,1.921,3,NOT_LISTED,True,,,,3.5,39.5,21.5,7.666666666666667,0.23404627751483734,0.10369834161496254,6.834640966894004
2026,4,2026_04_GB_TB,00-0038129,Cade Otton,TE,TB,GB,receptions,3.637961398845789,3.637961398845789,3.8,1.0,1.921,3,NOT_LISTED,True,,,,-3.5,39.5,18.0,5.333333333333333,0.18640532307198976,0.20452516411601107,6.882638075432193
2026,4,2026_04_KC_LV,00-0038134,Kenneth Walker III,RB,KC,LV,receptions,3.8233912689268728,3.8233912689268728,3.533333333333333,1.0,1.921,3,NOT_LISTED,True,,,,4.5,47.5,26.0,4.5,0.147843014265272,0.041559814667308986,6.342968945033892
2026,4,2026_04_LA_PHI,00-0038359,Xavier Smith,WR,LA,PHI,receptions,0.7861886772880324,0.7861886772880324,0.46666666666666673,1.0,1.921,3,NOT_LISTED,True,,,,,,,1.8333333333333333,0.04928678678678678,-0.18142734002187402,5.187511362654284
2026,4,2026_04_LA_PHI,00-0038393,Dontayvion Wicks,WR,PHI,LA,receptions,3.0131973001724948,3.0131973001724948,2.7333333333333334,1.0,1.921,2,NOT_LISTED,True,,,,,,,3.6666666666666665,0.12975949488119873,0.0046368558908046476,6.1933821568941125
2026,4,2026_04_ATL_NO,00-0038542,Bijan Robinson,RB,ATL,NO,receptions,4.577807692832755,4.577807692832755,4.466666666666667,1.0,1.921,3,NOT_LISTED,True,,,,-3.0,48.5,22.75,6.333333333333333,0.2609723301736728,-0.04629397600082815,5.5767448424048975
2026,4,2026_04_LAC_SEA,00-0038543,Jaxon Smith-Njigba,WR,SEA,LAC,receptions,7.17966101140528,7.17966101140528,8.733333333333334,1.0,1.921,3,NOT_LISTED,True,,,,7.0,43.5,25.25,11.5,0.39685116257696906,-0.008965228139102822,6.915104348263071
2026,4,2026_04_LAC_SEA,00-0038544,Quentin Johnston,WR,LAC,SEA,receptions,3.219841265938457,3.219841265938457,2.3333333333333335,1.0,1.921,3,NOT_LISTED,True,,,,-7.0,43.5,18.25,5.5,0.19390313727620878,-0.19963303984856215,4.850609177049269
2026,4,2026_04_PIT_CLE,00-0038558,Darnell Washington,TE,PIT,CLE,receptions,2.1019118391959783,2.1019118391959783,2.1333333333333333,1.0,1.921,3,NOT_LISTED,True,,,,2.5,38.5,20.5,3.0,0.09076762104492721,-0.08423039483594258,6.089775462972362
2026,4,2026_04_ARI_NYG,00-0038559,Michael Wilson,WR,ARI,NYG,receptions,4.828649726890509,4.828649726890509,5.6,1.0,1.921,3,NOT_LISTED,True,,,,1.5,44.5,23.0,8.666666666666666,0.24554946761843313,0.043533341972193766,7.033330172346716
2026,4,2026_04_KC_LV,00-0038563,Tre Tucker,WR,LV,KC,receptions,3.4917344973525104,3.4917344973525104,3.6666666666666665,1.0,1.921,3,NOT_LISTED,True,,,,-4.5,47.5,21.5,5.333333333333333,0.197495225081432,-0.0785363433343548,5.615357225311249
2026,4,2026_04_JAX_CIN,00-0038597,Chase Brown,RB,CIN,JAX,receptions,3.221544438265796,3.221544438265796,3.4000000000000004,1.0,1.921,3,NOT_LISTED,True,,,,2.5,51.5,27.0,4.333333333333333,0.12827517511428427,-0.20520928997199728,6.24414557087707
2026,4,2026_04_JAX_CIN,00-0038606,Parker Washington,WR,JAX,CIN,receptions,5.195975565522635,5.195975565522635,5.2666666666666675,1.0,1.921,3,NOT_LISTED,True,,,,-2.5,51.5,24.5,8.666666666666666,0.29096300601676944,0.03005865103866144,7.002237840782786
2026,4,2026_04_DAL_HOU,00-0038608,Kayshon Boutte,WR,HOU,DAL,receptions,1.8318577472584507,1.8318577472584507,1.8666666666666667,1.0,1.921,3,NOT_LISTED,True,,,,2.5,47.5,25.0,2.8333333333333335,0.09182286182286181,0.4566265974358147,8.294990306332075
2026,4,2026_04_DAL_HOU,00-0038618,Xavier Hutchinson,WR,HOU,DAL,receptions,3.3908028578269516,3.3908028578269516,2.9333333333333336,1.0,1.921,3,NOT_LISTED,True,,,,2.5,47.5,25.0,5.833333333333333,0.1796331463978523,0.4566265974358147,8.294990306332075
2026,4,2026_04_JAX_CIN,00-0038619,Andrei Iosivas,WR,CIN,JAX,receptions,1.61218184813681,1.61218184813681,1.6666666666666667,1.0,1.921,2,NOT_LISTED,True,,,,2.5,51.5,27.0,2.5,0.07354912519448621,-0.20520928997199728,6.24414557087707
2026,4,2026_04_NE_BUF,00-0038621,DeMario Douglas,WR,NE,BUF,receptions,2.3701634652492487,2.3701634652492487,2.1333333333333337,1.0,1.921,3,NOT_LISTED,True,,,,-7.0,48.5,20.75,3.5,0.12755504352278546,-0.0641388451855085,5.709809483536949
2026,4,2026_04_DAL_HOU,00-0038728,Jared Wayne,WR,HOU,DAL,receptions,1.9446584784657148,1.9446584784657148,1.4,1.0,1.921,3,NOT_LISTED,True,,,,2.5,47.5,25.0,3.5,0.09491465149359887,0.4566265974358147,8.294990306332075
2026,4,2026_04_DEN_SF,00-0038783,Nate Adkins,TE,DEN,SF,receptions,1.4472591861622839,1.4472591861622839,1.2,1.0,1.921,3,NOT_LISTED,True,,,,-3.0,46.5,21.75,1.6666666666666667,0.04799417702701084,0.08104121145253797,6.462440824282929
2026,4,2026_04_DET_CAR,00-0038840,Brycen Tremayne,WR,CAR,DET,receptions,1.4822784451913835,1.4822784451913835,1.2,1.0,1.921,3,NOT_LISTED,True,,,,-3.5,50.5,23.5,1.5,0.04285714285714285,0.046762111453013525,6.618602662226315
2026,4,2026_04_NE_BUF,00-0038933,Dalton Kincaid,TE,BUF,NE,receptions,3.6164849049511103,3.6164849049511103,4.133333333333334,1.0,1.921,3,NOT_LISTED,True,,,,7.0,48.5,27.75,4.166666666666667,0.15532153032153032,-0.036498719212946125,5.855741600353669
2026,4,2026_04_JAX_CIN,00-0038935,Brenton Strange,TE,JAX,CIN,receptions,2.973330578170061,2.973330578170061,2.8000000000000003,1.0,1.921,3,NOT_LISTED,True,,,,-2.5,51.5,24.5,4.666666666666667,0.15469240361713477,0.03005865103866144,7.002237840782786
2026,4,2026_04_DEN_SF,00-0038976,Marvin Mims Jr.,WR,DEN,SF,receptions,1.3968040863466311,1.3968040863466311,1.8666666666666667,1.0,1.921,1,NOT_LISTED,True,,,,-3.0,46.5,21.75,2.8333333333333335,0.08650634329982156,0.08104121145253797,6.462440824282929
2026,4,2026_04_MIA_MIN,00-0038994,Jordan Addison,WR,MIN,MIA,receptions,3.0903281326176355,3.0903281326176355,2.066666666666667,1.0,1.921,3,NOT_LISTED,True,,,,10.5,38.5,24.5,3.8333333333333335,0.1686629617522066,0.2970156808353054,8.294035817905499
2026,4,2026_04_GB_TB,00-0038996,Tucker Kraft,TE,GB,TB,receptions,3.502169960043923,3.502169960043923,3.333333333333333,1.0,1.921,3,NOT_LISTED,True,,,,3.5,39.5,21.5,6.5,0.1850518368266847,0.10369834161496254,6.834640966894004
2026,4,2026_04_IND_WAS,00-0038997,Josh Downs,WR,IND,WAS,receptions,4.654121812840066,4.654121812840066,4.466666666666667,1.0,1.921,3,NOT_LISTED,True,,,,3.5,47.5,25.5,7.0,0.21597377718067376,0.16400236417261138,6.91052262618625
2026,4,2026_04_TEN_BAL,00-0039032,Tyjae Spears,RB,TEN,BAL,receptions,2.0893247773749306,2.0893247773749306,1.9333333333333336,1.0,1.921,3,NOT_LISTED,True,,,,-11.5,43.5,16.0,3.3333333333333335,0.11915890935498778,0.14538458240198826,7.145316852678761
2026,4,2026_04_MIA_MIN,00-0039040,De'Von Achane,RB,MIA,MIN,receptions,2.6379326944087103,2.6379326944087103,2.666666666666667,1.0,1.921,3,NOT_LISTED,True,,,,-10.5,38.5,14.0,4.0,0.1575345536614902,-0.3895311558079154,4.972574478768719
2026,4,2026_04_ARI_NYG,00-0039041,Elijah Higgins,TE,ARI,NYG,receptions,1.7278633340961225,1.7278633340961225,2.1333333333333333,1.0,1.921,2,NOT_LISTED,True,,,,1.5,44.5,23.0,2.8333333333333335,0.0873679889378619,0.043533341972193766,7.033330172346716
2026,4,2026_04_TEN_BAL,00-0039064,Zay Flowers,WR,BAL,TEN,receptions,5.286837035771561,5.286837035771561,4.666666666666667,1.0,1.921,2,NOT_LISTED,True,,,,11.5,43.5,27.5,5.833333333333333,0.31993464052287585,0.21290571501572417,7.715394682755548
2026,4,2026_04_DET_CAR,00-0039065,Sam LaPorta,TE,DET,CAR,receptions,4.215534046247227,4.215534046247227,4.666666666666667,1.0,1.921,3,NOT_LISTED,True,,,,3.5,50.5,27.0,5.833333333333333,0.1673310114789317,0.023856623892729287,6.372339045009886
2026,4,2026_04_KC_LV,00-0039066,Michael Mayer,TE,LV,KC,receptions,3.694699453890845,3.694699453890845,4.066666666666666,1.0,1.921,3,NOT_LISTED,True,,,,-4.5,47.5,21.5,5.333333333333333,0.1941874217736287,-0.0785363433343548,5.615357225311249
2026,4,2026_04_KC_LV,00-0039067,Rashee Rice,WR,KC,LV,receptions,4.982855763428281,4.982855763428281,4.7333333333333325,1.0,1.921,3,NOT_LISTED,True,,,,4.5,47.5,26.0,8.0,0.2713946611965335,0.041559814667308986,6.342968945033892
2026,4,2026_04_LA_PHI,00-0039074,Davis Allen,TE,LA,PHI,receptions,1.3325433920320635,1.3325433920320635,1.4,1.0,1.921,3,NOT_LISTED,True,,,,,,,2.5,0.06134195195911988,-0.18142734002187402,5.187511362654284
2026,4,2026_04_LA_PHI,00-0039075,Puka Nacua,WR,LA,PHI,receptions,6.172906098083065,6.172906098083065,7.2,1.0,1.921,1,NOT_LISTED,True,,,,,,,11.333333333333334,0.31434235593828125,-0.18142734002187402,5.187511362654284
2026,4,2026_04_DET_CAR,00-0039139,Jahmyr Gibbs,RB,DET,CAR,receptions,4.9500941008524215,4.9500941008524215,5.8,1.0,1.921,3,NOT_LISTED,True,,,,3.5,50.5,27.0,7.0,0.18152218747909865,0.023856623892729287,6.372339045009886
2026,4,2026_04_GB_TB,00-0039146,Jayden Reed,WR,GB,TB,receptions,2.676400205293638,2.676400205293638,2.9333333333333336,1.0,1.921,2,NOT_LISTED,True,,,,3.5,39.5,21.5,4.166666666666667,0.13917707812760285,0.10369834161496254,6.834640966894004
2026,4,2026_04_ARI_NYG,00-0039337,Malik Nabers,WR,NYG,ARI,receptions,4.135642840649576,4.135642840649576,4.066666666666666,1.0,1.921,3,NOT_LISTED,True,,,,-1.5,44.5,21.5,7.0,0.238232074438971,0.4183825236167109,8.078343249365084
2026,4,2026_04_KC_LV,00-0039338,Brock Bowers,TE,LV,KC,receptions,5.699051929124562,5.699051929124562,6.533333333333333,1.0,1.921,1,NOT_LISTED,True,,,,-4.5,47.5,21.5,7.333333333333333,0.25921356421356423,-0.0785363433343548,5.615357225311249
2026,4,2026_04_DET_CAR,00-0039342,Xavier Legette,WR,CAR,DET,receptions,1.993340064738363,1.993340064738363,1.6,1.0,1.921,2,NOT_LISTED,True,,,,-3.5,50.5,23.5,2.8333333333333335,0.10192501731875546,0.046762111453013525,6.618602662226315
2026,4,2026_04_DAL_HOU,00-0039359,Cade Stover,TE,HOU,DAL,receptions,1.37118225563575,1.37118225563575,1.4,1.0,1.921,1,NOT_LISTED,True,,,,2.5,47.5,25.0,2.1666666666666665,0.07266734656440539,0.4566265974358147,8.294990306332075
2026,4,2026_04_GB_TB,00-0039361,Bucky Irving,RB,TB,GB,receptions,3.0139716188169645,3.0139716188169645,3.8666666666666663,1.0,1.921,3,NOT_LISTED,True,,,,-3.5,39.5,18.0,3.8333333333333335,0.120338303671637,0.20452516411601107,6.882638075432193
2026,4,2026_04_ARI_NYG,00-0039384,Tyrone Tracy Jr.,RB,NYG,ARI,receptions,0.9259834179528323,0.9259834179528323,0.7333333333333334,1.0,1.921,3,NOT_LISTED,True,,,,-1.5,44.5,21.5,2.1666666666666665,0.08401027851458887,0.4183825236167109,8.078343249365084
2026,4,2026_04_DAL_HOU,00-0039410,Ryan Flournoy,WR,DAL,HOU,receptions,3.3889754041384093,3.3889754041384093,3.1333333333333333,1.0,1.921,3,NOT_LISTED,True,,,,-2.5,47.5,22.5,5.333333333333333,0.17276444822903447,-0.05329620780805669,6.869098200247393
2026,4,2026_04_ATL_NO,00-0039424,Devaughn Vele,WR,NO,ATL,receptions,4.247597917929715,4.247597917929715,5.066666666666666,1.0,1.921,3,NOT_LISTED,True,,,,3.0,48.5,25.75,6.833333333333333,0.20344490463679266,0.04409527183471819,6.5884093431633834
2026,4,2026_04_NYJ_CHI,00-0039451,Isaiah Williams,WR,NYJ,CHI,receptions,2.5923064815372507,2.5923064815372507,3.0,1.0,1.921,3,NOT_LISTED,True,,,,,,,4.166666666666667,0.14296322668285583,0.13520879635727642,7.414350257940411
2026,4,2026_04_DET_CAR,00-0039491,Jalen Coker,WR,CAR,DET,receptions,4.523629614661159,4.523629614661159,5.533333333333333,1.0,1.921,3,NOT_LISTED,True,,,,-3.5,50.5,23.5,6.0,0.1885092881238517,0.046762111453013525,6.618602662226315
2026,4,2026_04_PIT_CLE,00-0039739,Roman Wilson,WR,PIT,CLE,receptions,2.7159527881653194,2.7159527881653194,3.0,1.0,1.921,3,NOT_LISTED,True,,,,2.5,38.5,20.5,4.0,0.1215111612775684,-0.08423039483594258,6.089775462972362
2026,4,2026_04_LAC_SEA,00-0039793,AJ Barner,TE,SEA,LAC,receptions,2.911982955705577,2.911982955705577,2.7333333333333334,1.0,1.921,3,NOT_LISTED,True,,,,7.0,43.5,25.25,4.0,0.12435208161014615,-0.008965228139102822,6.915104348263071
2026,4,2026_04_GB_TB,00-0039811,MarShawn Lloyd,RB,GB,TB,receptions,1.2761534156838643,1.2761534156838643,1.2999999999999998,1.0,1.921,3,NOT_LISTED,True,,,,3.5,39.5,21.5,1.75,0.05742803089405524,0.10369834161496254,6.834640966894004
2026,4,2026_04_JAX_CIN,00-0039814,Erick All,TE,CIN,JAX,receptions,1.868225503235596,1.868225503235596,1.8666666666666667,1.0,1.921,1,NOT_LISTED,True,,,,2.5,51.5,27.0,2.1666666666666665,0.07162788395256837,-0.20520928997199728,6.24414557087707
2026,4,2026_04_ARI_NYG,00-0039847,Theo Johnson,TE,NYG,ARI,receptions,1.8785861896075837,1.8785861896075837,0.8666666666666667,1.0,1.921,2,NOT_LISTED,True,,,,-1.5,44.5,21.5,4.0,0.15080536340678327,0.4183825236167109,8.078343249365084
2026,4,2026_04_ARI_NYG,00-0039849,Marvin Harrison Jr.,WR,ARI,NYG,receptions,1.8043960919282873,1.8043960919282873,1.5333333333333332,1.0,1.921,3,NOT_LISTED,True,,,,1.5,44.5,23.0,3.3333333333333335,0.0901252521942177,0.043533341972193766,7.033330172346716
2026,4,2026_04_GB_TB,00-0039855,Jalen McMillan,WR,TB,GB,receptions,1.772881132557964,1.772881132557964,2.7333333333333334,1.0,1.921,1,NOT_LISTED,True,,,,-3.5,39.5,18.0,3.6666666666666665,0.10910330261136712,0.20452516411601107,6.882638075432193
2026,4,2026_04_DEN_SF,00-0039868,Troy Franklin,WR,DEN,SF,receptions,1.3252637411345112,1.3252637411345112,1.0666666666666667,1.0,1.921,3,NOT_LISTED,True,,,,-3.0,46.5,21.75,2.3333333333333335,0.06642377332435528,0.08104121145253797,6.462440824282929
2026,4,2026_04_MIA_MIN,00-0039880,Malik Washington,WR,MIA,MIN,receptions,3.6115057643431783,3.6115057643431783,3.533333333333333,1.0,1.921,3,NOT_LISTED,True,,,,-10.5,38.5,14.0,5.166666666666667,0.18948582466823347,-0.3895311558079154,4.972574478768719
2026,4,2026_04_NYJ_CHI,00-0039890,Adonai Mitchell,WR,NYJ,CHI,receptions,3.8690616507888898,3.8690616507888898,3.2,1.0,1.921,2,NOT_LISTED,True,,,,,,,7.0,0.22318372342349324,0.13520879635727642,7.414350257940411
2026,4,2026_04_JAX_CIN,00-0039893,Brian Thomas Jr.,WR,JAX,CIN,receptions,2.6311531747231145,2.6311531747231145,2.466666666666667,1.0,1.921,3,NOT_LISTED,True,,,,-2.5,51.5,24.5,4.5,0.15030037718209763,0.03005865103866144,7.002237840782786
2026,4,2026_04_KC_LV,00-0039894,Xavier Worthy,WR,KC,LV,receptions,3.0512844860419506,3.0512844860419506,2.9333333333333336,1.0,1.921,3,NOT_LISTED,True,,,,4.5,47.5,26.0,4.166666666666667,0.15157403151841978,0.041559814667308986,6.342968945033892
2026,4,2026_04_NE_BUF,00-0039901,Keon Coleman,WR,BUF,NE,receptions,2.3288859948126177,2.3288859948126177,2.533333333333333,1.0,1.921,3,NOT_LISTED,True,,,,7.0,48.5,27.75,3.1666666666666665,0.11855435225000444,-0.036498719212946125,5.855741600353669
2026,4,2026_04_IND_WAS,00-0039912,Ben Sinnott,TE,WAS,IND,receptions,1.1974037505923392,1.1974037505923392,1.1333333333333333,1.0,1.921,2,NOT_LISTED,True,,,,-3.5,47.5,22.0,1.8333333333333333,0.08683074106835716,0.21503762182351374,7.779132808247871
2026,4,2026_04_LAC_SEA,00-0039915,Ladd McConkey,WR,LAC,SEA,receptions,3.2159741255994536,3.2159741255994536,3.6666666666666665,1.0,1.921,3,NOT_LISTED,True,,,,-7.0,43.5,18.25,4.333333333333333,0.1533909141436023,-0.19963303984856215,4.850609177049269
2026,4,2026_04_NYJ_CHI,00-0039919,Rome Odunze,WR,CHI,NYJ,receptions,2.8772769992079326,2.8772769992079326,2.6000000000000005,1.0,1.921,2,NOT_LISTED,True,,,,,,,6.333333333333333,0.20471357346357347,0.3610990180509618,7.373447293520088
2026,4,2026_04_LA_PHI,00-0040024,Darius Cooper,WR,PHI,LA,receptions,1.4084949965511908,1.4084949965511908,1.6,1.0,1.921,2,NOT_LISTED,True,,,,,,,2.0,0.0696959272810666,0.0046368558908046476,6.1933821568941125
2026,4,2026_04_KC_LV,00-0040078,Brashard Smith,RB,KC,LV,receptions,1.1176485684917814,1.1176485684917814,1.0666666666666667,1.0,1.921,2,NOT_LISTED,True,,,,4.5,47.5,26.0,1.6666666666666667,0.07037768994290733,0.041559814667308986,6.342968945033892
2026,4,2026_04_KC_LV,00-0040122,Ashton Jeanty,RB,LV,KC,receptions,3.325853189680041,3.325853189680041,3.8666666666666663,1.0,1.921,3,NOT_LISTED,True,,,,-4.5,47.5,21.5,4.166666666666667,0.15048686945238668,-0.0785363433343548,5.615357225311249
2026,4,2026_04_DET_CAR,00-0040124,Tetairoa McMillan,WR,CAR,DET,receptions,4.24494486103168,4.24494486103168,3.9333333333333336,1.0,1.921,3,NOT_LISTED,True,,,,-3.5,50.5,23.5,7.166666666666667,0.2299830953886931,0.046762111453013525,6.618602662226315
2026,4,2026_04_NYJ_CHI,00-0040126,Colston Loveland,TE,CHI,NYJ,receptions,3.2433600406719547,3.2433600406719547,3.8,1.0,1.921,2,NOT_LISTED,True,,,,,,,6.333333333333333,0.2065346956151554,0.3610990180509618,7.373447293520088
2026,4,2026_04_IND_WAS,00-0040128,Tyler Warren,TE,IND,WAS,receptions,5.093066233716867,5.093066233716867,5.666666666666666,1.0,1.921,3,NOT_LISTED,True,,,,3.5,47.5,25.5,7.333333333333333,0.22604990794645966,0.16400236417261138,6.91052262618625
2026,4,2026_04_GB_TB,00-0040129,Emeka Egbuka,WR,TB,GB,receptions,3.2438554669364406,3.2438554669364406,3.8,1.0,1.921,3,NOT_LISTED,True,,,,-3.5,39.5,18.0,5.0,0.16014670514670512,0.20452516411601107,6.882638075432193
2026,4,2026_04_NE_BUF,00-0040131,Kyle Williams,WR,NE,BUF,receptions,1.2261802479764634,1.2261802479764634,0.8666666666666667,1.0,1.921,3,NOT_LISTED,True,,,,-7.0,48.5,20.75,2.1666666666666665,0.07777777777777778,-0.0641388451855085,5.709809483536949
2026,4,2026_04_DEN_SF,00-0040134,Pat Bryant,WR,DEN,SF,receptions,2.8281192193885727,2.8281192193885727,2.466666666666667,1.0,1.921,3,NOT_LISTED,True,,,,-3.0,46.5,21.75,4.333333333333333,0.137272761468728,0.08104121145253797,6.462440824282929
2026,4,2026_04_DAL_HOU,00-0040138,Jaylin Noel,WR,HOU,DAL,receptions,1.8904888101274966,1.8904888101274966,1.6,1.0,1.921,3,NOT_LISTED,True,,,,2.5,47.5,25.0,2.3333333333333335,0.0706024156024156,0.4566265974358147,8.294990306332075
2026,4,2026_04_PIT_CLE,00-0040162,Dylan Sampson,RB,CLE,PIT,receptions,1.35668968483842,1.35668968483842,1.8,1.0,1.921,1,NOT_LISTED,True,,,,-2.5,38.5,18.0,2.5,0.0996422214957684,0.0071385299620301094,7.528189974513988
2026,4,2026_04_TEN_BAL,00-0040170,Elic Ayomanor,WR,TEN,BAL,receptions,2.605675053492689,2.605675053492689,1.7333333333333334,1.0,1.921,3,NOT_LISTED,True,,,,-11.5,43.5,16.0,5.0,0.17008436371181468,0.14538458240198826,7.145316852678761
2026,4,2026_04_DEN_SF,00-0040172,Jordan Watkins,WR,SF,DEN,receptions,1.5290144527595104,1.5290144527595104,1.3333333333333333,1.0,1.921,1,NOT_LISTED,True,,,,3.0,46.5,24.75,1.6666666666666667,0.06163915560830007,-0.13285798017646472,5.486852398576912
2026,4,2026_04_DET_CAR,00-0040187,Mitchell Evans,TE,CAR,DET,receptions,1.6698967597943777,1.6698967597943777,1.6666666666666667,1.0,1.921,3,NOT_LISTED,True,,,,-3.5,50.5,23.5,2.1666666666666665,0.07003017604891419,0.046762111453013525,6.618602662226315
2026,4,2026_04_LAC_SEA,00-0040189,Oronde Gadsden II,TE,LAC,SEA,receptions,1.6638671123259487,1.6638671123259487,1.4666666666666668,1.0,1.921,3,NOT_LISTED,True,,,,-7.0,43.5,18.25,2.6666666666666665,0.08730008227744503,-0.19963303984856215,4.850609177049269
2026,4,2026_04_NYJ_CHI,00-0040236,Kyle Monangai,RB,CHI,NYJ,receptions,1.8498320781978959,1.8498320781978959,1.7333333333333334,1.0,1.921,2,NOT_LISTED,True,,,,,,,2.5,0.08210695222189475,0.3610990180509618,7.373447293520088
2026,4,2026_04_GB_TB,00-0040237,Tez Johnson,WR,TB,GB,receptions,1.2436967840459086,1.2436967840459086,0.8,1.0,1.921,3,NOT_LISTED,True,,,,-3.5,39.5,18.0,1.8333333333333333,0.05771685105018439,0.20452516411601107,6.882638075432193
2026,4,2026_04_NYJ_CHI,00-0040277,Jahdae Walker,WR,CHI,NYJ,receptions,1.3114366402700888,1.3114366402700888,1.4666666666666668,1.0,1.921,1,NOT_LISTED,True,,,,,,,1.8333333333333333,0.057987032124963166,0.3610990180509618,7.373447293520088
2026,4,2026_04_PIT_CLE,00-0040466,Raheim Sanders,RB,CLE,PIT,receptions,2.0373858506092417,2.0373858506092417,2.333333333333333,1.0,1.921,3,NOT_LISTED,True,,,,-2.5,38.5,18.0,2.1666666666666665,0.08466270712647524,0.0071385299620301094,7.528189974513988
2026,4,2026_04_DAL_HOU,00-0040583,Woody Marks,RB,HOU,DAL,receptions,1.7614155328813776,1.7614155328813776,2.1333333333333337,1.0,1.921,3,NOT_LISTED,True,,,,2.5,47.5,25.0,2.3333333333333335,0.06825908325908325,0.4566265974358147,8.294990306332075
2026,4,2026_04_TEN_BAL,00-0040584,Gunnar Helm,TE,TEN,BAL,receptions,2.500768212233917,2.500768212233917,2.5999999999999996,1.0,1.921,3,NOT_LISTED,True,,,,-11.5,43.5,16.0,3.3333333333333335,0.12115105301379812,0.14538458240198826,7.145316852678761
2026,4,2026_04_LA_PHI,00-0040590,Konata Mumpfield,WR,LA,PHI,receptions,1.7903577556727126,1.7903577556727126,1.6666666666666667,1.0,1.921,3,NOT_LISTED,True,,,,,,,4.166666666666667,0.09992526540145587,-0.18142734002187402,5.187511362654284
2026,4,2026_04_LAC_SEA,00-0040648,Tory Horton,WR,SEA,LAC,receptions,2.049805689169979,2.049805689169979,2.1333333333333337,1.0,1.921,1,NOT_LISTED,True,,,,7.0,43.5,25.25,2.8333333333333335,0.09657144466982194,-0.008965228139102822,6.915104348263071
2026,4,2026_04_PIT_CLE,00-0040663,Harold Fannin Jr.,TE,CLE,PIT,receptions,4.405805605387218,4.405805605387218,4.6000000000000005,1.0,1.921,3,NOT_LISTED,True,,,,-2.5,38.5,18.0,6.666666666666667,0.23285921392513256,0.0071385299620301094,7.528189974513988
2026,4,2026_04_LAC_SEA,00-0040666,Omarion Hampton,RB,LAC,SEA,receptions,1.2520498276381509,1.2520498276381509,1.2,1.0,1.921,3,NOT_LISTED,True,,,,-7.0,43.5,18.25,2.3333333333333335,0.07919678887420822,-0.19963303984856215,4.850609177049269
2026,4,2026_04_GB_TB,00-0040667,Matthew Golden,WR,GB,TB,receptions,3.9971051454254143,3.9971051454254143,4.133333333333334,1.0,1.921,3,NOT_LISTED,True,,,,3.5,39.5,21.5,6.166666666666667,0.20064288933964392,0.10369834161496254,6.834640966894004
2026,4,2026_04_DET_CAR,00-0040669,Isaac TeSlaa,WR,DET,CAR,receptions,2.195222378660364,2.195222378660364,1.8666666666666667,1.0,1.921,3,NOT_LISTED,True,,,,3.5,50.5,27.0,3.5,0.09238639390562581,0.023856623892729287,6.372339045009886
2026,4,2026_04_TEN_BAL,00-0040705,Chimere Dike,WR,TEN,BAL,receptions,1.192475201972441,1.192475201972441,1.2,1.0,1.921,3,NOT_LISTED,True,,,,-11.5,43.5,16.0,2.6666666666666665,0.08559002725669392,0.14538458240198826,7.145316852678761
2026,4,2026_04_ARI_NYG,00-0040715,Cam Skattebo,RB,NYG,ARI,receptions,2.228988434085927,2.228988434085927,2.2666666666666666,1.0,1.921,3,NOT_LISTED,True,,,,-1.5,44.5,21.5,3.0,0.11085442335442336,0.4183825236167109,8.078343249365084
2026,4,2026_04_LAC_SEA,00-0040727,Tre Harris,WR,LAC,SEA,receptions,3.144391700875028,3.144391700875028,3.1333333333333337,1.0,1.921,3,NOT_LISTED,True,,,,-7.0,43.5,18.25,4.666666666666667,0.1530753799429521,-0.19963303984856215,4.850609177049269
2026,4,2026_04_KC_LV,00-0040729,Jack Bech,WR,LV,KC,receptions,2.193108254988225,2.193108254988225,2.0,1.0,1.921,2,NOT_LISTED,True,,,,-4.5,47.5,21.5,3.3333333333333335,0.12574482988276095,-0.0785363433343548,5.615357225311249
2026,4,2026_04_DEN_SF,00-0040730,RJ Harvey,RB,DEN,SF,receptions,3.4176898306271406,3.4176898306271406,3.533333333333333,1.0,1.921,2,NOT_LISTED,True,,,,-3.0,46.5,21.75,4.5,0.1416625762625646,0.08104121145253797,6.462440824282929
2026,4,2026_04_NYJ_CHI,00-0040735,Luther Burden III,WR,CHI,NYJ,receptions,4.221773152112528,4.221773152112528,4.133333333333333,1.0,1.921,2,NOT_LISTED,True,,,,,,,6.333333333333333,0.21131437740633144,0.3610990180509618,7.373447293520088
2026,4,2026_04_NYJ_CHI,00-0040736,Mason Taylor,TE,NYJ,CHI,receptions,2.659467040471383,2.659467040471383,2.9333333333333336,1.0,1.921,1,NOT_LISTED,True,,,,,,,4.333333333333333,0.17171942692045541,0.13520879635727642,7.414350257940411
2026,4,2026_04_LA_PHI,00-0040737,Terrance Ferguson,TE,LA,PHI,receptions,2.195287577607656,2.195287577607656,2.2666666666666666,1.0,1.921,3,NOT_LISTED,True,,,,,,,3.6666666666666665,0.10415489782657701,-0.18142734002187402,5.187511362654284
2026,4,2026_04_PIT_CLE,00-0040782,Isaiah Bond,WR,CLE,PIT,receptions,1.3234803540480145,1.3234803540480145,0.9333333333333333,1.0,1.921,1,NOT_LISTED,True,,,,-2.5,38.5,18.0,1.6666666666666667,0.058952254408813055,0.0071385299620301094,7.528189974513988
2026,4,2026_04_PIT_CLE,00-0040784,Quinshon Judkins,RB,CLE,PIT,receptions,2.5889106856066486,2.5889106856066486,3.0,1.0,1.921,3,NOT_LISTED,True,,,,-2.5,38.5,18.0,3.6666666666666665,0.1257407121583692,0.0071385299620301094,7.528189974513988
2026,4,2026_04_JAX_CIN,00-0040785,Dohnte Meyers,WR,CIN,JAX,receptions,1.7279373031591314,1.7279373031591314,1.3333333333333333,1.0,1.921,3,NOT_LISTED,True,,,,2.5,51.5,27.0,2.3333333333333335,0.06560165478571552,-0.20520928997199728,6.24414557087707
2026,4,2026_04_LA_PHI,00-0040867,Makai Lemon,WR,PHI,LA,receptions,1.8707792175418096,1.8707792175418096,2.0,1.0,1.921,2,NOT_LISTED,True,,,,,,,2.5,0.10561497326203209,0.0046368558908046476,6.1933821568941125
2026,4,2026_04_TEN_BAL,00-0040879,Matthew Hibner,TE,BAL,TEN,receptions,1.5684911348734847,1.5684911348734847,1.5,1.0,1.921,2,NOT_LISTED,True,,,,11.5,43.5,27.5,1.5,0.07083333333333333,0.21290571501572417,7.715394682755548
2026,4,2026_04_GB_TB,00-0040948,J. Michael Sturdivant,WR,GB,TB,receptions,1.1103109887785485,1.1103109887785485,1.5,1.0,1.921,2,NOT_LISTED,True,,,,3.5,39.5,21.5,1.5,0.029411764705882353,0.10369834161496254,6.834640966894004
2026,4,2026_04_ARI_NYG,00-0041027,Jeremiyah Love,RB,ARI,NYG,receptions,2.8049301893843266,2.8049301893843266,3.3333333333333335,1.0,1.921,3,NOT_LISTED,True,,,,1.5,44.5,23.0,4.0,0.10783090783090783,0.043533341972193766,7.033330172346716
2026,4,2026_04_NYJ_CHI,00-0041032,Kenyon Sadiq,TE,NYJ,CHI,receptions,3.4632989226274287,3.4632989226274287,4.0,1.0,1.921,3,NOT_LISTED,True,,,,,,,4.666666666666667,0.14533011272141708,0.13520879635727642,7.414350257940411
2026,4,2026_04_PIT_CLE,00-0041037,Denzel Boston,WR,CLE,PIT,receptions,3.377839486189197,3.377839486189197,3.0,1.0,1.921,3,NOT_LISTED,True,,,,-2.5,38.5,18.0,5.0,0.1828282828282828,0.0071385299620301094,7.528189974513988
2026,4,2026_04_IND_WAS,00-0041040,Antonio Williams,WR,WAS,IND,receptions,2.68203600458563,2.68203600458563,3.0,1.0,1.921,3,NOT_LISTED,True,,,,-3.5,47.5,22.0,3.6666666666666665,0.11983322064457969,0.21503762182351374,7.779132808247871
2026,4,2026_04_ARI_NYG,00-0041042,Malachi Fields,WR,NYG,ARI,receptions,2.3691661003213462,2.3691661003213462,2.0,1.0,1.921,3,NOT_LISTED,True,,,,-1.5,44.5,21.5,4.0,0.14022304324028462,0.4183825236167109,8.078343249365084
2026,4,2026_04_GB_TB,00-0041048,Ted Hurst III,WR,TB,GB,receptions,2.2484499844833126,2.2484499844833126,2.0,1.0,1.921,3,NOT_LISTED,True,,,,-3.5,39.5,18.0,4.333333333333333,0.1363155363155363,0.20452516411601107,6.882638075432193
2026,4,2026_04_ATL_NO,00-0041067,Bryce Lance,WR,NO,ATL,receptions,1.586906730458356,1.586906730458356,1.3333333333333333,1.0,1.921,3,NOT_LISTED,True,,,,3.0,48.5,25.75,2.6666666666666665,0.06105769230769231,0.04409527183471819,6.5884093431633834
2026,4,2026_04_MIA_MIN,00-0041436,DJ Herman,RB,MIA,MIN,receptions,0.9985236640271411,0.9985236640271411,0.5,1.0,1.921,2,NOT_LISTED,True,,,,-10.5,38.5,14.0,1.5,0.06521739130434782,-0.3895311558079154,4.972574478768719
2026,4,2026_04_TEN_BAL,00-0041438,Carnell Tate,WR,TEN,BAL,receptions,4.341690464441978,4.341690464441978,4.333333333333333,1.0,1.921,3,NOT_LISTED,True,,,,-11.5,43.5,16.0,6.666666666666667,0.25518207282913163,0.14538458240198826,7.145316852678761
2026,4,2026_04_PIT_CLE,00-0041489,Germie Bernard,WR,PIT,CLE,receptions,2.3785822695100975,2.3785822695100975,2.5,1.0,1.921,2,NOT_LISTED,True,,,,2.5,38.5,20.5,4.5,0.12423714036617263,-0.08423039483594258,6.089775462972362
2026,4,2026_04_DEN_SF,00-0041496,Jonah Coleman,RB,DEN,SF,receptions,1.282457118768244,1.282457118768244,1.5,1.0,1.921,2,NOT_LISTED,True,,,,-3.0,46.5,21.75,1.5,0.05172413793103448,0.08104121145253797,6.462440824282929
2026,4,2026_04_LAC_SEA,00-0041512,Jadarian Price,RB,SEA,LAC,receptions,1.5465425813483227,1.5465425813483227,1.3333333333333333,1.0,1.921,3,NOT_LISTED,True,,,,7.0,43.5,25.25,2.3333333333333335,0.07564102564102564,-0.008965228139102822,6.915104348263071
2026,4,2026_04_MIA_MIN,00-0041523,Caleb Douglas,WR,MIA,MIN,receptions,3.28036902298454,3.28036902298454,3.5,1.0,1.921,2,NOT_LISTED,True,,,,-10.5,38.5,14.0,5.0,0.19484702093397743,-0.3895311558079154,4.972574478768719
2026,4,2026_04_MIA_MIN,00-0041525,Chris Bell,WR,MIA,MIN,receptions,1.848543955687709,1.848543955687709,1.6666666666666667,1.0,1.921,3,NOT_LISTED,True,,,,-10.5,38.5,14.0,3.3333333333333335,0.10585077831454644,-0.3895311558079154,4.972574478768719
2026,4,2026_04_MIA_MIN,00-0041529,Kevin Coleman Jr.,WR,MIA,MIN,receptions,1.2499357073218251,1.2499357073218251,0.5,1.0,1.921,2,NOT_LISTED,True,,,,-10.5,38.5,14.0,3.0,0.09417989417989417,-0.3895311558079154,4.972574478768719
2026,4,2026_04_PIT_CLE,00-0041547,KC Concepcion,WR,CLE,PIT,receptions,4.307072020818333,4.307072020818333,4.0,1.0,1.921,3,NOT_LISTED,True,,,,-2.5,38.5,18.0,6.666666666666667,0.24242424242424243,0.0071385299620301094,7.528189974513988
2026,4,2026_04_DEN_SF,00-0029892,Kyle Juszczyk,FB,SF,DEN,receiving_yards,15.727718391051766,15.727718391051766,11.733333333333334,1.0,26.765,2,NOT_LISTED,True,,,,3.0,46.5,24.75,1.8333333333333333,0.07158535238245382,-0.13285798017646472,5.486852398576912
2026,4,2026_04_IND_WAS,00-0030279,Keenan Allen,WR,IND,WAS,receiving_yards,44.67880923450632,44.67880923450632,33.13333333333333,1.0,26.765,3,NOT_LISTED,True,,,,3.5,47.5,25.5,6.833333333333333,0.20802616013522868,0.16400236417261138,6.91052262618625
2026,4,2026_04_KC_LV,00-0030506,Travis Kelce,TE,KC,LV,receiving_yards,51.790325212495546,51.790325212495546,65.19999999999999,1.0,26.765,3,NOT_LISTED,True,,,,4.5,47.5,26.0,5.666666666666667,0.20409810950761406,0.041559814667308986,6.342968945033892
2026,4,2026_04_ARI_NYG,00-0031235,Odell Beckham Jr.,WR,NYG,ARI,receiving_yards,14.091851298662323,14.091851298662323,4.666666666666667,1.0,26.765,1,NOT_LISTED,True,,,,-1.5,44.5,21.5,2.1666666666666665,0.062338969404186796,0.4183825236167109,8.078343249365084
2026,4,2026_04_LA_PHI,00-0031381,Davante Adams,WR,LA,PHI,receiving_yards,68.8630621459023,68.8630621459023,106.0,1.0,26.765,3,NOT_LISTED,True,,,,,,,8.166666666666666,0.23940622592494207,-0.18142734002187402,5.187511362654284
2026,4,2026_04_DEN_SF,00-0031408,Mike Evans,WR,SF,DEN,receiving_yards,46.517064955569936,46.517064955569936,42.93333333333334,1.0,26.765,3,NOT_LISTED,True,,,,3.0,46.5,24.75,5.666666666666667,0.19825145442792502,-0.13285798017646472,5.486852398576912
2026,4,2026_04_IND_WAS,00-0031588,Stefon Diggs,WR,WAS,IND,receiving_yards,58.11812523266448,58.11812523266448,54.8,1.0,26.765,3,NOT_LISTED,True,,,,-3.5,47.5,22.0,6.833333333333333,0.2247073312083454,0.21503762182351374,7.779132808247871
2026,4,2026_04_DET_CAR,00-0031610,Darren Waller,TE,CAR,DET,receiving_yards,34.940388206936476,34.940388206936476,36.93333333333334,1.0,26.765,3,NOT_LISTED,True,,,,-3.5,50.5,23.5,4.833333333333333,0.15991990950789126,0.046762111453013525,6.618602662226315
2026,4,2026_04_NYJ_CHI,00-0032385,Sterling Shepard,WR,NYJ,CHI,receiving_yards,17.19246395189517,17.19246395189517,9.2,1.0,26.765,1,NOT_LISTED,True,,,,,,,3.0,0.09665231733248736,0.13520879635727642,7.414350257940411
2026,4,2026_04_ATL_NO,00-0032392,Austin Hooper,TE,ATL,NO,receiving_yards,19.338255079531564,19.338255079531564,15.2,1.0,26.765,2,NOT_LISTED,True,,,,-3.0,48.5,22.75,2.8333333333333335,0.09373983270897716,-0.04629397600082815,5.5767448424048975
2026,4,2026_04_TEN_BAL,00-0032398,Chris Moore,WR,BAL,TEN,receiving_yards,21.88855263802759,21.88855263802759,19.666666666666668,1.0,26.765,3,NOT_LISTED,True,,,,11.5,43.5,27.5,2.0,0.07613574165298302,0.21290571501572417,7.715394682755548
2026,4,2026_04_NYJ_CHI,00-0032464,Kalif Raymond,WR,CHI,NYJ,receiving_yards,42.554327030883314,42.554327030883314,52.733333333333334,1.0,26.765,2,NOT_LISTED,True,,,,,,,4.166666666666667,0.13126483317045928,0.3610990180509618,7.373447293520088
2026,4,2026_04_DEN_SF,00-0032775,Demarcus Robinson,WR,SF,DEN,receiving_yards,29.611298143372693,29.611298143372693,34.733333333333334,1.0,26.765,2,NOT_LISTED,True,,,,3.0,46.5,24.75,2.6666666666666665,0.09531354629393844,-0.13285798017646472,5.486852398576912
2026,4,2026_04_NE_BUF,00-0033090,Hunter Henry,TE,NE,BUF,receiving_yards,29.336539707610015,29.336539707610015,28.266666666666666,1.0,26.765,3,NOT_LISTED,True,,,,-7.0,48.5,20.75,4.166666666666667,0.15636712749615975,-0.0641388451855085,5.709809483536949
2026,4,2026_04_LA_PHI,00-0033110,Tyler Higbee,TE,LA,PHI,receiving_yards,32.85348766344194,32.85348766344194,48.6,1.0,26.765,2,NOT_LISTED,True,,,,,,,4.666666666666667,0.12534460973514014,-0.18142734002187402,5.187511362654284
2026,4,2026_04_IND_WAS,00-0033217,Mo Alie-Cox,TE,IND,WAS,receiving_yards,15.366329979579696,15.366329979579696,17.133333333333333,1.0,26.765,1,NOT_LISTED,True,,,,3.5,47.5,25.5,2.1666666666666665,0.06610016687880982,0.16400236417261138,6.91052262618625
2026,4,2026_04_LA_PHI,00-0033246,Johnny Mundt,TE,PHI,LA,receiving_yards,15.009839618857225,15.009839618857225,10.266666666666666,1.0,26.765,1,NOT_LISTED,True,,,,,,,2.0,0.07291786840503943,0.0046368558908046476,6.1933821568941125
2026,4,2026_04_DEN_SF,00-0033280,Christian McCaffrey,RB,SF,DEN,receiving_yards,40.6136398754205,40.6136398754205,34.666666666666664,1.0,26.765,3,NOT_LISTED,True,,,,3.0,46.5,24.75,6.333333333333333,0.21692994732210416,-0.13285798017646472,5.486852398576912
2026,4,2026_04_DEN_SF,00-0033288,George Kittle,TE,SF,DEN,receiving_yards,54.90330126704325,54.90330126704325,61.86666666666667,1.0,26.765,3,NOT_LISTED,True,,,,3.0,46.5,24.75,6.666666666666667,0.23831297605807408,-0.13285798017646472,5.486852398576912
2026,4,2026_04_MIA_MIN,00-0033293,Aaron Jones,RB,MIN,MIA,receiving_yards,16.426864270354834,16.426864270354834,12.333333333333334,1.0,26.765,3,NOT_LISTED,True,,,,10.5,38.5,24.5,2.8333333333333335,0.13743788819875777,0.2970156808353054,8.294035817905499
2026,4,2026_04_ARI_NYG,00-0033307,Kendrick Bourne,WR,ARI,NYG,receiving_yards,29.380992704690556,29.380992704690556,32.266666666666666,1.0,26.765,3,NOT_LISTED,True,,,,1.5,44.5,23.0,3.5,0.10174267507600843,0.043533341972193766,7.033330172346716
2026,4,2026_04_JAX_CIN,00-0033526,Samaje Perine,RB,CIN,JAX,receiving_yards,15.026254565998538,15.026254565998538,15.866666666666667,1.0,26.765,3,NOT_LISTED,True,,,,2.5,51.5,27.0,2.5,0.07231913691016857,-0.20520928997199728,6.24414557087707
2026,4,2026_04_NE_BUF,00-0033555,Mack Hollins,WR,NE,BUF,receiving_yards,47.02106987024232,47.02106987024232,50.46666666666667,1.0,26.765,3,NOT_LISTED,True,,,,-7.0,48.5,20.75,6.166666666666667,0.21129730484569195,-0.0641388451855085,5.709809483536949
2026,4,2026_04_GB_TB,00-0033858,Jonnu Smith,TE,GB,TB,receiving_yards,18.896076360979517,18.896076360979517,20.133333333333333,1.0,26.765,2,NOT_LISTED,True,,,,3.5,39.5,21.5,2.6666666666666665,0.06913384559153393,0.10369834161496254,6.834640966894004
2026,4,2026_04_DEN_SF,00-0033881,Evan Engram,TE,DEN,SF,receiving_yards,25.293319882478606,25.293319882478606,22.8,1.0,26.765,3,NOT_LISTED,True,,,,-3.0,46.5,21.75,3.3333333333333335,0.10886029102727206,0.08104121145253797,6.462440824282929
2026,4,2026_04_LAC_SEA,00-0033885,David Njoku,TE,LAC,SEA,receiving_yards,21.626247255680795,21.626247255680795,20.266666666666666,1.0,26.765,2,NOT_LISTED,True,,,,-7.0,43.5,18.25,2.5,0.09272368529710252,-0.19963303984856215,4.850609177049269
2026,4,2026_04_ATL_NO,00-0033906,Alvin Kamara,RB,NO,ATL,receiving_yards,14.62056761967633,14.62056761967633,8.2,1.0,26.765,2,NOT_LISTED,True,,,,3.0,48.5,25.75,2.8333333333333335,0.08989937388193203,0.04409527183471819,6.5884093431633834
2026,4,2026_04_LAC_SEA,00-0033908,Cooper Kupp,WR,SEA,LAC,receiving_yards,30.75535697895282,30.75535697895282,31.866666666666667,1.0,26.765,3,NOT_LISTED,True,,,,7.0,43.5,25.25,3.3333333333333335,0.11213927947798914,-0.008965228139102822,6.915104348263071
2026,4,2026_04_GB_TB,00-0033921,Chris Godwin Jr.,WR,TB,GB,receiving_yards,29.94765490009248,29.94765490009248,39.333333333333336,1.0,26.765,3,NOT_LISTED,True,,,,-3.5,39.5,18.0,4.333333333333333,0.13676928010261344,0.20452516411601107,6.882638075432193
2026,4,2026_04_LAC_SEA,00-0034272,Marquez Valdes-Scantling,WR,LAC,SEA,receiving_yards,17.210292552800517,17.210292552800517,16.333333333333332,1.0,26.765,1,NOT_LISTED,True,,,,-7.0,43.5,18.25,3.6666666666666665,0.09648743639971709,-0.19963303984856215,4.850609177049269
2026,4,2026_04_DEN_SF,00-0034348,Courtland Sutton,WR,DEN,SF,receiving_yards,41.556361987434855,41.556361987434855,30.6,1.0,26.765,3,NOT_LISTED,True,,,,-3.0,46.5,21.75,6.666666666666667,0.19450317141793982,0.08104121145253797,6.462440824282929
2026,4,2026_04_LA_PHI,00-0034351,Dallas Goedert,TE,PHI,LA,receiving_yards,37.640246558229734,37.640246558229734,35.733333333333334,1.0,26.765,2,NOT_LISTED,True,,,,,,,5.5,0.21905309814992746,0.0046368558908046476,6.1933821568941125
2026,4,2026_04_KC_LV,00-0034365,Ian Thomas,TE,LV,KC,receiving_yards,12.670775882464472,12.670775882464472,13.933333333333334,1.0,26.765,1,NOT_LISTED,True,,,,-4.5,47.5,21.5,1.6666666666666667,0.04976013097610194,-0.0785363433343548,5.615357225311249
2026,4,2026_04_DAL_HOU,00-0034383,Dalton Schultz,TE,HOU,DAL,receiving_yards,47.28603599545946,47.28603599545946,63.133333333333326,1.0,26.765,3,NOT_LISTED,True,,,,2.5,47.5,25.0,6.333333333333333,0.1766630560748208,0.4566265974358147,8.294990306332075
2026,4,2026_04_JAX_CIN,00-0034613,Tanner Hudson,TE,CIN,JAX,receiving_yards,14.363665489463518,14.363665489463518,14.866666666666667,1.0,26.765,2,NOT_LISTED,True,,,,2.5,51.5,27.0,2.0,0.057166101758132117,-0.20520928997199728,6.24414557087707
2026,4,2026_04_TEN_BAL,00-0034753,Mark Andrews,TE,BAL,TEN,receiving_yards,43.23970514845449,43.23970514845449,36.733333333333334,1.0,26.765,3,NOT_LISTED,True,,,,11.5,43.5,27.5,4.666666666666667,0.21130831643002027,0.21290571501572417,7.715394682755548
2026,4,2026_04_NE_BUF,00-0034827,DJ Moore,WR,BUF,NE,receiving_yards,52.83911537461678,52.83911537461678,52.2,1.0,26.765,3,NOT_LISTED,True,,,,7.0,48.5,27.75,5.333333333333333,0.1862868931834449,-0.036498719212946125,5.855741600353669
2026,4,2026_04_JAX_CIN,00-0034829,Mike Gesicki,TE,CIN,JAX,receiving_yards,35.986949404025864,35.986949404025864,40.33333333333333,1.0,26.765,2,NOT_LISTED,True,,,,2.5,51.5,27.0,3.3333333333333335,0.09746481453262638,-0.20520928997199728,6.24414557087707
2026,4,2026_04_TEN_BAL,00-0034837,Calvin Ridley,WR,TEN,BAL,receiving_yards,22.051539014111505,22.051539014111505,24.733333333333334,1.0,26.765,2,NOT_LISTED,True,,,,-11.5,43.5,16.0,3.0,0.10068551379293068,0.14538458240198826,7.145316852678761
2026,4,2026_04_LA_PHI,00-0034844,Saquon Barkley,RB,PHI,LA,receiving_yards,11.19437555602525,11.19437555602525,3.0666666666666664,1.0,26.765,2,NOT_LISTED,True,,,,,,,1.8333333333333333,0.072999397196045,0.0046368558908046476,6.1933821568941125
2026,4,2026_04_JAX_CIN,00-0034960,Jakobi Meyers,WR,JAX,CIN,receiving_yards,43.186974283918204,43.186974283918204,43.733333333333334,1.0,26.765,3,NOT_LISTED,True,,,,-2.5,51.5,24.5,5.666666666666667,0.18210195602668722,0.03005865103866144,7.002237840782786
2026,4,2026_04_DAL_HOU,00-0034981,Foster Moreau,TE,HOU,DAL,receiving_yards,17.44891026245594,17.44891026245594,17.200000000000003,1.0,26.765,3,NOT_LISTED,True,,,,2.5,47.5,25.0,2.0,0.06402569653508328,0.4566265974358147,8.294990306332075
2026,4,2026_04_ATL_NO,00-0035208,Olamide Zaccheaus,WR,ATL,NO,receiving_yards,17.400849345677827,17.400849345677827,7.2,1.0,26.765,3,NOT_LISTED,True,,,,-3.0,48.5,22.75,2.8333333333333335,0.10450500926538375,-0.04629397600082815,5.5767448424048975
2026,4,2026_04_MIA_MIN,00-0035229,T.J. Hockenson,TE,MIN,MIA,receiving_yards,34.80683316541037,34.80683316541037,25.6,1.0,26.765,3,NOT_LISTED,True,,,,10.5,38.5,24.5,3.6666666666666665,0.16169399949148233,0.2970156808353054,8.294035817905499
2026,4,2026_04_MIA_MIN,00-0035249,Josh Oliver,TE,MIN,MIA,receiving_yards,15.773761119657586,15.773761119657586,16.0,1.0,26.765,3,NOT_LISTED,True,,,,10.5,38.5,24.5,2.0,0.09441720242635572,0.2970156808353054,8.294035817905499
2026,4,2026_04_ARI_NYG,00-0035250,Devin Singletary,RB,NYG,ARI,receiving_yards,11.9865768745416,11.9865768745416,7.533333333333333,1.0,26.765,2,NOT_LISTED,True,,,,-1.5,44.5,21.5,1.8333333333333333,0.06863548727772865,0.4183825236167109,8.078343249365084
2026,4,2026_04_TEN_BAL,00-0035261,Tony Pollard,RB,TEN,BAL,receiving_yards,12.499955610741784,12.499955610741784,7.666666666666666,1.0,26.765,3,NOT_LISTED,True,,,,-11.5,43.5,16.0,2.0,0.06543162719633307,0.14538458240198826,7.145316852678761
2026,4,2026_04_DEN_SF,00-0035406,Lil'Jordan Humphrey,WR,DEN,SF,receiving_yards,16.164194360622815,16.164194360622815,13.133333333333333,1.0,26.765,1,NOT_LISTED,True,,,,-3.0,46.5,21.75,2.6666666666666665,0.07411421698536862,0.08104121145253797,6.462440824282929
2026,4,2026_04_NE_BUF,00-0035500,Greg Dortch,WR,BUF,NE,receiving_yards,10.887199802470132,10.887199802470132,8.866666666666667,1.0,26.765,3,NOT_LISTED,True,,,,7.0,48.5,27.75,2.8333333333333335,0.059474847518325775,-0.036498719212946125,5.855741600353669
2026,4,2026_04_NE_BUF,00-0035537,Ty Johnson,RB,BUF,NE,receiving_yards,21.312707999709396,21.312707999709396,29.400000000000002,1.0,26.765,1,NOT_LISTED,True,,,,7.0,48.5,27.75,2.6666666666666665,0.0954970954970955,-0.036498719212946125,5.855741600353669
2026,4,2026_04_JAX_CIN,00-0035631,Drew Sample,TE,CIN,JAX,receiving_yards,16.008203203111243,16.008203203111243,13.0,1.0,26.765,2,NOT_LISTED,True,,,,2.5,51.5,27.0,2.1666666666666665,0.06193523858059961,-0.20520928997199728,6.24414557087707
2026,4,2026_04_PIT_CLE,00-0035640,DK Metcalf,WR,PIT,CLE,receiving_yards,52.841519914007705,52.841519914007705,42.46666666666667,1.0,26.765,3,NOT_LISTED,True,,,,2.5,38.5,20.5,8.0,0.23106556935079858,-0.08423039483594258,6.089775462972362
2026,4,2026_04_ATL_NO,00-0035644,Noah Fant,TE,NO,ATL,receiving_yards,20.735688490166474,20.735688490166474,18.933333333333334,1.0,26.765,3,NOT_LISTED,True,,,,3.0,48.5,25.75,2.6666666666666665,0.06100342152973731,0.04409527183471819,6.5884093431633834
2026,4,2026_04_IND_WAS,00-0035659,Terry McLaurin,WR,WAS,IND,receiving_yards,55.97637484047438,55.97637484047438,49.13333333333334,1.0,26.765,3,NOT_LISTED,True,,,,-3.5,47.5,22.0,6.166666666666667,0.24108276099308446,0.21503762182351374,7.779132808247871
2026,4,2026_04_LA_PHI,00-0035662,Marquise Brown,WR,PHI,LA,receiving_yards,20.05851003615219,20.05851003615219,24.06666666666667,1.0,26.765,1,NOT_LISTED,True,,,,,,,2.6666666666666665,0.10297152560083596,0.0046368558908046476,6.1933821568941125
2026,4,2026_04_NE_BUF,00-0035676,A.J. Brown,WR,NE,BUF,receiving_yards,59.864654084905794,59.864654084905794,68.6,1.0,26.765,1,NOT_LISTED,True,,,,-7.0,48.5,20.75,8.333333333333334,0.28570392566060265,-0.0641388451855085,5.709809483536949
2026,4,2026_04_DAL_HOU,00-0035685,David Montgomery,RB,HOU,DAL,receiving_yards,10.907670024844593,10.907670024844593,14.666666666666666,1.0,26.765,3,NOT_LISTED,True,,,,2.5,47.5,25.0,1.6666666666666667,0.04963739601670636,0.4566265974358147,8.294990306332075
2026,4,2026_04_NE_BUF,00-0035689,Dawson Knox,TE,BUF,NE,receiving_yards,13.492049122284548,13.492049122284548,8.8,1.0,26.765,3,NOT_LISTED,True,,,,7.0,48.5,27.75,2.1666666666666665,0.07994320494320493,-0.036498719212946125,5.855741600353669
2026,4,2026_04_DEN_SF,00-0035719,Deebo Samuel Sr.,WR,SF,DEN,receiving_yards,37.74197609563356,37.74197609563356,50.599999999999994,1.0,26.765,3,NOT_LISTED,True,,,,3.0,46.5,24.75,4.0,0.17499877143839992,-0.13285798017646472,5.486852398576912
2026,4,2026_04_ATL_NO,00-0036040,Juwan Johnson,TE,NO,ATL,receiving_yards,44.462554591128395,44.462554591128395,62.46666666666667,1.0,26.765,3,NOT_LISTED,True,,,,3.0,48.5,25.75,6.166666666666667,0.15771861966584536,0.04409527183471819,6.5884093431633834
2026,4,2026_04_PIT_CLE,00-0036139,Rico Dowdle,RB,PIT,CLE,receiving_yards,15.434119342785312,15.434119342785312,14.333333333333332,1.0,26.765,2,NOT_LISTED,True,,,,2.5,38.5,20.5,3.5,0.1229165801746447,-0.08423039483594258,6.089775462972362
2026,4,2026_04_IND_WAS,00-0036223,Jonathan Taylor,RB,IND,WAS,receiving_yards,21.0984586913058,21.0984586913058,21.866666666666667,1.0,26.765,3,NOT_LISTED,True,,,,3.5,47.5,25.5,3.6666666666666665,0.11796909986565159,0.16400236417261138,6.91052262618625
2026,4,2026_04_LA_PHI,00-0036244,Colby Parkinson,TE,LA,PHI,receiving_yards,15.776560216447336,15.776560216447336,12.933333333333334,1.0,26.765,3,NOT_LISTED,True,,,,,,,3.8333333333333335,0.10468597849550232,-0.18142734002187402,5.187511362654284
2026,4,2026_04_PIT_CLE,00-0036252,Michael Pittman,WR,PIT,CLE,receiving_yards,29.494377577285157,29.494377577285157,27.6,1.0,26.765,2,NOT_LISTED,True,,,,2.5,38.5,20.5,4.166666666666667,0.1330380636554163,-0.08423039483594258,6.089775462972362
2026,4,2026_04_MIA_MIN,00-0036259,Jauan Jennings,WR,MIN,MIA,receiving_yards,25.34920617839552,25.34920617839552,19.6,1.0,26.765,2,NOT_LISTED,True,,,,10.5,38.5,24.5,4.0,0.13788370244891981,0.2970156808353054,8.294035817905499
2026,4,2026_04_NYJ_CHI,00-0036275,D'Andre Swift,RB,CHI,NYJ,receiving_yards,16.76049032218578,16.76049032218578,21.53333333333333,1.0,26.765,2,NOT_LISTED,True,,,,,,,2.3333333333333335,0.07616989226184628,0.3610990180509618,7.373447293520088
2026,4,2026_04_NYJ_CHI,00-0036290,Cole Kmet,TE,CHI,NYJ,receiving_yards,19.64163975884137,19.64163975884137,17.46666666666667,1.0,26.765,2,NOT_LISTED,True,,,,,,,2.8333333333333335,0.09678095425221861,0.3610990180509618,7.373447293520088
2026,4,2026_04_ARI_NYG,00-0036309,Darnell Mooney,WR,NYG,ARI,receiving_yards,29.05917628490986,29.05917628490986,30.6,1.0,26.765,3,NOT_LISTED,True,,,,-1.5,44.5,21.5,3.3333333333333335,0.12462158714060338,0.4183825236167109,8.078343249365084
2026,4,2026_04_MIA_MIN,00-0036322,Justin Jefferson,WR,MIN,MIA,receiving_yards,62.31093281814181,62.31093281814181,62.133333333333326,1.0,26.765,3,NOT_LISTED,True,,,,10.5,38.5,24.5,6.833333333333333,0.3097882387127238,0.2970156808353054,8.294035817905499
2026,4,2026_04_DAL_HOU,00-0036358,CeeDee Lamb,WR,DAL,HOU,receiving_yards,73.01931807600626,73.01931807600626,89.13333333333333,1.0,26.765,3,NOT_LISTED,True,,,,-2.5,47.5,22.5,7.166666666666667,0.21616588099319514,-0.05329620780805669,6.869098200247393
2026,4,2026_04_PIT_CLE,00-0036407,Jerry Jeudy,WR,CLE,PIT,receiving_yards,32.404331270795005,32.404331270795005,17.333333333333332,1.0,26.765,2,NOT_LISTED,True,,,,-2.5,38.5,18.0,4.333333333333333,0.1803990055275703,0.0071385299620301094,7.528189974513988
2026,4,2026_04_JAX_CIN,00-0036410,Tee Higgins,WR,CIN,JAX,receiving_yards,68.88906628258421,68.88906628258421,77.0,1.0,26.765,3,NOT_LISTED,True,,,,2.5,51.5,27.0,6.666666666666667,0.19556197881874504,-0.20520928997199728,6.24414557087707
2026,4,2026_04_DEN_SF,00-0036422,Adam Trautman,TE,DEN,SF,receiving_yards,17.493202095031744,17.493202095031744,17.6,1.0,26.765,1,NOT_LISTED,True,,,,-3.0,46.5,21.75,2.5,0.06778985760279997,0.08104121145253797,6.462440824282929
2026,4,2026_04_TEN_BAL,00-0036550,Rashod Bateman,WR,BAL,TEN,receiving_yards,34.77522957579055,34.77522957579055,35.33333333333333,1.0,26.765,3,NOT_LISTED,True,,,,11.5,43.5,27.5,3.1666666666666665,0.12382009752699409,0.21290571501572417,7.715394682755548
2026,4,2026_04_DAL_HOU,00-0036554,Nico Collins,WR,HOU,DAL,receiving_yards,71.12838545607721,71.12838545607721,71.19999999999999,1.0,26.765,1,NOT_LISTED,True,,,,2.5,47.5,25.0,7.5,0.24191079276863592,0.4566265974358147,8.294990306332075
2026,4,2026_04_DET_CAR,00-0036555,Chuba Hubbard,RB,CAR,DET,receiving_yards,18.995790910282448,18.995790910282448,21.866666666666667,1.0,26.765,3,NOT_LISTED,True,,,,-3.5,50.5,23.5,2.5,0.08129254389928015,0.046762111453013525,6.618602662226315
2026,4,2026_04_DEN_SF,00-0036613,Jaylen Waddle,WR,DEN,SF,receiving_yards,53.92320384986016,53.92320384986016,46.53333333333333,1.0,26.765,3,NOT_LISTED,True,,,,-3.0,46.5,21.75,5.666666666666667,0.19856511263630286,0.08104121145253797,6.462440824282929
2026,4,2026_04_IND_WAS,00-0036626,Dyami Brown,WR,WAS,IND,receiving_yards,17.65364315410756,17.65364315410756,6.133333333333334,1.0,26.765,3,NOT_LISTED,True,,,,-3.5,47.5,22.0,1.8333333333333333,0.059413674796780204,0.21503762182351374,7.779132808247871
2026,4,2026_04_KC_LV,00-0036637,Noah Gray,TE,KC,LV,receiving_yards,16.695551628497206,16.695551628497206,13.866666666666665,1.0,26.765,3,NOT_LISTED,True,,,,4.5,47.5,26.0,1.8333333333333333,0.06839287720480845,0.041559814667308986,6.342968945033892
2026,4,2026_04_DET_CAR,00-0036754,Brock Wright,TE,DET,CAR,receiving_yards,12.656308695403858,12.656308695403858,5.666666666666666,1.0,26.765,3,NOT_LISTED,True,,,,3.5,50.5,27.0,2.5,0.07018579283541083,0.023856623892729287,6.372339045009886
2026,4,2026_04_LA_PHI,00-0036849,Tutu Atwell,WR,LA,PHI,receiving_yards,20.188779646548525,20.188779646548525,21.4,1.0,26.765,1,NOT_LISTED,True,,,,,,,2.3333333333333335,0.06085227103533739,-0.18142734002187402,5.187511362654284
2026,4,2026_04_NE_BUF,00-0036875,Rhamondre Stevenson,RB,NE,BUF,receiving_yards,20.476095743219044,20.476095743219044,23.733333333333334,1.0,26.765,3,NOT_LISTED,True,,,,-7.0,48.5,20.75,3.5,0.12670250896057347,-0.0641388451855085,5.709809483536949
2026,4,2026_04_PIT_CLE,00-0036894,Pat Freiermuth,TE,PIT,CLE,receiving_yards,36.21047304495764,36.21047304495764,37.733333333333334,1.0,26.765,3,NOT_LISTED,True,,,,2.5,38.5,20.5,4.666666666666667,0.12555619750017036,-0.08423039483594258,6.089775462972362
2026,4,2026_04_JAX_CIN,00-0036900,Ja'Marr Chase,WR,CIN,JAX,receiving_yards,70.72587080368343,70.72587080368343,67.0,1.0,26.765,3,NOT_LISTED,True,,,,2.5,51.5,27.0,9.166666666666666,0.2705029734890915,-0.20520928997199728,6.24414557087707
2026,4,2026_04_LA_PHI,00-0036912,DeVonta Smith,WR,PHI,LA,receiving_yards,59.89604863843184,59.89604863843184,67.0,1.0,26.765,2,NOT_LISTED,True,,,,,,,6.333333333333333,0.23116219667943805,0.0046368558908046476,6.1933821568941125
2026,4,2026_04_GB_TB,00-0036919,Kenny Gainwell,RB,TB,GB,receiving_yards,17.96980480008277,17.96980480008277,16.133333333333333,1.0,26.765,3,NOT_LISTED,True,,,,-3.5,39.5,18.0,5.0,0.1329950650126089,0.20452516411601107,6.882638075432193
2026,4,2026_04_DET_CAR,00-0036963,Amon-Ra St. Brown,WR,DET,CAR,receiving_yards,79.83157904815425,79.83157904815425,78.2,1.0,26.765,3,NOT_LISTED,True,,,,3.5,50.5,27.0,12.0,0.33286059834564025,0.023856623892729287,6.372339045009886
2026,4,2026_04_ATL_NO,00-0036970,Kyle Pitts,TE,ATL,NO,receiving_yards,24.714755232040563,24.714755232040563,14.066666666666668,1.0,26.765,3,NOT_LISTED,True,,,,-3.0,48.5,22.75,4.5,0.15851136276463784,-0.04629397600082815,5.5767448424048975
2026,4,2026_04_ATL_NO,00-0036973,Travis Etienne,RB,NO,ATL,receiving_yards,18.478995378936013,18.478995378936013,16.133333333333333,1.0,26.765,3,NOT_LISTED,True,,,,3.0,48.5,25.75,3.6666666666666665,0.09029553525521267,0.04409527183471819,6.5884093431633834
2026,4,2026_04_NE_BUF,00-0036988,Josh Palmer,WR,BUF,NE,receiving_yards,24.18629717595997,24.18629717595997,22.8,1.0,26.765,2,NOT_LISTED,True,,,,7.0,48.5,27.75,2.1666666666666665,0.07979982979982979,-0.036498719212946125,5.855741600353669
2026,4,2026_04_DAL_HOU,00-0036997,Javonte Williams,RB,DAL,HOU,receiving_yards,18.011258284691202,18.011258284691202,15.533333333333335,1.0,26.765,3,NOT_LISTED,True,,,,-2.5,47.5,22.5,2.8333333333333335,0.08666741338112305,-0.05329620780805669,6.869098200247393
2026,4,2026_04_ARI_NYG,00-0037004,Hunter Long,TE,ARI,NYG,receiving_yards,9.470195423143855,9.470195423143855,4.066666666666666,1.0,26.765,3,NOT_LISTED,True,,,,1.5,44.5,23.0,1.6666666666666667,0.04102790826195082,0.043533341972193766,7.033330172346716
2026,4,2026_04_DET_CAR,00-0037005,Tommy Tremble,TE,CAR,DET,receiving_yards,22.848257536916137,22.848257536916137,22.0,1.0,26.765,3,NOT_LISTED,True,,,,-3.5,50.5,23.5,2.8333333333333335,0.08633456070600283,0.046762111453013525,6.618602662226315
2026,4,2026_04_DEN_SF,00-0037085,Tyler Badie,RB,DEN,SF,receiving_yards,12.552778401508448,12.552778401508448,18.333333333333332,1.0,26.765,2,NOT_LISTED,True,,,,-3.0,46.5,21.75,1.6666666666666667,0.05318837557027937,0.08104121145253797,6.462440824282929
2026,4,2026_04_ARI_NYG,00-0037157,Bam Knight,RB,ARI,NYG,receiving_yards,8.451172359828027,8.451172359828027,9.933333333333334,1.0,26.765,1,NOT_LISTED,True,,,,1.5,44.5,23.0,3.0,0.06626149017453366,0.043533341972193766,7.033330172346716
2026,4,2026_04_PIT_CLE,00-0037228,Jaylen Warren,RB,PIT,CLE,receiving_yards,20.178148106590193,20.178148106590193,32.06666666666666,1.0,26.765,3,NOT_LISTED,True,,,,2.5,38.5,20.5,3.5,0.09426174515308643,-0.08423039483594258,6.089775462972362
2026,4,2026_04_ATL_NO,00-0037231,Kevin Austin Jr.,WR,NO,ATL,receiving_yards,23.254849354847025,23.254849354847025,29.0,1.0,26.765,1,NOT_LISTED,True,,,,3.0,48.5,25.75,4.0,0.1217752368758755,0.04409527183471819,6.5884093431633834
2026,4,2026_04_ATL_NO,00-0037238,Drake London,WR,ATL,NO,receiving_yards,64.85791402091984,64.85791402091984,80.33333333333333,1.0,26.765,3,NOT_LISTED,True,,,,-3.0,48.5,22.75,6.166666666666667,0.2347600052299161,-0.04629397600082815,5.5767448424048975
2026,4,2026_04_ATL_NO,00-0037239,Chris Olave,WR,NO,ATL,receiving_yards,88.05024167999122,88.05024167999122,123.46666666666667,1.0,26.765,3,NOT_LISTED,True,,,,3.0,48.5,25.75,12.0,0.3209425866612437,0.04409527183471819,6.5884093431633834
2026,4,2026_04_DET_CAR,00-0037240,Jameson Williams,WR,DET,CAR,receiving_yards,46.057367490196704,46.057367490196704,45.93333333333334,1.0,26.765,3,NOT_LISTED,True,,,,3.5,50.5,27.0,6.166666666666667,0.160635344648283,0.023856623892729287,6.372339045009886
2026,4,2026_04_DAL_HOU,00-0037247,George Pickens,WR,DAL,HOU,receiving_yards,60.67060698367074,60.67060698367074,54.46666666666667,1.0,26.765,3,NOT_LISTED,True,,,,-2.5,47.5,22.5,7.0,0.21393969793776946,-0.05329620780805669,6.869098200247393
2026,4,2026_04_NE_BUF,00-0037248,James Cook,RB,BUF,NE,receiving_yards,14.405383368736064,14.405383368736064,5.6,1.0,26.765,3,NOT_LISTED,True,,,,7.0,48.5,27.75,2.3333333333333335,0.0867974617974618,-0.036498719212946125,5.855741600353669
2026,4,2026_04_MIA_MIN,00-0037252,Greg Dulcich,TE,MIA,MIN,receiving_yards,27.8134422441703,27.8134422441703,33.0,1.0,26.765,3,NOT_LISTED,True,,,,-10.5,38.5,14.0,4.166666666666667,0.1578918453231297,-0.3895311558079154,4.972574478768719
2026,4,2026_04_IND_WAS,00-0037256,Rachaad White,RB,WAS,IND,receiving_yards,15.864772335850265,15.864772335850265,16.266666666666666,1.0,26.765,3,NOT_LISTED,True,,,,-3.5,47.5,22.0,2.5,0.08252217919560718,0.21503762182351374,7.779132808247871
2026,4,2026_04_NE_BUF,00-0037261,Khalil Shakir,WR,BUF,NE,receiving_yards,41.78358095521981,41.78358095521981,34.0,1.0,26.765,3,NOT_LISTED,True,,,,7.0,48.5,27.75,5.333333333333333,0.20436045436045436,-0.036498719212946125,5.855741600353669
2026,4,2026_04_ARI_NYG,00-0037263,Tyler Allgeier,RB,ARI,NYG,receiving_yards,11.38923157960901,11.38923157960901,7.2666666666666675,1.0,26.765,3,NOT_LISTED,True,,,,1.5,44.5,23.0,1.8333333333333333,0.05117592705828,0.043533341972193766,7.033330172346716
2026,4,2026_04_KC_LV,00-0037291,Jalen Nailor,WR,LV,KC,receiving_yards,26.28843546971437,26.28843546971437,17.133333333333333,1.0,26.765,3,NOT_LISTED,True,,,,-4.5,47.5,21.5,2.8333333333333335,0.10570786035553652,-0.0785363433343548,5.615357225311249
2026,4,2026_04_LAC_SEA,00-0037545,Rashid Shaheed,WR,SEA,LAC,receiving_yards,24.900642475764577,24.900642475764577,14.8,1.0,26.765,3,NOT_LISTED,True,,,,7.0,43.5,25.25,2.5,0.08860283981251722,-0.008965228139102822,6.915104348263071
2026,4,2026_04_DET_CAR,00-0037614,John Metchie III,WR,CAR,DET,receiving_yards,23.684666123119577,23.684666123119577,15.066666666666666,1.0,26.765,2,NOT_LISTED,True,,,,-3.5,50.5,23.5,3.6666666666666665,0.11632077073253544,0.046762111453013525,6.618602662226315
2026,4,2026_04_IND_WAS,00-0037664,Alec Pierce,WR,IND,WAS,receiving_yards,41.12727928749691,41.12727928749691,61.2,1.0,26.765,2,NOT_LISTED,True,,,,3.5,47.5,25.5,4.0,0.12905625664246353,0.16400236417261138,6.91052262618625
2026,4,2026_04_NYJ_CHI,00-0037740,Garrett Wilson,WR,NYJ,CHI,receiving_yards,67.5967658059268,67.5967658059268,70.4,1.0,26.765,3,NOT_LISTED,True,,,,,,,8.0,0.30998389694041867,0.13520879635727642,7.414350257940411
2026,4,2026_04_ATL_NO,00-0037741,Jahan Dotson,WR,ATL,NO,receiving_yards,29.489554371505026,29.489554371505026,14.466666666666665,1.0,26.765,3,NOT_LISTED,True,,,,-3.0,48.5,22.75,3.6666666666666665,0.13359311941316507,-0.04629397600082815,5.5767448424048975
2026,4,2026_04_IND_WAS,00-0037742,Treylon Burks,WR,WAS,IND,receiving_yards,20.70030509980926,20.70030509980926,9.4,1.0,26.765,2,NOT_LISTED,True,,,,-3.5,47.5,22.0,2.6666666666666665,0.12947380706668632,0.21503762182351374,7.779132808247871
2026,4,2026_04_ARI_NYG,00-0037744,Trey McBride,TE,ARI,NYG,receiving_yards,67.89051276954775,67.89051276954775,67.46666666666667,1.0,26.765,3,NOT_LISTED,True,,,,1.5,44.5,23.0,10.5,0.3148286103458517,0.043533341972193766,7.033330172346716
2026,4,2026_04_NYJ_CHI,00-0037755,Jelani Woods,TE,NYJ,CHI,receiving_yards,15.068419332398523,15.068419332398523,11.133333333333333,1.0,26.765,1,NOT_LISTED,True,,,,,,,2.8333333333333335,0.09370299045544145,0.13520879635727642,7.414350257940411
2026,4,2026_04_DAL_HOU,00-0037801,KaVontae Turpin,WR,DAL,HOU,receiving_yards,13.945241237815631,13.945241237815631,11.200000000000001,1.0,26.765,3,NOT_LISTED,True,,,,-2.5,47.5,22.5,1.5,0.04659822866344606,-0.05329620780805669,6.869098200247393
2026,4,2026_04_NYJ_CHI,00-0037805,Jeremy Ruckert,TE,NYJ,CHI,receiving_yards,17.545196498667174,17.545196498667174,14.733333333333334,1.0,26.765,3,NOT_LISTED,True,,,,,,,2.6666666666666665,0.08040133323860946,0.13520879635727642,7.414350257940411
2026,4,2026_04_IND_WAS,00-0037809,Chig Okonkwo,TE,WAS,IND,receiving_yards,31.134448662225154,31.134448662225154,25.93333333333333,1.0,26.765,1,NOT_LISTED,True,,,,-3.5,47.5,22.0,5.166666666666667,0.1755803243159565,0.21503762182351374,7.779132808247871
2026,4,2026_04_NE_BUF,00-0037816,Romeo Doubs,WR,NE,BUF,receiving_yards,37.49051790038891,37.49051790038891,50.8,1.0,26.765,3,NOT_LISTED,True,,,,-7.0,48.5,20.75,3.8333333333333335,0.14565284178187402,-0.0641388451855085,5.709809483536949
2026,4,2026_04_ARI_NYG,00-0037838,Isaiah Likely,TE,NYG,ARI,receiving_yards,41.79139877108675,41.79139877108675,37.0,1.0,26.765,3,NOT_LISTED,True,,,,-1.5,44.5,21.5,4.666666666666667,0.1823507276473808,0.4183825236167109,8.078343249365084
2026,4,2026_04_LA_PHI,00-0037840,Kyren Williams,RB,LA,PHI,receiving_yards,23.63461264427277,23.63461264427277,33.2,1.0,26.765,3,NOT_LISTED,True,,,,,,,4.333333333333333,0.11068389818389819,-0.18142734002187402,5.187511362654284
2026,4,2026_04_DAL_HOU,00-0038041,Jake Ferguson,TE,DAL,HOU,receiving_yards,23.289696571303125,23.289696571303125,21.2,1.0,26.765,3,NOT_LISTED,True,,,,-2.5,47.5,22.5,3.1666666666666665,0.09803516700431146,-0.05329620780805669,6.869098200247393
2026,4,2026_04_GB_TB,00-0038090,Skyy Moore,WR,GB,TB,receiving_yards,17.568052005762162,17.568052005762162,11.4,1.0,26.765,3,NOT_LISTED,True,,,,3.5,39.5,21.5,2.0,0.0493343680209806,0.10369834161496254,6.834640966894004
2026,4,2026_04_KC_LV,00-0038104,Tyquan Thornton,WR,KC,LV,receiving_yards,27.85357819378656,27.85357819378656,33.2,1.0,26.765,3,NOT_LISTED,True,,,,4.5,47.5,26.0,2.1666666666666665,0.07057134223585883,0.041559814667308986,6.342968945033892
2026,4,2026_04_TEN_BAL,00-0038115,Daniel Bellinger,TE,TEN,BAL,receiving_yards,12.608639103782128,12.608639103782128,11.733333333333333,1.0,26.765,3,NOT_LISTED,True,,,,-11.5,43.5,16.0,2.1666666666666665,0.07145667654034794,0.14538458240198826,7.145316852678761
2026,4,2026_04_TEN_BAL,00-0038117,Wan'Dale Robinson,WR,TEN,BAL,receiving_yards,50.59050006876808,50.59050006876808,40.13333333333333,1.0,26.765,3,NOT_LISTED,True,,,,-11.5,43.5,16.0,8.0,0.3015783029981813,0.14538458240198826,7.145316852678761
2026,4,2026_04_NYJ_CHI,00-0038120,Breece Hall,RB,NYJ,CHI,receiving_yards,20.566363941771346,20.566363941771346,29.93333333333333,1.0,26.765,3,NOT_LISTED,True,,,,,,,3.0,0.0922773396798333,0.13520879635727642,7.414350257940411
2026,4,2026_04_GB_TB,00-0038124,Christian Watson,WR,GB,TB,receiving_yards,64.1029443841214,64.1029443841214,86.33333333333334,1.0,26.765,3,NOT_LISTED,True,,,,3.5,39.5,21.5,7.666666666666667,0.23404627751483734,0.10369834161496254,6.834640966894004
2026,4,2026_04_GB_TB,00-0038129,Cade Otton,TE,TB,GB,receiving_yards,38.71696489585507,38.71696489585507,41.46666666666667,1.0,26.765,3,NOT_LISTED,True,,,,-3.5,39.5,18.0,5.333333333333333,0.18640532307198976,0.20452516411601107,6.882638075432193
2026,4,2026_04_KC_LV,00-0038134,Kenneth Walker III,RB,KC,LV,receiving_yards,30.06544089747326,30.06544089747326,28.93333333333333,1.0,26.765,3,NOT_LISTED,True,,,,4.5,47.5,26.0,4.5,0.147843014265272,0.041559814667308986,6.342968945033892
2026,4,2026_04_LA_PHI,00-0038359,Xavier Smith,WR,LA,PHI,receiving_yards,10.186957782522313,10.186957782522313,8.666666666666668,1.0,26.765,3,NOT_LISTED,True,,,,,,,1.8333333333333333,0.04928678678678678,-0.18142734002187402,5.187511362654284
2026,4,2026_04_LA_PHI,00-0038393,Dontayvion Wicks,WR,PHI,LA,receiving_yards,40.9613646559514,40.9613646559514,48.53333333333333,1.0,26.765,2,NOT_LISTED,True,,,,,,,3.6666666666666665,0.12975949488119873,0.0046368558908046476,6.1933821568941125
2026,4,2026_04_ATL_NO,00-0038542,Bijan Robinson,RB,ATL,NO,receiving_yards,39.96736726212165,39.96736726212165,40.53333333333333,1.0,26.765,3,NOT_LISTED,True,,,,-3.0,48.5,22.75,6.333333333333333,0.2609723301736728,-0.04629397600082815,5.5767448424048975
2026,4,2026_04_LAC_SEA,00-0038543,Jaxon Smith-Njigba,WR,SEA,LAC,receiving_yards,86.8376777805981,86.8376777805981,124.80000000000001,1.0,26.765,3,NOT_LISTED,True,,,,7.0,43.5,25.25,11.5,0.39685116257696906,-0.008965228139102822,6.915104348263071
2026,4,2026_04_LAC_SEA,00-0038544,Quentin Johnston,WR,LAC,SEA,receiving_yards,43.7896695643863,43.7896695643863,31.066666666666663,1.0,26.765,3,NOT_LISTED,True,,,,-7.0,43.5,18.25,5.5,0.19390313727620878,-0.19963303984856215,4.850609177049269
2026,4,2026_04_PIT_CLE,00-0038558,Darnell Washington,TE,PIT,CLE,receiving_yards,18.824438108177787,18.824438108177787,29.6,1.0,26.765,3,NOT_LISTED,True,,,,2.5,38.5,20.5,3.0,0.09076762104492721,-0.08423039483594258,6.089775462972362
2026,4,2026_04_ARI_NYG,00-0038559,Michael Wilson,WR,ARI,NYG,receiving_yards,62.18674496002254,62.18674496002254,59.46666666666667,1.0,26.765,3,NOT_LISTED,True,,,,1.5,44.5,23.0,8.666666666666666,0.24554946761843313,0.043533341972193766,7.033330172346716
2026,4,2026_04_KC_LV,00-0038563,Tre Tucker,WR,LV,KC,receiving_yards,48.33678218696015,48.33678218696015,58.53333333333333,1.0,26.765,3,NOT_LISTED,True,,,,-4.5,47.5,21.5,5.333333333333333,0.197495225081432,-0.0785363433343548,5.615357225311249
2026,4,2026_04_JAX_CIN,00-0038597,Chase Brown,RB,CIN,JAX,receiving_yards,22.776475438318023,22.776475438318023,15.266666666666666,1.0,26.765,3,NOT_LISTED,True,,,,2.5,51.5,27.0,4.333333333333333,0.12827517511428427,-0.20520928997199728,6.24414557087707
2026,4,2026_04_JAX_CIN,00-0038606,Parker Washington,WR,JAX,CIN,receiving_yards,71.1851522656998,71.1851522656998,82.06666666666666,1.0,26.765,3,NOT_LISTED,True,,,,-2.5,51.5,24.5,8.666666666666666,0.29096300601676944,0.03005865103866144,7.002237840782786
2026,4,2026_04_DAL_HOU,00-0038608,Kayshon Boutte,WR,HOU,DAL,receiving_yards,23.46756870392828,23.46756870392828,25.733333333333334,1.0,26.765,3,NOT_LISTED,True,,,,2.5,47.5,25.0,2.8333333333333335,0.09182286182286181,0.4566265974358147,8.294990306332075
2026,4,2026_04_DAL_HOU,00-0038618,Xavier Hutchinson,WR,HOU,DAL,receiving_yards,46.73994279818061,46.73994279818061,39.266666666666666,1.0,26.765,3,NOT_LISTED,True,,,,2.5,47.5,25.0,5.833333333333333,0.1796331463978523,0.4566265974358147,8.294990306332075
2026,4,2026_04_JAX_CIN,00-0038619,Andrei Iosivas,WR,CIN,JAX,receiving_yards,17.762337473974718,17.762337473974718,11.866666666666667,1.0,26.765,2,NOT_LISTED,True,,,,2.5,51.5,27.0,2.5,0.07354912519448621,-0.20520928997199728,6.24414557087707
2026,4,2026_04_NE_BUF,00-0038621,DeMario Douglas,WR,NE,BUF,receiving_yards,29.127394729284816,29.127394729284816,20.866666666666667,1.0,26.765,3,NOT_LISTED,True,,,,-7.0,48.5,20.75,3.5,0.12755504352278546,-0.0641388451855085,5.709809483536949
2026,4,2026_04_DAL_HOU,00-0038728,Jared Wayne,WR,HOU,DAL,receiving_yards,26.501843625771205,26.501843625771205,21.5,1.0,26.765,3,NOT_LISTED,True,,,,2.5,47.5,25.0,3.5,0.09491465149359887,0.4566265974358147,8.294990306332075
2026,4,2026_04_DEN_SF,00-0038783,Nate Adkins,TE,DEN,SF,receiving_yards,14.994728746398389,14.994728746398389,12.0,1.0,26.765,3,NOT_LISTED,True,,,,-3.0,46.5,21.75,1.6666666666666667,0.04799417702701084,0.08104121145253797,6.462440824282929
2026,4,2026_04_DET_CAR,00-0038840,Brycen Tremayne,WR,CAR,DET,receiving_yards,21.914923308513213,21.914923308513213,23.933333333333334,1.0,26.765,3,NOT_LISTED,True,,,,-3.5,50.5,23.5,1.5,0.04285714285714285,0.046762111453013525,6.618602662226315
2026,4,2026_04_NE_BUF,00-0038933,Dalton Kincaid,TE,BUF,NE,receiving_yards,47.937508878525165,47.937508878525165,75.6,1.0,26.765,3,NOT_LISTED,True,,,,7.0,48.5,27.75,4.166666666666667,0.15532153032153032,-0.036498719212946125,5.855741600353669
2026,4,2026_04_JAX_CIN,00-0038935,Brenton Strange,TE,JAX,CIN,receiving_yards,32.247418196749635,32.247418196749635,28.866666666666667,1.0,26.765,3,NOT_LISTED,True,,,,-2.5,51.5,24.5,4.666666666666667,0.15469240361713477,0.03005865103866144,7.002237840782786
2026,4,2026_04_DEN_SF,00-0038976,Marvin Mims Jr.,WR,DEN,SF,receiving_yards,12.675520025462376,12.675520025462376,9.333333333333334,1.0,26.765,1,NOT_LISTED,True,,,,-3.0,46.5,21.75,2.8333333333333335,0.08650634329982156,0.08104121145253797,6.462440824282929
2026,4,2026_04_MIA_MIN,00-0038994,Jordan Addison,WR,MIN,MIA,receiving_yards,43.889522698830504,43.889522698830504,31.866666666666667,1.0,26.765,3,NOT_LISTED,True,,,,10.5,38.5,24.5,3.8333333333333335,0.1686629617522066,0.2970156808353054,8.294035817905499
2026,4,2026_04_GB_TB,00-0038996,Tucker Kraft,TE,GB,TB,receiving_yards,36.89366564111323,36.89366564111323,43.0,1.0,26.765,3,NOT_LISTED,True,,,,3.5,39.5,21.5,6.5,0.1850518368266847,0.10369834161496254,6.834640966894004
2026,4,2026_04_IND_WAS,00-0038997,Josh Downs,WR,IND,WAS,receiving_yards,61.93450229831602,61.93450229831602,60.266666666666666,1.0,26.765,3,NOT_LISTED,True,,,,3.5,47.5,25.5,7.0,0.21597377718067376,0.16400236417261138,6.91052262618625
2026,4,2026_04_TEN_BAL,00-0039032,Tyjae Spears,RB,TEN,BAL,receiving_yards,14.5444655608833,14.5444655608833,15.0,1.0,26.765,3,NOT_LISTED,True,,,,-11.5,43.5,16.0,3.3333333333333335,0.11915890935498778,0.14538458240198826,7.145316852678761
2026,4,2026_04_MIA_MIN,00-0039040,De'Von Achane,RB,MIA,MIN,receiving_yards,22.307170882809757,22.307170882809757,20.066666666666666,1.0,26.765,3,NOT_LISTED,True,,,,-10.5,38.5,14.0,4.0,0.1575345536614902,-0.3895311558079154,4.972574478768719
2026,4,2026_04_ARI_NYG,00-0039041,Elijah Higgins,TE,ARI,NYG,receiving_yards,15.945491074898477,15.945491074898477,19.066666666666666,1.0,26.765,2,NOT_LISTED,True,,,,1.5,44.5,23.0,2.8333333333333335,0.0873679889378619,0.043533341972193766,7.033330172346716
2026,4,2026_04_TEN_BAL,00-0039064,Zay Flowers,WR,BAL,TEN,receiving_yards,70.20356125804008,70.20356125804008,111.33333333333331,1.0,26.765,2,NOT_LISTED,True,,,,11.5,43.5,27.5,5.833333333333333,0.31993464052287585,0.21290571501572417,7.715394682755548
2026,4,2026_04_DET_CAR,00-0039065,Sam LaPorta,TE,DET,CAR,receiving_yards,44.11687364499362,44.11687364499362,49.4,1.0,26.765,3,NOT_LISTED,True,,,,3.5,50.5,27.0,5.833333333333333,0.1673310114789317,0.023856623892729287,6.372339045009886
2026,4,2026_04_KC_LV,00-0039066,Michael Mayer,TE,LV,KC,receiving_yards,36.34293424887338,36.34293424887338,32.93333333333334,1.0,26.765,3,NOT_LISTED,True,,,,-4.5,47.5,21.5,5.333333333333333,0.1941874217736287,-0.0785363433343548,5.615357225311249
2026,4,2026_04_KC_LV,00-0039067,Rashee Rice,WR,KC,LV,receiving_yards,57.3755293434499,57.3755293434499,62.46666666666667,1.0,26.765,3,NOT_LISTED,True,,,,4.5,47.5,26.0,8.0,0.2713946611965335,0.041559814667308986,6.342968945033892
2026,4,2026_04_LA_PHI,00-0039074,Davis Allen,TE,LA,PHI,receiving_yards,12.74143159836353,12.74143159836353,13.733333333333334,1.0,26.765,3,NOT_LISTED,True,,,,,,,2.5,0.06134195195911988,-0.18142734002187402,5.187511362654284
2026,4,2026_04_LA_PHI,00-0039075,Puka Nacua,WR,LA,PHI,receiving_yards,80.609803171245,80.609803171245,90.73333333333335,1.0,26.765,1,NOT_LISTED,True,,,,,,,11.333333333333334,0.31434235593828125,-0.18142734002187402,5.187511362654284
2026,4,2026_04_DET_CAR,00-0039139,Jahmyr Gibbs,RB,DET,CAR,receiving_yards,43.01526811956249,43.01526811956249,49.733333333333334,1.0,26.765,3,NOT_LISTED,True,,,,3.5,50.5,27.0,7.0,0.18152218747909865,0.023856623892729287,6.372339045009886
2026,4,2026_04_GB_TB,00-0039146,Jayden Reed,WR,GB,TB,receiving_yards,26.43605012477679,26.43605012477679,25.4,1.0,26.765,2,NOT_LISTED,True,,,,3.5,39.5,21.5,4.166666666666667,0.13917707812760285,0.10369834161496254,6.834640966894004
2026,4,2026_04_ARI_NYG,00-0039337,Malik Nabers,WR,NYG,ARI,receiving_yards,52.680095670868994,52.680095670868994,38.93333333333334,1.0,26.765,3,NOT_LISTED,True,,,,-1.5,44.5,21.5,7.0,0.238232074438971,0.4183825236167109,8.078343249365084
2026,4,2026_04_KC_LV,00-0039338,Brock Bowers,TE,LV,KC,receiving_yards,66.6764083079439,66.6764083079439,58.13333333333333,1.0,26.765,1,NOT_LISTED,True,,,,-4.5,47.5,21.5,7.333333333333333,0.25921356421356423,-0.0785363433343548,5.615357225311249
2026,4,2026_04_DET_CAR,00-0039342,Xavier Legette,WR,CAR,DET,receiving_yards,27.32263164202297,27.32263164202297,26.53333333333333,1.0,26.765,2,NOT_LISTED,True,,,,-3.5,50.5,23.5,2.8333333333333335,0.10192501731875546,0.046762111453013525,6.618602662226315
2026,4,2026_04_DAL_HOU,00-0039359,Cade Stover,TE,HOU,DAL,receiving_yards,12.808987847102806,12.808987847102806,6.2666666666666675,1.0,26.765,1,NOT_LISTED,True,,,,2.5,47.5,25.0,2.1666666666666665,0.07266734656440539,0.4566265974358147,8.294990306332075
2026,4,2026_04_GB_TB,00-0039361,Bucky Irving,RB,TB,GB,receiving_yards,19.053618315237678,19.053618315237678,18.066666666666666,1.0,26.765,3,NOT_LISTED,True,,,,-3.5,39.5,18.0,3.8333333333333335,0.120338303671637,0.20452516411601107,6.882638075432193
2026,4,2026_04_ARI_NYG,00-0039384,Tyrone Tracy Jr.,RB,NYG,ARI,receiving_yards,7.094697530292661,7.094697530292661,3.8666666666666667,1.0,26.765,3,NOT_LISTED,True,,,,-1.5,44.5,21.5,2.1666666666666665,0.08401027851458887,0.4183825236167109,8.078343249365084
2026,4,2026_04_DAL_HOU,00-0039410,Ryan Flournoy,WR,DAL,HOU,receiving_yards,38.80439379131187,38.80439379131187,26.266666666666666,1.0,26.765,3,NOT_LISTED,True,,,,-2.5,47.5,22.5,5.333333333333333,0.17276444822903447,-0.05329620780805669,6.869098200247393
2026,4,2026_04_ATL_NO,00-0039424,Devaughn Vele,WR,NO,ATL,receiving_yards,56.074155199299085,56.074155199299085,59.333333333333336,1.0,26.765,3,NOT_LISTED,True,,,,3.0,48.5,25.75,6.833333333333333,0.20344490463679266,0.04409527183471819,6.5884093431633834
2026,4,2026_04_NYJ_CHI,00-0039451,Isaiah Williams,WR,NYJ,CHI,receiving_yards,24.8124086325481,24.8124086325481,21.8,1.0,26.765,3,NOT_LISTED,True,,,,,,,4.166666666666667,0.14296322668285583,0.13520879635727642,7.414350257940411
2026,4,2026_04_DET_CAR,00-0039491,Jalen Coker,WR,CAR,DET,receiving_yards,58.36330454877755,58.36330454877755,66.53333333333333,1.0,26.765,3,NOT_LISTED,True,,,,-3.5,50.5,23.5,6.0,0.1885092881238517,0.046762111453013525,6.618602662226315
2026,4,2026_04_PIT_CLE,00-0039739,Roman Wilson,WR,PIT,CLE,receiving_yards,35.894734723086174,35.894734723086174,31.53333333333333,1.0,26.765,3,NOT_LISTED,True,,,,2.5,38.5,20.5,4.0,0.1215111612775684,-0.08423039483594258,6.089775462972362
2026,4,2026_04_LAC_SEA,00-0039793,AJ Barner,TE,SEA,LAC,receiving_yards,26.864252729124374,26.864252729124374,31.066666666666666,1.0,26.765,3,NOT_LISTED,True,,,,7.0,43.5,25.25,4.0,0.12435208161014615,-0.008965228139102822,6.915104348263071
2026,4,2026_04_GB_TB,00-0039811,MarShawn Lloyd,RB,GB,TB,receiving_yards,9.341887077657235,9.341887077657235,4.199999999999999,1.0,26.765,3,NOT_LISTED,True,,,,3.5,39.5,21.5,1.75,0.05742803089405524,0.10369834161496254,6.834640966894004
2026,4,2026_04_JAX_CIN,00-0039814,Erick All,TE,CIN,JAX,receiving_yards,17.826387982430713,17.826387982430713,17.6,1.0,26.765,1,NOT_LISTED,True,,,,2.5,51.5,27.0,2.1666666666666665,0.07162788395256837,-0.20520928997199728,6.24414557087707
2026,4,2026_04_ARI_NYG,00-0039847,Theo Johnson,TE,NYG,ARI,receiving_yards,23.903049019401863,23.903049019401863,14.26666666666667,1.0,26.765,2,NOT_LISTED,True,,,,-1.5,44.5,21.5,4.0,0.15080536340678327,0.4183825236167109,8.078343249365084
2026,4,2026_04_ARI_NYG,00-0039849,Marvin Harrison Jr.,WR,ARI,NYG,receiving_yards,23.848986954615803,23.848986954615803,25.0,1.0,26.765,3,NOT_LISTED,True,,,,1.5,44.5,23.0,3.3333333333333335,0.0901252521942177,0.043533341972193766,7.033330172346716
2026,4,2026_04_GB_TB,00-0039855,Jalen McMillan,WR,TB,GB,receiving_yards,24.058834951284453,24.058834951284453,41.8,1.0,26.765,1,NOT_LISTED,True,,,,-3.5,39.5,18.0,3.6666666666666665,0.10910330261136712,0.20452516411601107,6.882638075432193
2026,4,2026_04_DEN_SF,00-0039868,Troy Franklin,WR,DEN,SF,receiving_yards,18.296953803370066,18.296953803370066,18.333333333333332,1.0,26.765,3,NOT_LISTED,True,,,,-3.0,46.5,21.75,2.3333333333333335,0.06642377332435528,0.08104121145253797,6.462440824282929
2026,4,2026_04_MIA_MIN,00-0039880,Malik Washington,WR,MIA,MIN,receiving_yards,44.160655586538965,44.160655586538965,42.733333333333334,1.0,26.765,3,NOT_LISTED,True,,,,-10.5,38.5,14.0,5.166666666666667,0.18948582466823347,-0.3895311558079154,4.972574478768719
2026,4,2026_04_NYJ_CHI,00-0039890,Adonai Mitchell,WR,NYJ,CHI,receiving_yards,55.86483288180034,55.86483288180034,41.0,1.0,26.765,2,NOT_LISTED,True,,,,,,,7.0,0.22318372342349324,0.13520879635727642,7.414350257940411
2026,4,2026_04_JAX_CIN,00-0039893,Brian Thomas Jr.,WR,JAX,CIN,receiving_yards,35.97483874480251,35.97483874480251,30.53333333333333,1.0,26.765,3,NOT_LISTED,True,,,,-2.5,51.5,24.5,4.5,0.15030037718209763,0.03005865103866144,7.002237840782786
2026,4,2026_04_KC_LV,00-0039894,Xavier Worthy,WR,KC,LV,receiving_yards,35.107592633677235,35.107592633677235,21.866666666666667,1.0,26.765,3,NOT_LISTED,True,,,,4.5,47.5,26.0,4.166666666666667,0.15157403151841978,0.041559814667308986,6.342968945033892
2026,4,2026_04_NE_BUF,00-0039901,Keon Coleman,WR,BUF,NE,receiving_yards,30.246128460719394,30.246128460719394,31.866666666666667,1.0,26.765,3,NOT_LISTED,True,,,,7.0,48.5,27.75,3.1666666666666665,0.11855435225000444,-0.036498719212946125,5.855741600353669
2026,4,2026_04_IND_WAS,00-0039912,Ben Sinnott,TE,WAS,IND,receiving_yards,13.496867217448125,13.496867217448125,7.066666666666666,1.0,26.765,2,NOT_LISTED,True,,,,-3.5,47.5,22.0,1.8333333333333333,0.08683074106835716,0.21503762182351374,7.779132808247871
2026,4,2026_04_LAC_SEA,00-0039915,Ladd McConkey,WR,LAC,SEA,receiving_yards,41.91020886715719,41.91020886715719,55.06666666666666,1.0,26.765,3,NOT_LISTED,True,,,,-7.0,43.5,18.25,4.333333333333333,0.1533909141436023,-0.19963303984856215,4.850609177049269
2026,4,2026_04_NYJ_CHI,00-0039919,Rome Odunze,WR,CHI,NYJ,receiving_yards,41.84508437227157,41.84508437227157,39.46666666666667,1.0,26.765,2,NOT_LISTED,True,,,,,,,6.333333333333333,0.20471357346357347,0.3610990180509618,7.373447293520088
2026,4,2026_04_LA_PHI,00-0040024,Darius Cooper,WR,PHI,LA,receiving_yards,18.174543244203768,18.174543244203768,19.200000000000003,1.0,26.765,2,NOT_LISTED,True,,,,,,,2.0,0.0696959272810666,0.0046368558908046476,6.1933821568941125
2026,4,2026_04_KC_LV,00-0040078,Brashard Smith,RB,KC,LV,receiving_yards,9.0073249214134,9.0073249214134,2.2,1.0,26.765,2,NOT_LISTED,True,,,,4.5,47.5,26.0,1.6666666666666667,0.07037768994290733,0.041559814667308986,6.342968945033892
2026,4,2026_04_KC_LV,00-0040122,Ashton Jeanty,RB,LV,KC,receiving_yards,29.285820666372995,29.285820666372995,31.200000000000003,1.0,26.765,3,NOT_LISTED,True,,,,-4.5,47.5,21.5,4.166666666666667,0.15048686945238668,-0.0785363433343548,5.615357225311249
2026,4,2026_04_DET_CAR,00-0040124,Tetairoa McMillan,WR,CAR,DET,receiving_yards,63.734759015340515,63.734759015340515,62.33333333333333,1.0,26.765,3,NOT_LISTED,True,,,,-3.5,50.5,23.5,7.166666666666667,0.2299830953886931,0.046762111453013525,6.618602662226315
2026,4,2026_04_NYJ_CHI,00-0040126,Colston Loveland,TE,CHI,NYJ,receiving_yards,38.28586307107915,38.28586307107915,37.53333333333333,1.0,26.765,2,NOT_LISTED,True,,,,,,,6.333333333333333,0.2065346956151554,0.3610990180509618,7.373447293520088
2026,4,2026_04_IND_WAS,00-0040128,Tyler Warren,TE,IND,WAS,receiving_yards,43.83994440725821,43.83994440725821,30.333333333333336,1.0,26.765,3,NOT_LISTED,True,,,,3.5,47.5,25.5,7.333333333333333,0.22604990794645966,0.16400236417261138,6.91052262618625
2026,4,2026_04_GB_TB,00-0040129,Emeka Egbuka,WR,TB,GB,receiving_yards,45.88369116976407,45.88369116976407,42.13333333333333,1.0,26.765,3,NOT_LISTED,True,,,,-3.5,39.5,18.0,5.0,0.16014670514670512,0.20452516411601107,6.882638075432193
2026,4,2026_04_NE_BUF,00-0040131,Kyle Williams,WR,NE,BUF,receiving_yards,16.81988577454292,16.81988577454292,16.133333333333333,1.0,26.765,3,NOT_LISTED,True,,,,-7.0,48.5,20.75,2.1666666666666665,0.07777777777777778,-0.0641388451855085,5.709809483536949
2026,4,2026_04_DEN_SF,00-0040134,Pat Bryant,WR,DEN,SF,receiving_yards,32.47833292907535,32.47833292907535,29.933333333333334,1.0,26.765,3,NOT_LISTED,True,,,,-3.0,46.5,21.75,4.333333333333333,0.137272761468728,0.08104121145253797,6.462440824282929
2026,4,2026_04_DAL_HOU,00-0040138,Jaylin Noel,WR,HOU,DAL,receiving_yards,23.328383624182973,23.328383624182973,31.4,1.0,26.765,3,NOT_LISTED,True,,,,2.5,47.5,25.0,2.3333333333333335,0.0706024156024156,0.4566265974358147,8.294990306332075
2026,4,2026_04_PIT_CLE,00-0040162,Dylan Sampson,RB,CLE,PIT,receiving_yards,10.186060728215391,10.186060728215391,11.4,1.0,26.765,1,NOT_LISTED,True,,,,-2.5,38.5,18.0,2.5,0.0996422214957684,0.0071385299620301094,7.528189974513988
2026,4,2026_04_TEN_BAL,00-0040170,Elic Ayomanor,WR,TEN,BAL,receiving_yards,35.20859115471914,35.20859115471914,33.93333333333334,1.0,26.765,3,NOT_LISTED,True,,,,-11.5,43.5,16.0,5.0,0.17008436371181468,0.14538458240198826,7.145316852678761
2026,4,2026_04_DEN_SF,00-0040172,Jordan Watkins,WR,SF,DEN,receiving_yards,23.262825628470832,23.262825628470832,28.666666666666668,1.0,26.765,1,NOT_LISTED,True,,,,3.0,46.5,24.75,1.6666666666666667,0.06163915560830007,-0.13285798017646472,5.486852398576912
2026,4,2026_04_DET_CAR,00-0040187,Mitchell Evans,TE,CAR,DET,receiving_yards,16.25625455643594,16.25625455643594,17.666666666666664,1.0,26.765,3,NOT_LISTED,True,,,,-3.5,50.5,23.5,2.1666666666666665,0.07003017604891419,0.046762111453013525,6.618602662226315
2026,4,2026_04_LAC_SEA,00-0040189,Oronde Gadsden II,TE,LAC,SEA,receiving_yards,17.633861729562778,17.633861729562778,17.46666666666667,1.0,26.765,3,NOT_LISTED,True,,,,-7.0,43.5,18.25,2.6666666666666665,0.08730008227744503,-0.19963303984856215,4.850609177049269
2026,4,2026_04_NYJ_CHI,00-0040236,Kyle Monangai,RB,CHI,NYJ,receiving_yards,14.295557801517404,14.295557801517404,16.8,1.0,26.765,2,NOT_LISTED,True,,,,,,,2.5,0.08210695222189475,0.3610990180509618,7.373447293520088
2026,4,2026_04_GB_TB,00-0040237,Tez Johnson,WR,TB,GB,receiving_yards,18.513091113777868,18.513091113777868,17.533333333333335,1.0,26.765,3,NOT_LISTED,True,,,,-3.5,39.5,18.0,1.8333333333333333,0.05771685105018439,0.20452516411601107,6.882638075432193
2026,4,2026_04_NYJ_CHI,00-0040277,Jahdae Walker,WR,CHI,NYJ,receiving_yards,16.159740697202686,16.159740697202686,19.266666666666666,1.0,26.765,1,NOT_LISTED,True,,,,,,,1.8333333333333333,0.057987032124963166,0.3610990180509618,7.373447293520088
2026,4,2026_04_PIT_CLE,00-0040466,Raheim Sanders,RB,CLE,PIT,receiving_yards,14.633875916425076,14.633875916425076,19.0,1.0,26.765,3,NOT_LISTED,True,,,,-2.5,38.5,18.0,2.1666666666666665,0.08466270712647524,0.0071385299620301094,7.528189974513988
2026,4,2026_04_DAL_HOU,00-0040583,Woody Marks,RB,HOU,DAL,receiving_yards,13.175557680976812,13.175557680976812,9.066666666666666,1.0,26.765,3,NOT_LISTED,True,,,,2.5,47.5,25.0,2.3333333333333335,0.06825908325908325,0.4566265974358147,8.294990306332075
2026,4,2026_04_TEN_BAL,00-0040584,Gunnar Helm,TE,TEN,BAL,receiving_yards,23.177562292372386,23.177562292372386,18.599999999999998,1.0,26.765,3,NOT_LISTED,True,,,,-11.5,43.5,16.0,3.3333333333333335,0.12115105301379812,0.14538458240198826,7.145316852678761
2026,4,2026_04_LA_PHI,00-0040590,Konata Mumpfield,WR,LA,PHI,receiving_yards,25.661283420560697,25.661283420560697,31.333333333333336,1.0,26.765,3,NOT_LISTED,True,,,,,,,4.166666666666667,0.09992526540145587,-0.18142734002187402,5.187511362654284
2026,4,2026_04_LAC_SEA,00-0040648,Tory Horton,WR,SEA,LAC,receiving_yards,28.205201864026193,28.205201864026193,28.866666666666667,1.0,26.765,1,NOT_LISTED,True,,,,7.0,43.5,25.25,2.8333333333333335,0.09657144466982194,-0.008965228139102822,6.915104348263071
2026,4,2026_04_PIT_CLE,00-0040663,Harold Fannin Jr.,TE,CLE,PIT,receiving_yards,47.04242299575378,47.04242299575378,41.06666666666666,1.0,26.765,3,NOT_LISTED,True,,,,-2.5,38.5,18.0,6.666666666666667,0.23285921392513256,0.0071385299620301094,7.528189974513988
2026,4,2026_04_LAC_SEA,00-0040666,Omarion Hampton,RB,LAC,SEA,receiving_yards,7.706757234023461,7.706757234023461,8.600000000000001,1.0,26.765,3,NOT_LISTED,True,,,,-7.0,43.5,18.25,2.3333333333333335,0.07919678887420822,-0.19963303984856215,4.850609177049269
2026,4,2026_04_GB_TB,00-0040667,Matthew Golden,WR,GB,TB,receiving_yards,56.435549868783994,56.435549868783994,68.8,1.0,26.765,3,NOT_LISTED,True,,,,3.5,39.5,21.5,6.166666666666667,0.20064288933964392,0.10369834161496254,6.834640966894004
2026,4,2026_04_DET_CAR,00-0040669,Isaac TeSlaa,WR,DET,CAR,receiving_yards,28.586228619303387,28.586228619303387,32.46666666666667,1.0,26.765,3,NOT_LISTED,True,,,,3.5,50.5,27.0,3.5,0.09238639390562581,0.023856623892729287,6.372339045009886
2026,4,2026_04_TEN_BAL,00-0040705,Chimere Dike,WR,TEN,BAL,receiving_yards,13.224266119183902,13.224266119183902,10.8,1.0,26.765,3,NOT_LISTED,True,,,,-11.5,43.5,16.0,2.6666666666666665,0.08559002725669392,0.14538458240198826,7.145316852678761
2026,4,2026_04_ARI_NYG,00-0040715,Cam Skattebo,RB,NYG,ARI,receiving_yards,19.65006806974956,19.65006806974956,20.0,1.0,26.765,3,NOT_LISTED,True,,,,-1.5,44.5,21.5,3.0,0.11085442335442336,0.4183825236167109,8.078343249365084
2026,4,2026_04_LAC_SEA,00-0040727,Tre Harris,WR,LAC,SEA,receiving_yards,38.32342747360644,38.32342747360644,45.733333333333334,1.0,26.765,3,NOT_LISTED,True,,,,-7.0,43.5,18.25,4.666666666666667,0.1530753799429521,-0.19963303984856215,4.850609177049269
2026,4,2026_04_KC_LV,00-0040729,Jack Bech,WR,LV,KC,receiving_yards,25.090621155955734,25.090621155955734,20.133333333333333,1.0,26.765,2,NOT_LISTED,True,,,,-4.5,47.5,21.5,3.3333333333333335,0.12574482988276095,-0.0785363433343548,5.615357225311249
2026,4,2026_04_DEN_SF,00-0040730,RJ Harvey,RB,DEN,SF,receiving_yards,25.98594599849718,25.98594599849718,25.333333333333332,1.0,26.765,2,NOT_LISTED,True,,,,-3.0,46.5,21.75,4.5,0.1416625762625646,0.08104121145253797,6.462440824282929
2026,4,2026_04_NYJ_CHI,00-0040735,Luther Burden III,WR,CHI,NYJ,receiving_yards,58.315667807064514,58.315667807064514,53.93333333333334,1.0,26.765,2,NOT_LISTED,True,,,,,,,6.333333333333333,0.21131437740633144,0.3610990180509618,7.373447293520088
2026,4,2026_04_NYJ_CHI,00-0040736,Mason Taylor,TE,NYJ,CHI,receiving_yards,27.285761386403536,27.285761386403536,22.333333333333332,1.0,26.765,1,NOT_LISTED,True,,,,,,,4.333333333333333,0.17171942692045541,0.13520879635727642,7.414350257940411
2026,4,2026_04_LA_PHI,00-0040737,Terrance Ferguson,TE,LA,PHI,receiving_yards,24.09182197058309,24.09182197058309,23.0,1.0,26.765,3,NOT_LISTED,True,,,,,,,3.6666666666666665,0.10415489782657701,-0.18142734002187402,5.187511362654284
2026,4,2026_04_PIT_CLE,00-0040782,Isaiah Bond,WR,CLE,PIT,receiving_yards,17.653475904066966,17.653475904066966,17.733333333333334,1.0,26.765,1,NOT_LISTED,True,,,,-2.5,38.5,18.0,1.6666666666666667,0.058952254408813055,0.0071385299620301094,7.528189974513988
2026,4,2026_04_PIT_CLE,00-0040784,Quinshon Judkins,RB,CLE,PIT,receiving_yards,17.329395270667714,17.329395270667714,19.666666666666668,1.0,26.765,3,NOT_LISTED,True,,,,-2.5,38.5,18.0,3.6666666666666665,0.1257407121583692,0.0071385299620301094,7.528189974513988
2026,4,2026_04_JAX_CIN,00-0040785,Dohnte Meyers,WR,CIN,JAX,receiving_yards,17.416346110858193,17.416346110858193,15.666666666666664,1.0,26.765,3,NOT_LISTED,True,,,,2.5,51.5,27.0,2.3333333333333335,0.06560165478571552,-0.20520928997199728,6.24414557087707
2026,4,2026_04_LA_PHI,00-0040867,Makai Lemon,WR,PHI,LA,receiving_yards,17.273626850842497,17.273626850842497,4.5,1.0,26.765,2,NOT_LISTED,True,,,,,,,2.5,0.10561497326203209,0.0046368558908046476,6.1933821568941125
2026,4,2026_04_TEN_BAL,00-0040879,Matthew Hibner,TE,BAL,TEN,receiving_yards,16.055431126098746,16.055431126098746,18.0,1.0,26.765,2,NOT_LISTED,True,,,,11.5,43.5,27.5,1.5,0.07083333333333333,0.21290571501572417,7.715394682755548
2026,4,2026_04_GB_TB,00-0040948,J. Michael Sturdivant,WR,GB,TB,receiving_yards,12.112794303089762,12.112794303089762,11.0,1.0,26.765,2,NOT_LISTED,True,,,,3.5,39.5,21.5,1.5,0.029411764705882353,0.10369834161496254,6.834640966894004
2026,4,2026_04_ARI_NYG,00-0041027,Jeremiyah Love,RB,ARI,NYG,receiving_yards,20.141263357562035,20.141263357562035,14.666666666666666,1.0,26.765,3,NOT_LISTED,True,,,,1.5,44.5,23.0,4.0,0.10783090783090783,0.043533341972193766,7.033330172346716
2026,4,2026_04_NYJ_CHI,00-0041032,Kenyon Sadiq,TE,NYJ,CHI,receiving_yards,37.78845621617742,37.78845621617742,47.666666666666664,1.0,26.765,3,NOT_LISTED,True,,,,,,,4.666666666666667,0.14533011272141708,0.13520879635727642,7.414350257940411
2026,4,2026_04_PIT_CLE,00-0041037,Denzel Boston,WR,CLE,PIT,receiving_yards,51.29049994859582,51.29049994859582,65.0,1.0,26.765,3,NOT_LISTED,True,,,,-2.5,38.5,18.0,5.0,0.1828282828282828,0.0071385299620301094,7.528189974513988
2026,4,2026_04_IND_WAS,00-0041040,Antonio Williams,WR,WAS,IND,receiving_yards,35.95538856299861,35.95538856299861,34.333333333333336,1.0,26.765,3,NOT_LISTED,True,,,,-3.5,47.5,22.0,3.6666666666666665,0.11983322064457969,0.21503762182351374,7.779132808247871
2026,4,2026_04_ARI_NYG,00-0041042,Malachi Fields,WR,NYG,ARI,receiving_yards,32.691025198998105,32.691025198998105,24.666666666666668,1.0,26.765,3,NOT_LISTED,True,,,,-1.5,44.5,21.5,4.0,0.14022304324028462,0.4183825236167109,8.078343249365084
2026,4,2026_04_GB_TB,00-0041048,Ted Hurst III,WR,TB,GB,receiving_yards,33.91814930074709,33.91814930074709,34.333333333333336,1.0,26.765,3,NOT_LISTED,True,,,,-3.5,39.5,18.0,4.333333333333333,0.1363155363155363,0.20452516411601107,6.882638075432193
2026,4,2026_04_ATL_NO,00-0041067,Bryce Lance,WR,NO,ATL,receiving_yards,20.39023760109901,20.39023760109901,16.666666666666668,1.0,26.765,3,NOT_LISTED,True,,,,3.0,48.5,25.75,2.6666666666666665,0.06105769230769231,0.04409527183471819,6.5884093431633834
2026,4,2026_04_MIA_MIN,00-0041436,DJ Herman,RB,MIA,MIN,receiving_yards,10.895190035133432,10.895190035133432,9.0,1.0,26.765,2,NOT_LISTED,True,,,,-10.5,38.5,14.0,1.5,0.06521739130434782,-0.3895311558079154,4.972574478768719
2026,4,2026_04_TEN_BAL,00-0041438,Carnell Tate,WR,TEN,BAL,receiving_yards,52.44984113432459,52.44984113432459,41.0,1.0,26.765,3,NOT_LISTED,True,,,,-11.5,43.5,16.0,6.666666666666667,0.25518207282913163,0.14538458240198826,7.145316852678761
2026,4,2026_04_PIT_CLE,00-0041489,Germie Bernard,WR,PIT,CLE,receiving_yards,28.73452859903163,28.73452859903163,24.5,1.0,26.765,2,NOT_LISTED,True,,,,2.5,38.5,20.5,4.5,0.12423714036617263,-0.08423039483594258,6.089775462972362
2026,4,2026_04_DEN_SF,00-0041496,Jonah Coleman,RB,DEN,SF,receiving_yards,9.69773113931626,9.69773113931626,9.5,1.0,26.765,2,NOT_LISTED,True,,,,-3.0,46.5,21.75,1.5,0.05172413793103448,0.08104121145253797,6.462440824282929
2026,4,2026_04_LAC_SEA,00-0041512,Jadarian Price,RB,SEA,LAC,receiving_yards,15.214935218216699,15.214935218216699,7.0,1.0,26.765,3,NOT_LISTED,True,,,,7.0,43.5,25.25,2.3333333333333335,0.07564102564102564,-0.008965228139102822,6.915104348263071
2026,4,2026_04_MIA_MIN,00-0041523,Caleb Douglas,WR,MIA,MIN,receiving_yards,40.05650784104263,40.05650784104263,56.5,1.0,26.765,2,NOT_LISTED,True,,,,-10.5,38.5,14.0,5.0,0.19484702093397743,-0.3895311558079154,4.972574478768719
2026,4,2026_04_MIA_MIN,00-0041525,Chris Bell,WR,MIA,MIN,receiving_yards,26.744817112659348,26.744817112659348,30.666666666666664,1.0,26.765,3,NOT_LISTED,True,,,,-10.5,38.5,14.0,3.3333333333333335,0.10585077831454644,-0.3895311558079154,4.972574478768719
2026,4,2026_04_MIA_MIN,00-0041529,Kevin Coleman Jr.,WR,MIA,MIN,receiving_yards,16.60130044472016,16.60130044472016,1.5,1.0,26.765,2,NOT_LISTED,True,,,,-10.5,38.5,14.0,3.0,0.09417989417989417,-0.3895311558079154,4.972574478768719
2026,4,2026_04_PIT_CLE,00-0041547,KC Concepcion,WR,CLE,PIT,receiving_yards,43.435736867480976,43.435736867480976,26.666666666666668,1.0,26.765,3,NOT_LISTED,True,,,,-2.5,38.5,18.0,6.666666666666667,0.24242424242424243,0.0071385299620301094,7.528189974513988
