season,week,game_id,player_id,player_name,position,team,opponent,market,projection,model_projection,recent_baseline,model_weight,historical_residual_sd,games_current_season,availability_flag,availability_ok,report_status,practice_status,primary_injury,team_spread,game_total,team_implied_points,recent_volume,usage_share,opp_matchup_eff,opp_matchup_yards
2026,3,2026_03_CIN_PIT,00-0023459,Aaron Rodgers,QB,PIT,CIN,pass_attempts,33.6088270754195,33.6088270754195,40.733333333333334,1.0,10.232,2,NOT_LISTED,True,,,,-3.5,42.5,19.5,38.833333333333336,0.9917682926829268,-0.041728589769477256,6.866920380465325
2026,3,2026_03_LA_DEN,00-0026498,Matthew Stafford,QB,LA,DEN,pass_attempts,35.244395090126446,35.244395090126446,33.93333333333334,1.0,10.232,2,NOT_LISTED,True,,,,1.5,44.5,23.0,36.833333333333336,0.9821428571428572,-0.13220334149319996,5.367311981367003
2026,3,2026_03_LV_NO,00-0029604,Kirk Cousins,QB,LV,NO,pass_attempts,32.4093399842823,32.4093399842823,30.866666666666667,1.0,10.232,2,NOT_LISTED,True,,,,-3.5,43.5,20.0,31.666666666666668,1.0,-0.1147346961968356,5.442485583145638
2026,3,2026_03_NYJ_DET,00-0030565,Geno Smith,QB,NYJ,DET,pass_attempts,35.39181424128415,35.39181424128415,29.266666666666666,1.0,10.232,2,NOT_LISTED,True,,,,-7.0,49.5,21.25,26.666666666666668,0.9315972222222223,0.08251010435421066,6.638245519369171
2026,3,2026_03_TEN_NYG,00-0031503,Jameis Winston,QB,NYG,TEN,pass_attempts,13.728800088141831,13.728800088141831,23.4,1.0,10.232,1,NOT_LISTED,True,,,,2.5,37.5,20.0,26.5,0.7631740196078431,0.2637448253876611,8.079561349422214
2026,3,2026_03_SEA_WAS,00-0032268,Marcus Mariota,QB,WAS,SEA,pass_attempts,24.13615577700628,24.13615577700628,18.666666666666664,1.0,10.232,1,NOT_LISTED,True,,,,-8.5,40.5,16.0,22.166666666666668,0.7054175293305728,-0.3213544122013914,4.620662652985098
2026,3,2026_03_MIN_TB,00-0032950,Carson Wentz,QB,MIN,TB,pass_attempts,30.114601839298288,30.114601839298288,25.733333333333334,1.0,10.232,2,NOT_LISTED,True,,,,1.5,42.5,22.0,31.333333333333332,0.939010496671787,0.16811077653967452,7.074224300227337
2026,3,2026_03_BAL_DAL,00-0033077,Dak Prescott,QB,DAL,BAL,pass_attempts,33.16694481794259,33.16694481794259,27.266666666666666,1.0,10.232,2,NOT_LISTED,True,,,,-3.0,53.5,25.25,30.166666666666668,0.8993055555555557,0.12110709483111504,6.998002374214828
2026,3,2026_03_NYJ_DET,00-0033106,Jared Goff,QB,DET,NYJ,pass_attempts,35.21115022468056,35.21115022468056,40.0,1.0,10.232,2,NOT_LISTED,True,,,,7.0,49.5,28.25,40.5,1.0,0.337387465014253,7.220190990999079
2026,3,2026_03_ARI_SF,00-0033119,Jacoby Brissett,QB,ARI,SF,pass_attempts,32.82500357990338,32.82500357990338,32.8,1.0,10.232,2,NOT_LISTED,True,,Full Participation in Practice,,-7.5,48.5,20.5,34.0,0.9947916666666666,0.016085585143643485,6.518459342801448
2026,3,2026_03_CAR_CLE,00-0033537,Deshaun Watson,QB,CLE,CAR,pass_attempts,28.840086988061792,28.840086988061792,23.93333333333333,1.0,10.232,2,NOT_LISTED,True,,,,-2.5,41.5,19.5,25.333333333333332,0.8820733863837313,0.003381293981345925,6.580790749555341
2026,3,2026_03_ATL_GB,00-0033662,Cooper Rush,QB,ATL,GB,pass_attempts,25.355674934773784,25.355674934773784,17.666666666666664,1.0,10.232,2,NOT_LISTED,True,,,,-4.5,43.5,19.5,15.166666666666666,0.5806688205585265,0.20452516411601107,6.882638075432193
2026,3,2026_03_KC_MIA,00-0033873,Patrick Mahomes,QB,KC,MIA,pass_attempts,37.74465665184334,37.74465665184334,34.733333333333334,1.0,10.232,2,NOT_LISTED,True,,Full Participation in Practice,,10.0,45.5,27.75,35.833333333333336,0.9747474747474748,0.19644870863920197,7.724095341715023
2026,3,2026_03_BAL_DAL,00-0034796,Lamar Jackson,QB,BAL,DAL,pass_attempts,26.401662139097155,26.401662139097155,23.53333333333333,1.0,10.232,2,NOT_LISTED,True,,,,3.0,53.5,28.25,21.833333333333332,0.9166666666666666,0.42990659843334866,8.014247063088831
2026,3,2026_03_MIN_TB,00-0034855,Baker Mayfield,QB,TB,MIN,pass_attempts,27.51043740285191,27.51043740285191,29.333333333333336,1.0,10.232,2,NOT_LISTED,True,,Full Participation in Practice,,-1.5,42.5,20.5,31.333333333333332,1.0,-0.39206113325193925,4.875093858613679
2026,3,2026_03_LAC_BUF,00-0034857,Josh Allen,QB,BUF,LAC,pass_attempts,29.005639457815754,29.005639457815754,30.333333333333336,1.0,10.232,2,NOT_LISTED,True,,,,7.0,50.5,28.75,28.333333333333332,1.0,-0.016755209667629334,6.801711491120214
2026,3,2026_03_SEA_WAS,00-0034869,Sam Darnold,QB,SEA,WAS,pass_attempts,17.669797232208154,17.669797232208154,21.333333333333332,1.0,10.232,1,NOT_LISTED,True,,Full Participation in Practice,,8.5,40.5,24.5,25.833333333333332,0.8472222222222222,0.177249707292282,6.714870452273207
2026,3,2026_03_MIN_TB,00-0035228,Kyler Murray,QB,MIN,TB,pass_attempts,19.569830984389508,19.569830984389508,26.46666666666667,1.0,10.232,1,NOT_LISTED,True,,,,1.5,42.5,22.0,27.666666666666668,0.8628472222222222,0.16811077653967452,7.074224300227337
2026,3,2026_03_SEA_WAS,00-0035704,Drew Lock,QB,SEA,WAS,pass_attempts,19.955895425579392,19.955895425579392,14.933333333333334,1.0,10.232,2,NOT_LISTED,True,,,,8.5,40.5,24.5,13.333333333333334,0.5099206349206349,0.177249707292282,6.714870452273207
2026,3,2026_03_HOU_IND,00-0035710,Daniel Jones,QB,IND,HOU,pass_attempts,28.344993692848647,28.344993692848647,24.0,1.0,10.232,2,NOT_LISTED,True,,,,-1.5,41.5,20.0,25.5,0.8657407407407408,-0.029050199888240563,7.032044628818822
2026,3,2026_03_ATL_GB,00-0036264,Jordan Love,QB,GB,ATL,pass_attempts,35.34311799908325,35.34311799908325,38.266666666666666,1.0,10.232,3,NOT_LISTED,True,,,,4.5,43.5,24.0,33.666666666666664,0.923611111111111,0.04409527183471819,6.5884093431633834
2026,3,2026_03_LAC_BUF,00-0036355,Justin Herbert,QB,LAC,BUF,pass_attempts,31.797248699222287,31.797248699222287,28.53333333333333,1.0,10.232,2,NOT_LISTED,True,,,,-7.0,50.5,21.75,28.333333333333332,1.0,-0.10135847527851205,5.510087261314727
2026,3,2026_03_PHI_CHI,00-0036389,Jalen Hurts,QB,PHI,CHI,pass_attempts,27.989010152884276,27.989010152884276,29.400000000000002,1.0,10.232,2,NOT_LISTED,True,,,,4.5,41.5,23.0,29.0,0.9722222222222223,0.13520879635727642,7.414350257940411
2026,3,2026_03_CIN_PIT,00-0036442,Joe Burrow,QB,CIN,PIT,pass_attempts,32.877204327745744,32.877204327745744,34.8,1.0,10.232,2,NOT_LISTED,True,,,,3.5,42.5,23.0,34.5,0.9718013468013469,-0.011718475554776432,7.269036656436184
2026,3,2026_03_NE_JAX,00-0036971,Trevor Lawrence,QB,JAX,NE,pass_attempts,29.95933873460877,29.95933873460877,28.866666666666667,1.0,10.232,2,NOT_LISTED,True,,,,3.0,46.5,24.75,31.166666666666668,0.9895833333333334,-0.11169973814326586,5.728818523430593
2026,3,2026_03_ARI_SF,00-0037834,Brock Purdy,QB,SF,ARI,pass_attempts,30.72979063772521,30.72979063772521,28.6,1.0,10.232,2,NOT_LISTED,True,,,,7.5,48.5,28.0,30.0,1.0,0.31951568094901506,7.511676582698416
2026,3,2026_03_KC_MIA,00-0038128,Malik Willis,QB,MIA,KC,pass_attempts,26.999328308581195,26.999328308581195,19.866666666666667,1.0,10.232,2,NOT_LISTED,True,,,,-10.0,45.5,17.75,14.166666666666666,0.5701184926184926,-0.014461983071213255,5.911831584285608
2026,3,2026_03_CAR_CLE,00-0039150,Bryce Young,QB,CAR,CLE,pass_attempts,30.73958819965919,30.73958819965919,34.13333333333333,1.0,10.232,2,NOT_LISTED,True,,,,2.5,41.5,22.0,31.333333333333332,0.9956140350877193,-0.05907408342206537,6.053959523693425
2026,3,2026_03_HOU_IND,00-0039163,C.J. Stroud,QB,HOU,IND,pass_attempts,31.65985327243932,31.65985327243932,37.06666666666666,1.0,10.232,2,NOT_LISTED,True,,,,1.5,41.5,21.5,34.666666666666664,0.9501488095238094,0.2535808651871585,8.015731907346971
2026,3,2026_03_LA_DEN,00-0039732,Bo Nix,QB,DEN,LA,pass_attempts,30.745503519059312,30.745503519059312,29.799999999999997,1.0,10.232,2,NOT_LISTED,True,,,,-1.5,44.5,21.5,33.5,1.0,0.0894779537442274,6.699550988062944
2026,3,2026_03_NE_JAX,00-0039851,Drake Maye,QB,NE,JAX,pass_attempts,28.864836038719247,28.864836038719247,25.333333333333332,1.0,10.232,2,NOT_LISTED,True,,,,-3.0,46.5,21.75,26.833333333333332,0.943030303030303,-0.21625265784259895,5.773288325539911
2026,3,2026_03_SEA_WAS,00-0039910,Jayden Daniels,QB,WAS,SEA,pass_attempts,22.20341015032311,22.20341015032311,23.6,1.0,10.232,2,OUT,False,Out,Did Not Participate In Practice,Elbow,-8.5,40.5,16.0,23.5,0.8344246031746033,-0.3213544122013914,4.620662652985098
2026,3,2026_03_ATL_GB,00-0039917,Michael Penix Jr.,QB,ATL,GB,pass_attempts,30.706627384366996,30.706627384366996,25.53333333333333,1.0,10.232,1,NOT_LISTED,True,,Full Participation in Practice,,-4.5,43.5,19.5,29.333333333333332,0.9222222222222222,0.20452516411601107,6.882638075432193
2026,3,2026_03_PHI_CHI,00-0039918,Caleb Williams,QB,CHI,PHI,pass_attempts,30.079437261821667,30.079437261821667,30.4,1.0,10.232,2,OUT,False,Out,Did Not Participate In Practice,Hamstring,-4.5,41.5,18.5,32.0,0.9571428571428572,-0.18142734002187402,5.187511362654284
2026,3,2026_03_TEN_NYG,00-0040676,Cam Ward,QB,TEN,NYG,pass_attempts,26.71453093569432,26.71453093569432,21.133333333333333,1.0,10.232,2,NOT_LISTED,True,,,,-2.5,37.5,17.5,25.333333333333332,0.8484848484848485,0.04696950411862127,7.179857950124495
2026,3,2026_03_TEN_NYG,00-0040691,Jaxson Dart,QB,NYG,TEN,pass_attempts,25.868341945832253,25.868341945832253,22.866666666666667,1.0,10.232,2,DNP,True,,Did Not Participate In Practice,,2.5,37.5,20.0,24.166666666666668,0.8498199904449905,0.2637448253876611,8.079561349422214
2026,3,2026_03_LV_NO,00-0040743,Tyler Shough,QB,NO,LV,pass_attempts,34.81894567759641,34.81894567759641,40.53333333333333,1.0,10.232,2,NOT_LISTED,True,,,,3.5,43.5,23.5,38.833333333333336,0.9916161616161615,0.09467377023976183,6.4518704601854076
2026,3,2026_03_CIN_PIT,00-0023459,Aaron Rodgers,QB,PIT,CIN,completions,23.336547832042392,23.336547832042392,25.53333333333333,1.0,6.956,2,NOT_LISTED,True,,,,-3.5,42.5,19.5,38.833333333333336,0.9917682926829268,-0.041728589769477256,6.866920380465325
2026,3,2026_03_LA_DEN,00-0026498,Matthew Stafford,QB,LA,DEN,completions,22.150256155707787,22.150256155707787,21.53333333333333,1.0,6.956,2,NOT_LISTED,True,,,,1.5,44.5,23.0,36.833333333333336,0.9821428571428572,-0.13220334149319996,5.367311981367003
2026,3,2026_03_LV_NO,00-0029604,Kirk Cousins,QB,LV,NO,completions,20.325027295390502,20.325027295390502,19.733333333333334,1.0,6.956,2,NOT_LISTED,True,,,,-3.5,43.5,20.0,31.666666666666668,1.0,-0.1147346961968356,5.442485583145638
2026,3,2026_03_NYJ_DET,00-0030565,Geno Smith,QB,NYJ,DET,completions,22.189575318365513,22.189575318365513,20.733333333333334,1.0,6.956,2,NOT_LISTED,True,,,,-7.0,49.5,21.25,26.666666666666668,0.9315972222222223,0.08251010435421066,6.638245519369171
2026,3,2026_03_TEN_NYG,00-0031503,Jameis Winston,QB,NYG,TEN,completions,5.95281081307002,5.95281081307002,11.666666666666668,1.0,6.956,1,NOT_LISTED,True,,,,2.5,37.5,20.0,26.5,0.7631740196078431,0.2637448253876611,8.079561349422214
2026,3,2026_03_SEA_WAS,00-0032268,Marcus Mariota,QB,WAS,SEA,completions,14.25189830241315,14.25189830241315,10.8,1.0,6.956,1,NOT_LISTED,True,,,,-8.5,40.5,16.0,22.166666666666668,0.7054175293305728,-0.3213544122013914,4.620662652985098
2026,3,2026_03_MIN_TB,00-0032950,Carson Wentz,QB,MIN,TB,completions,17.66771466812905,17.66771466812905,15.533333333333333,1.0,6.956,2,NOT_LISTED,True,,,,1.5,42.5,22.0,31.333333333333332,0.939010496671787,0.16811077653967452,7.074224300227337
2026,3,2026_03_BAL_DAL,00-0033077,Dak Prescott,QB,DAL,BAL,completions,22.830222124125633,22.830222124125633,18.866666666666667,1.0,6.956,2,NOT_LISTED,True,,,,-3.0,53.5,25.25,30.166666666666668,0.8993055555555557,0.12110709483111504,6.998002374214828
2026,3,2026_03_NYJ_DET,00-0033106,Jared Goff,QB,DET,NYJ,completions,24.41172315041637,24.41172315041637,26.2,1.0,6.956,2,NOT_LISTED,True,,,,7.0,49.5,28.25,40.5,1.0,0.337387465014253,7.220190990999079
2026,3,2026_03_ARI_SF,00-0033119,Jacoby Brissett,QB,ARI,SF,completions,21.79020463967057,21.79020463967057,21.866666666666667,1.0,6.956,2,NOT_LISTED,True,,Full Participation in Practice,,-7.5,48.5,20.5,34.0,0.9947916666666666,0.016085585143643485,6.518459342801448
2026,3,2026_03_CAR_CLE,00-0033537,Deshaun Watson,QB,CLE,CAR,completions,19.78057068798754,19.78057068798754,18.333333333333332,1.0,6.956,2,NOT_LISTED,True,,,,-2.5,41.5,19.5,25.333333333333332,0.8820733863837313,0.003381293981345925,6.580790749555341
2026,3,2026_03_ATL_GB,00-0033662,Cooper Rush,QB,ATL,GB,completions,15.546710788200055,15.546710788200055,10.333333333333334,1.0,6.956,2,NOT_LISTED,True,,,,-4.5,43.5,19.5,15.166666666666666,0.5806688205585265,0.20452516411601107,6.882638075432193
2026,3,2026_03_KC_MIA,00-0033873,Patrick Mahomes,QB,KC,MIA,completions,26.74525834316859,26.74525834316859,21.2,1.0,6.956,2,NOT_LISTED,True,,Full Participation in Practice,,10.0,45.5,27.75,35.833333333333336,0.9747474747474748,0.19644870863920197,7.724095341715023
2026,3,2026_03_BAL_DAL,00-0034796,Lamar Jackson,QB,BAL,DAL,completions,18.4387996606118,18.4387996606118,15.333333333333332,1.0,6.956,2,NOT_LISTED,True,,,,3.0,53.5,28.25,21.833333333333332,0.9166666666666666,0.42990659843334866,8.014247063088831
2026,3,2026_03_MIN_TB,00-0034855,Baker Mayfield,QB,TB,MIN,completions,17.530501090702153,17.530501090702153,20.666666666666668,1.0,6.956,2,NOT_LISTED,True,,Full Participation in Practice,,-1.5,42.5,20.5,31.333333333333332,1.0,-0.39206113325193925,4.875093858613679
2026,3,2026_03_LAC_BUF,00-0034857,Josh Allen,QB,BUF,LAC,completions,19.50433122460527,19.50433122460527,20.333333333333332,1.0,6.956,2,NOT_LISTED,True,,,,7.0,50.5,28.75,28.333333333333332,1.0,-0.016755209667629334,6.801711491120214
2026,3,2026_03_SEA_WAS,00-0034869,Sam Darnold,QB,SEA,WAS,completions,9.996121382738608,9.996121382738608,14.666666666666668,1.0,6.956,1,NOT_LISTED,True,,Full Participation in Practice,,8.5,40.5,24.5,25.833333333333332,0.8472222222222222,0.177249707292282,6.714870452273207
2026,3,2026_03_MIN_TB,00-0035228,Kyler Murray,QB,MIN,TB,completions,15.563512389959001,15.563512389959001,18.133333333333333,1.0,6.956,1,NOT_LISTED,True,,,,1.5,42.5,22.0,27.666666666666668,0.8628472222222222,0.16811077653967452,7.074224300227337
2026,3,2026_03_SEA_WAS,00-0035704,Drew Lock,QB,SEA,WAS,completions,12.322895820162543,12.322895820162543,10.933333333333334,1.0,6.956,2,NOT_LISTED,True,,,,8.5,40.5,24.5,13.333333333333334,0.5099206349206349,0.177249707292282,6.714870452273207
2026,3,2026_03_HOU_IND,00-0035710,Daniel Jones,QB,IND,HOU,completions,18.120300909539345,18.120300909539345,15.733333333333333,1.0,6.956,2,NOT_LISTED,True,,,,-1.5,41.5,20.0,25.5,0.8657407407407408,-0.029050199888240563,7.032044628818822
2026,3,2026_03_ATL_GB,00-0036264,Jordan Love,QB,GB,ATL,completions,20.700649131116624,20.700649131116624,20.6,1.0,6.956,3,NOT_LISTED,True,,,,4.5,43.5,24.0,33.666666666666664,0.923611111111111,0.04409527183471819,6.5884093431633834
2026,3,2026_03_LAC_BUF,00-0036355,Justin Herbert,QB,LAC,BUF,completions,19.446994236572415,19.446994236572415,17.733333333333334,1.0,6.956,2,NOT_LISTED,True,,,,-7.0,50.5,21.75,28.333333333333332,1.0,-0.10135847527851205,5.510087261314727
2026,3,2026_03_PHI_CHI,00-0036389,Jalen Hurts,QB,PHI,CHI,completions,18.580002634120866,18.580002634120866,17.8,1.0,6.956,2,NOT_LISTED,True,,,,4.5,41.5,23.0,29.0,0.9722222222222223,0.13520879635727642,7.414350257940411
2026,3,2026_03_CIN_PIT,00-0036442,Joe Burrow,QB,CIN,PIT,completions,21.424411184638508,21.424411184638508,24.666666666666668,1.0,6.956,2,NOT_LISTED,True,,,,3.5,42.5,23.0,34.5,0.9718013468013469,-0.011718475554776432,7.269036656436184
2026,3,2026_03_NE_JAX,00-0036971,Trevor Lawrence,QB,JAX,NE,completions,20.184370021516102,20.184370021516102,19.6,1.0,6.956,2,NOT_LISTED,True,,,,3.0,46.5,24.75,31.166666666666668,0.9895833333333334,-0.11169973814326586,5.728818523430593
2026,3,2026_03_ARI_SF,00-0037834,Brock Purdy,QB,SF,ARI,completions,21.487172565407263,21.487172565407263,21.866666666666667,1.0,6.956,2,NOT_LISTED,True,,,,7.5,48.5,28.0,30.0,1.0,0.31951568094901506,7.511676582698416
2026,3,2026_03_KC_MIA,00-0038128,Malik Willis,QB,MIA,KC,completions,16.35269640010978,16.35269640010978,13.333333333333332,1.0,6.956,2,NOT_LISTED,True,,,,-10.0,45.5,17.75,14.166666666666666,0.5701184926184926,-0.014461983071213255,5.911831584285608
2026,3,2026_03_CAR_CLE,00-0039150,Bryce Young,QB,CAR,CLE,completions,20.39976274294243,20.39976274294243,22.0,1.0,6.956,2,NOT_LISTED,True,,,,2.5,41.5,22.0,31.333333333333332,0.9956140350877193,-0.05907408342206537,6.053959523693425
2026,3,2026_03_HOU_IND,00-0039163,C.J. Stroud,QB,HOU,IND,completions,21.23495719552482,21.23495719552482,22.73333333333333,1.0,6.956,2,NOT_LISTED,True,,,,1.5,41.5,21.5,34.666666666666664,0.9501488095238094,0.2535808651871585,8.015731907346971
2026,3,2026_03_LA_DEN,00-0039732,Bo Nix,QB,DEN,LA,completions,20.61253095823463,20.61253095823463,19.266666666666666,1.0,6.956,2,NOT_LISTED,True,,,,-1.5,44.5,21.5,33.5,1.0,0.0894779537442274,6.699550988062944
2026,3,2026_03_NE_JAX,00-0039851,Drake Maye,QB,NE,JAX,completions,18.7248230268017,18.7248230268017,17.866666666666667,1.0,6.956,2,NOT_LISTED,True,,,,-3.0,46.5,21.75,26.833333333333332,0.943030303030303,-0.21625265784259895,5.773288325539911
2026,3,2026_03_SEA_WAS,00-0039910,Jayden Daniels,QB,WAS,SEA,completions,14.103194021454389,14.103194021454389,13.266666666666666,1.0,6.956,2,OUT,False,Out,Did Not Participate In Practice,Elbow,-8.5,40.5,16.0,23.5,0.8344246031746033,-0.3213544122013914,4.620662652985098
2026,3,2026_03_ATL_GB,00-0039917,Michael Penix Jr.,QB,ATL,GB,completions,19.95647943286139,19.95647943286139,15.666666666666668,1.0,6.956,1,NOT_LISTED,True,,Full Participation in Practice,,-4.5,43.5,19.5,29.333333333333332,0.9222222222222222,0.20452516411601107,6.882638075432193
2026,3,2026_03_PHI_CHI,00-0039918,Caleb Williams,QB,CHI,PHI,completions,17.89193029971943,17.89193029971943,19.0,1.0,6.956,2,OUT,False,Out,Did Not Participate In Practice,Hamstring,-4.5,41.5,18.5,32.0,0.9571428571428572,-0.18142734002187402,5.187511362654284
2026,3,2026_03_TEN_NYG,00-0040676,Cam Ward,QB,TEN,NYG,completions,17.102233201389083,17.102233201389083,13.333333333333332,1.0,6.956,2,NOT_LISTED,True,,,,-2.5,37.5,17.5,25.333333333333332,0.8484848484848485,0.04696950411862127,7.179857950124495
2026,3,2026_03_TEN_NYG,00-0040691,Jaxson Dart,QB,NYG,TEN,completions,16.35030840978483,16.35030840978483,16.066666666666666,1.0,6.956,2,DNP,True,,Did Not Participate In Practice,,2.5,37.5,20.0,24.166666666666668,0.8498199904449905,0.2637448253876611,8.079561349422214
2026,3,2026_03_LV_NO,00-0040743,Tyler Shough,QB,NO,LV,completions,22.90097212110117,22.90097212110117,27.866666666666667,1.0,6.956,2,NOT_LISTED,True,,,,3.5,43.5,23.5,38.833333333333336,0.9916161616161615,0.09467377023976183,6.4518704601854076
2026,3,2026_03_CIN_PIT,00-0023459,Aaron Rodgers,QB,PIT,CIN,passing_yards,229.16565614472773,229.16565614472773,231.06666666666666,1.0,82.801,2,NOT_LISTED,True,,,,-3.5,42.5,19.5,38.833333333333336,0.9917682926829268,-0.041728589769477256,6.866920380465325
2026,3,2026_03_LA_DEN,00-0026498,Matthew Stafford,QB,LA,DEN,passing_yards,262.70633623741446,262.70633623741446,270.5333333333333,1.0,82.801,2,NOT_LISTED,True,,,,1.5,44.5,23.0,36.833333333333336,0.9821428571428572,-0.13220334149319996,5.367311981367003
2026,3,2026_03_LV_NO,00-0029604,Kirk Cousins,QB,LV,NO,passing_yards,226.51913658727227,226.51913658727227,204.53333333333333,1.0,82.801,2,NOT_LISTED,True,,,,-3.5,43.5,20.0,31.666666666666668,1.0,-0.1147346961968356,5.442485583145638
2026,3,2026_03_NYJ_DET,00-0030565,Geno Smith,QB,NYJ,DET,passing_yards,252.84098329864776,252.84098329864776,202.26666666666665,1.0,82.801,2,NOT_LISTED,True,,,,-7.0,49.5,21.25,26.666666666666668,0.9315972222222223,0.08251010435421066,6.638245519369171
2026,3,2026_03_TEN_NYG,00-0031503,Jameis Winston,QB,NYG,TEN,passing_yards,63.96218134284701,63.96218134284701,164.46666666666664,1.0,82.801,1,NOT_LISTED,True,,,,2.5,37.5,20.0,26.5,0.7631740196078431,0.2637448253876611,8.079561349422214
2026,3,2026_03_SEA_WAS,00-0032268,Marcus Mariota,QB,WAS,SEA,passing_yards,150.45035894148623,150.45035894148623,147.0,1.0,82.801,1,NOT_LISTED,True,,,,-8.5,40.5,16.0,22.166666666666668,0.7054175293305728,-0.3213544122013914,4.620662652985098
2026,3,2026_03_MIN_TB,00-0032950,Carson Wentz,QB,MIN,TB,passing_yards,210.90555756940103,210.90555756940103,171.93333333333334,1.0,82.801,2,NOT_LISTED,True,,,,1.5,42.5,22.0,31.333333333333332,0.939010496671787,0.16811077653967452,7.074224300227337
2026,3,2026_03_BAL_DAL,00-0033077,Dak Prescott,QB,DAL,BAL,passing_yards,255.45936062854017,255.45936062854017,196.06666666666666,1.0,82.801,2,NOT_LISTED,True,,,,-3.0,53.5,25.25,30.166666666666668,0.8993055555555557,0.12110709483111504,6.998002374214828
2026,3,2026_03_NYJ_DET,00-0033106,Jared Goff,QB,DET,NYJ,passing_yards,278.93696751675094,278.93696751675094,290.3333333333333,1.0,82.801,2,NOT_LISTED,True,,,,7.0,49.5,28.25,40.5,1.0,0.337387465014253,7.220190990999079
2026,3,2026_03_ARI_SF,00-0033119,Jacoby Brissett,QB,ARI,SF,passing_yards,228.63873740355234,228.63873740355234,208.26666666666665,1.0,82.801,2,NOT_LISTED,True,,Full Participation in Practice,,-7.5,48.5,20.5,34.0,0.9947916666666666,0.016085585143643485,6.518459342801448
2026,3,2026_03_CAR_CLE,00-0033537,Deshaun Watson,QB,CLE,CAR,passing_yards,195.37910108535476,195.37910108535476,183.53333333333336,1.0,82.801,2,NOT_LISTED,True,,,,-2.5,41.5,19.5,25.333333333333332,0.8820733863837313,0.003381293981345925,6.580790749555341
2026,3,2026_03_ATL_GB,00-0033662,Cooper Rush,QB,ATL,GB,passing_yards,160.02135388110906,160.02135388110906,95.66666666666666,1.0,82.801,2,NOT_LISTED,True,,,,-4.5,43.5,19.5,15.166666666666666,0.5806688205585265,0.20452516411601107,6.882638075432193
2026,3,2026_03_KC_MIA,00-0033873,Patrick Mahomes,QB,KC,MIA,passing_yards,261.18781953438173,261.18781953438173,252.86666666666667,1.0,82.801,2,NOT_LISTED,True,,Full Participation in Practice,,10.0,45.5,27.75,35.833333333333336,0.9747474747474748,0.19644870863920197,7.724095341715023
2026,3,2026_03_BAL_DAL,00-0034796,Lamar Jackson,QB,BAL,DAL,passing_yards,231.00859818766514,231.00859818766514,243.86666666666667,1.0,82.801,2,NOT_LISTED,True,,,,3.0,53.5,28.25,21.833333333333332,0.9166666666666666,0.42990659843334866,8.014247063088831
2026,3,2026_03_MIN_TB,00-0034855,Baker Mayfield,QB,TB,MIN,passing_yards,195.58710953058414,195.58710953058414,211.46666666666667,1.0,82.801,2,NOT_LISTED,True,,Full Participation in Practice,,-1.5,42.5,20.5,31.333333333333332,1.0,-0.39206113325193925,4.875093858613679
2026,3,2026_03_LAC_BUF,00-0034857,Josh Allen,QB,BUF,LAC,passing_yards,234.7161269890263,234.7161269890263,263.3333333333333,1.0,82.801,2,NOT_LISTED,True,,,,7.0,50.5,28.75,28.333333333333332,1.0,-0.016755209667629334,6.801711491120214
2026,3,2026_03_SEA_WAS,00-0034869,Sam Darnold,QB,SEA,WAS,passing_yards,129.7656415941457,129.7656415941457,148.13333333333333,1.0,82.801,1,NOT_LISTED,True,,Full Participation in Practice,,8.5,40.5,24.5,25.833333333333332,0.8472222222222222,0.177249707292282,6.714870452273207
2026,3,2026_03_MIN_TB,00-0035228,Kyler Murray,QB,MIN,TB,passing_yards,163.84768225789674,163.84768225789674,152.93333333333334,1.0,82.801,1,NOT_LISTED,True,,,,1.5,42.5,22.0,27.666666666666668,0.8628472222222222,0.16811077653967452,7.074224300227337
2026,3,2026_03_SEA_WAS,00-0035704,Drew Lock,QB,SEA,WAS,passing_yards,150.52709825723838,150.52709825723838,122.73333333333332,1.0,82.801,2,NOT_LISTED,True,,,,8.5,40.5,24.5,13.333333333333334,0.5099206349206349,0.177249707292282,6.714870452273207
2026,3,2026_03_HOU_IND,00-0035710,Daniel Jones,QB,IND,HOU,passing_yards,197.211266435864,197.211266435864,158.73333333333335,1.0,82.801,2,NOT_LISTED,True,,,,-1.5,41.5,20.0,25.5,0.8657407407407408,-0.029050199888240563,7.032044628818822
2026,3,2026_03_ATL_GB,00-0036264,Jordan Love,QB,GB,ATL,passing_yards,250.07840631934693,250.07840631934693,264.2,1.0,82.801,3,NOT_LISTED,True,,,,4.5,43.5,24.0,33.666666666666664,0.923611111111111,0.04409527183471819,6.5884093431633834
2026,3,2026_03_LAC_BUF,00-0036355,Justin Herbert,QB,LAC,BUF,passing_yards,235.59093676545098,235.59093676545098,213.13333333333335,1.0,82.801,2,NOT_LISTED,True,,,,-7.0,50.5,21.75,28.333333333333332,1.0,-0.10135847527851205,5.510087261314727
2026,3,2026_03_PHI_CHI,00-0036389,Jalen Hurts,QB,PHI,CHI,passing_yards,223.8554072261408,223.8554072261408,193.86666666666667,1.0,82.801,2,NOT_LISTED,True,,,,4.5,41.5,23.0,29.0,0.9722222222222223,0.13520879635727642,7.414350257940411
2026,3,2026_03_CIN_PIT,00-0036442,Joe Burrow,QB,CIN,PIT,passing_yards,244.04377733991396,244.04377733991396,241.8,1.0,82.801,2,NOT_LISTED,True,,,,3.5,42.5,23.0,34.5,0.9718013468013469,-0.011718475554776432,7.269036656436184
2026,3,2026_03_NE_JAX,00-0036971,Trevor Lawrence,QB,JAX,NE,passing_yards,234.00210297176386,234.00210297176386,241.86666666666667,1.0,82.801,2,NOT_LISTED,True,,,,3.0,46.5,24.75,31.166666666666668,0.9895833333333334,-0.11169973814326586,5.728818523430593
2026,3,2026_03_ARI_SF,00-0037834,Brock Purdy,QB,SF,ARI,passing_yards,259.2977463729999,259.2977463729999,224.60000000000002,1.0,82.801,2,NOT_LISTED,True,,,,7.5,48.5,28.0,30.0,1.0,0.31951568094901506,7.511676582698416
2026,3,2026_03_KC_MIA,00-0038128,Malik Willis,QB,MIA,KC,passing_yards,191.92188692491726,191.92188692491726,196.93333333333334,1.0,82.801,2,NOT_LISTED,True,,,,-10.0,45.5,17.75,14.166666666666666,0.5701184926184926,-0.014461983071213255,5.911831584285608
2026,3,2026_03_CAR_CLE,00-0039150,Bryce Young,QB,CAR,CLE,passing_yards,213.7737878429653,213.7737878429653,270.93333333333334,1.0,82.801,2,NOT_LISTED,True,,,,2.5,41.5,22.0,31.333333333333332,0.9956140350877193,-0.05907408342206537,6.053959523693425
2026,3,2026_03_HOU_IND,00-0039163,C.J. Stroud,QB,HOU,IND,passing_yards,232.5141541388766,232.5141541388766,258.3333333333333,1.0,82.801,2,NOT_LISTED,True,,,,1.5,41.5,21.5,34.666666666666664,0.9501488095238094,0.2535808651871585,8.015731907346971
2026,3,2026_03_LA_DEN,00-0039732,Bo Nix,QB,DEN,LA,passing_yards,214.86751818904452,214.86751818904452,205.06666666666666,1.0,82.801,2,NOT_LISTED,True,,,,-1.5,44.5,21.5,33.5,1.0,0.0894779537442274,6.699550988062944
2026,3,2026_03_NE_JAX,00-0039851,Drake Maye,QB,NE,JAX,passing_yards,221.8336262919987,221.8336262919987,206.60000000000002,1.0,82.801,2,NOT_LISTED,True,,,,-3.0,46.5,21.75,26.833333333333332,0.943030303030303,-0.21625265784259895,5.773288325539911
2026,3,2026_03_SEA_WAS,00-0039910,Jayden Daniels,QB,WAS,SEA,passing_yards,148.23969543741296,148.23969543741296,124.8,1.0,82.801,2,OUT,False,Out,Did Not Participate In Practice,Elbow,-8.5,40.5,16.0,23.5,0.8344246031746033,-0.3213544122013914,4.620662652985098
2026,3,2026_03_ATL_GB,00-0039917,Michael Penix Jr.,QB,ATL,GB,passing_yards,230.34282978816054,230.34282978816054,209.6,1.0,82.801,1,NOT_LISTED,True,,Full Participation in Practice,,-4.5,43.5,19.5,29.333333333333332,0.9222222222222222,0.20452516411601107,6.882638075432193
2026,3,2026_03_PHI_CHI,00-0039918,Caleb Williams,QB,CHI,PHI,passing_yards,200.19411375978223,200.19411375978223,219.86666666666667,1.0,82.801,2,OUT,False,Out,Did Not Participate In Practice,Hamstring,-4.5,41.5,18.5,32.0,0.9571428571428572,-0.18142734002187402,5.187511362654284
2026,3,2026_03_TEN_NYG,00-0040676,Cam Ward,QB,TEN,NYG,passing_yards,183.58916970414742,183.58916970414742,143.26666666666665,1.0,82.801,2,NOT_LISTED,True,,,,-2.5,37.5,17.5,25.333333333333332,0.8484848484848485,0.04696950411862127,7.179857950124495
2026,3,2026_03_TEN_NYG,00-0040691,Jaxson Dart,QB,NYG,TEN,passing_yards,178.26330265879582,178.26330265879582,160.4,1.0,82.801,2,DNP,True,,Did Not Participate In Practice,,2.5,37.5,20.0,24.166666666666668,0.8498199904449905,0.2637448253876611,8.079561349422214
2026,3,2026_03_LV_NO,00-0040743,Tyler Shough,QB,NO,LV,passing_yards,249.876601102263,249.876601102263,306.4666666666667,1.0,82.801,2,NOT_LISTED,True,,,,3.5,43.5,23.5,38.833333333333336,0.9916161616161615,0.09467377023976183,6.4518704601854076
2026,3,2026_03_LV_NO,00-0029604,Kirk Cousins,QB,LV,NO,rush_attempts,2.5634919118307105,2.3043648897883884,3.6,0.8,4.388,2,NOT_LISTED,True,,,,-3.5,43.5,20.0,3.0,0.09308405584267654,-0.07507712174354708,4.092218943690718
2026,3,2026_03_NYJ_DET,00-0030565,Geno Smith,QB,NYJ,DET,rush_attempts,2.9752594080532386,2.8690742600665486,3.4,0.8,4.388,2,NOT_LISTED,True,,,,-7.0,49.5,21.25,2.5,0.09724596391263057,0.0987977070976031,5.061558451924832
2026,3,2026_03_TEN_NYG,00-0031503,Jameis Winston,QB,NYG,TEN,rush_attempts,2.279392006827709,2.2992400085346363,2.2,0.8,4.388,1,NOT_LISTED,True,,,,2.5,37.5,20.0,2.5,0.08866461024355761,-0.10456401475868302,3.3122231217035996
2026,3,2026_03_NE_JAX,00-0032104,Ameer Abdullah,RB,JAX,NE,rush_attempts,3.6988014324586462,4.023501790573308,2.4,0.8,4.388,2,NOT_LISTED,True,,,,3.0,46.5,24.75,2.0,0.06984126984126984,-0.03964233640831741,4.474202080397733
2026,3,2026_03_SEA_WAS,00-0032268,Marcus Mariota,QB,WAS,SEA,rush_attempts,2.9407734264960843,2.609300116453439,4.266666666666667,0.8,4.388,1,NOT_LISTED,True,,,,-8.5,40.5,16.0,4.666666666666667,0.1418634591188939,-0.19741692162862853,3.804198748357904
2026,3,2026_03_BAL_DAL,00-0032764,Derrick Henry,RB,BAL,DAL,rush_attempts,20.562536147593818,20.619836851158936,20.333333333333336,0.8,4.388,2,NOT_LISTED,True,,,,3.0,53.5,28.25,20.833333333333332,0.6332825464114772,0.07666950527472992,5.1609660704429725
2026,3,2026_03_MIN_TB,00-0032950,Carson Wentz,QB,MIN,TB,rush_attempts,2.4183039334843284,2.3395465835220772,2.7333333333333334,0.8,4.388,2,NOT_LISTED,True,,,,1.5,42.5,22.0,2.8333333333333335,0.10975825112653757,-0.15911849383647617,3.9636137350471587
2026,3,2026_03_BAL_DAL,00-0033077,Dak Prescott,QB,DAL,BAL,rush_attempts,2.794426117620416,2.8430326470255203,2.5999999999999996,0.8,4.388,2,NOT_LISTED,True,,,,-3.0,53.5,25.25,2.5,0.09676705658714653,-0.11452311987683957,3.635372405894498
2026,3,2026_03_ARI_SF,00-0033119,Jacoby Brissett,QB,ARI,SF,rush_attempts,2.7765162695234107,2.7373120035709304,2.9333333333333336,0.8,4.388,2,NOT_LISTED,True,,Full Participation in Practice,,-7.5,48.5,20.5,2.3333333333333335,0.10360492022896116,0.013439506606062177,4.599853469667151
2026,3,2026_03_ARI_SF,00-0033280,Christian McCaffrey,RB,SF,ARI,rush_attempts,11.836162008069312,11.828535843419973,11.866666666666667,0.8,4.388,2,NOT_LISTED,True,,Full Participation in Practice,,7.5,48.5,28.0,15.666666666666666,0.5505346136442378,-0.025580651208790987,4.35315551726842
2026,3,2026_03_MIN_TB,00-0033293,Aaron Jones,RB,MIN,TB,rush_attempts,15.29235985128387,14.79878314743817,17.266666666666666,0.8,4.388,2,NOT_LISTED,True,,Full Participation in Practice,,1.5,42.5,22.0,16.666666666666668,0.5558303966747989,-0.15911849383647617,3.9636137350471587
2026,3,2026_03_NE_JAX,00-0033319,Nick Mullens,QB,JAX,NE,rush_attempts,2.660517069655622,2.5923130037361943,2.9333333333333336,0.8,4.388,1,NOT_LISTED,True,,,,3.0,46.5,24.75,2.8333333333333335,0.10300925925925926,-0.03964233640831741,4.474202080397733
2026,3,2026_03_CIN_PIT,00-0033526,Samaje Perine,RB,CIN,PIT,rush_attempts,5.143694561862985,5.029618202328731,5.6,0.8,4.388,2,NOT_LISTED,True,,,,3.5,42.5,23.0,6.5,0.2383075637598376,-0.09540711141969871,4.052129701791111
2026,3,2026_03_CAR_CLE,00-0033537,Deshaun Watson,QB,CLE,CAR,rush_attempts,6.00641522628727,6.258019032859087,5.0,0.8,4.388,2,NOT_LISTED,True,,,,-2.5,41.5,19.5,5.0,0.22106405671623064,0.07309595580440487,4.962078498073564
2026,3,2026_03_KC_MIA,00-0033873,Patrick Mahomes,QB,KC,MIA,rush_attempts,3.6934011280124297,3.65008474334887,3.8666666666666667,0.8,4.388,2,NOT_LISTED,True,,Full Participation in Practice,,10.0,45.5,27.75,4.166666666666667,0.13629820122642392,0.014827791906498933,4.071541475723461
2026,3,2026_03_LV_NO,00-0033906,Alvin Kamara,RB,NO,LV,rush_attempts,9.362744086429204,9.053430108036505,10.6,0.8,4.388,1,NOT_LISTED,True,,,,3.5,43.5,23.5,9.5,0.41845017286193764,-0.1280111315583914,4.148287727907532
2026,3,2026_03_BAL_DAL,00-0034796,Lamar Jackson,QB,BAL,DAL,rush_attempts,4.540519872024597,4.492316506697414,4.733333333333333,0.8,4.388,2,NOT_LISTED,True,,,,3.0,53.5,28.25,4.333333333333333,0.13968248551581885,0.07666950527472992,5.1609660704429725
2026,3,2026_03_PHI_CHI,00-0034844,Saquon Barkley,RB,PHI,CHI,rush_attempts,12.862615195577092,12.494935661138033,14.333333333333332,0.8,4.388,2,NOT_LISTED,True,,Full Participation in Practice,,4.5,41.5,23.0,16.833333333333332,0.5569168993292898,-0.031200573550013756,4.679871632996633
2026,3,2026_03_MIN_TB,00-0034855,Baker Mayfield,QB,TB,MIN,rush_attempts,4.109023252742654,4.136279065928317,4.0,0.8,4.388,2,NOT_LISTED,True,,Full Participation in Practice,,-1.5,42.5,20.5,3.5,0.143234126984127,-0.18230842360794905,3.8716198226491594
2026,3,2026_03_LAC_BUF,00-0034857,Josh Allen,QB,BUF,LAC,rush_attempts,8.002155489865853,7.752694362332317,9.0,0.8,4.388,2,NOT_LISTED,True,,,,7.0,50.5,28.75,9.0,0.2892909703254531,-0.26819146190113974,3.2452353701390924
2026,3,2026_03_SEA_WAS,00-0034869,Sam Darnold,QB,SEA,WAS,rush_attempts,1.9396032415217812,1.6578373852355601,3.0666666666666664,0.8,4.388,1,NOT_LISTED,True,,Full Participation in Practice,,8.5,40.5,24.5,3.1666666666666665,0.10906371406371407,0.08299072922762653,4.6573588293555765
2026,3,2026_03_MIN_TB,00-0035228,Kyler Murray,QB,MIN,TB,rush_attempts,3.8745178660145805,3.776480665851559,4.266666666666667,0.8,4.388,1,NOT_LISTED,True,,,,1.5,42.5,22.0,5.166666666666667,0.21376650044668977,-0.15911849383647617,3.9636137350471587
2026,3,2026_03_TEN_NYG,00-0035250,Devin Singletary,RB,NYG,TEN,rush_attempts,5.810540352742562,5.663175440928201,6.4,0.8,4.388,2,NOT_LISTED,True,,,,2.5,37.5,20.0,7.0,0.23056904681974202,-0.10456401475868302,3.3122231217035996
2026,3,2026_03_TEN_NYG,00-0035261,Tony Pollard,RB,TEN,NYG,rush_attempts,14.095112664207901,14.40222416359321,12.866666666666667,0.8,4.388,2,LIMITED,True,,Limited Participation in Practice,,-2.5,37.5,17.5,14.666666666666666,0.5979096448016593,0.04390897621060613,5.140151890131033
2026,3,2026_03_HOU_IND,00-0035685,David Montgomery,RB,HOU,IND,rush_attempts,10.279066216826209,10.232166104366094,10.466666666666667,0.8,4.388,2,NOT_LISTED,True,,,,1.5,41.5,21.5,9.166666666666666,0.3785493827160494,-0.0372601280485608,4.0507649723386265
2026,3,2026_03_HOU_IND,00-0035710,Daniel Jones,QB,IND,HOU,rush_attempts,2.342943738526526,2.412013006491491,2.0666666666666664,0.8,4.388,2,NOT_LISTED,True,,,,-1.5,41.5,20.0,2.6666666666666665,0.09238604058171367,-0.09863392424468093,3.843964020875565
2026,3,2026_03_CIN_PIT,00-0036139,Rico Dowdle,RB,PIT,CIN,rush_attempts,7.907802817088049,7.801420188026729,8.333333333333332,0.8,4.388,2,OUT,False,Out,Did Not Participate In Practice,Toe,-3.5,42.5,19.5,9.833333333333334,0.43549461680597723,-0.053823376492036876,5.039270750800923
2026,3,2026_03_LA_DEN,00-0036158,J.K. Dobbins,RB,DEN,LA,rush_attempts,11.962848876244937,11.820227761972838,12.533333333333333,0.8,4.388,2,NOT_LISTED,True,,Full Participation in Practice,,-1.5,44.5,21.5,13.333333333333334,0.5547273982056591,0.023102119195384435,4.78275974025974
2026,3,2026_03_HOU_IND,00-0036223,Jonathan Taylor,RB,IND,HOU,rush_attempts,18.692552372381453,18.53235713214348,19.333333333333336,0.8,4.388,2,NOT_LISTED,True,,Full Participation in Practice,,-1.5,41.5,20.0,19.833333333333332,0.797979797979798,-0.09863392424468093,3.843964020875565
2026,3,2026_03_CAR_CLE,00-0036265,AJ Dillon,RB,CAR,CLE,rush_attempts,3.495437106047796,3.7359630492264113,2.533333333333333,0.8,4.388,2,NOT_LISTED,True,,,,2.5,41.5,22.0,2.3333333333333335,0.11486742424242424,0.08101569354591476,4.816094333109419
2026,3,2026_03_PHI_CHI,00-0036275,D'Andre Swift,RB,CHI,PHI,rush_attempts,14.967278686938219,15.109098358672775,14.399999999999999,0.8,4.388,2,NOT_LISTED,True,,,,-4.5,41.5,18.5,14.0,0.4979614173162561,0.012347858356520861,4.110269611430564
2026,3,2026_03_LAC_BUF,00-0036355,Justin Herbert,QB,LAC,BUF,rush_attempts,4.346580101790986,4.166558460572066,5.066666666666667,0.8,4.388,2,NOT_LISTED,True,,,,-7.0,50.5,21.75,5.666666666666667,0.19652002753749576,0.009628395696954999,4.351939574173233
2026,3,2026_03_PHI_CHI,00-0036389,Jalen Hurts,QB,PHI,CHI,rush_attempts,5.143880763318888,5.12985095414861,5.2,0.8,4.388,2,NOT_LISTED,True,,,,4.5,41.5,23.0,5.5,0.1777421897564263,-0.031200573550013756,4.679871632996633
2026,3,2026_03_CIN_PIT,00-0036442,Joe Burrow,QB,CIN,PIT,rush_attempts,2.7447295507266247,2.7809119384082814,2.5999999999999996,0.8,4.388,2,NOT_LISTED,True,,,,3.5,42.5,23.0,2.5,0.09004438765558205,-0.09540711141969871,4.052129701791111
2026,3,2026_03_CAR_CLE,00-0036555,Chuba Hubbard,RB,CAR,CLE,rush_attempts,10.373072409438292,10.866340511797866,8.399999999999999,0.8,4.388,2,NOT_LISTED,True,,,,2.5,41.5,22.0,7.5,0.3448422545196739,0.08101569354591476,4.816094333109419
2026,3,2026_03_NE_JAX,00-0036875,Rhamondre Stevenson,RB,NE,JAX,rush_attempts,10.05072790432617,10.130076547074378,9.733333333333334,0.8,4.388,2,NOT_LISTED,True,,,,-3.0,46.5,21.75,8.833333333333334,0.30181025628265956,-0.0532630030634039,4.133786757940202
2026,3,2026_03_TEN_NYG,00-0036893,Najee Harris,RB,NYG,TEN,rush_attempts,5.924028866895548,5.771702750286102,6.533333333333333,0.8,4.388,1,NOT_LISTED,True,,,,2.5,37.5,20.0,7.333333333333333,0.2822580302664454,-0.10456401475868302,3.3122231217035996
2026,3,2026_03_MIN_TB,00-0036919,Kenny Gainwell,RB,TB,MIN,rush_attempts,5.339595169044438,5.391160627972214,5.133333333333333,0.8,4.388,2,NOT_LISTED,True,,,,-1.5,42.5,20.5,6.833333333333333,0.2615972222222222,-0.18230842360794905,3.8716198226491594
2026,3,2026_03_NE_JAX,00-0036971,Trevor Lawrence,QB,JAX,NE,rush_attempts,2.781339879217758,2.760008182355531,2.866666666666667,0.8,4.388,2,NOT_LISTED,True,,,,3.0,46.5,24.75,4.166666666666667,0.15207269050659855,-0.03964233640831741,4.474202080397733
2026,3,2026_03_ARI_SF,00-0036972,Mac Jones,QB,SF,ARI,rush_attempts,2.1218229203837606,2.0522786504797006,2.4000000000000004,0.8,4.388,1,NOT_LISTED,True,,,,7.5,48.5,28.0,2.5,0.08360624640194532,-0.025580651208790987,4.35315551726842
2026,3,2026_03_LV_NO,00-0036973,Travis Etienne,RB,NO,LV,rush_attempts,10.329495195656108,10.095202327903468,11.266666666666666,0.8,4.388,2,NOT_LISTED,True,,Full Participation in Practice,,3.5,43.5,23.5,12.666666666666666,0.47714559386973177,-0.1280111315583914,4.148287727907532
2026,3,2026_03_BAL_DAL,00-0036997,Javonte Williams,RB,DAL,BAL,rush_attempts,11.934973590576238,11.768716988220298,12.600000000000001,0.8,4.388,2,NOT_LISTED,True,,,,-3.0,53.5,25.25,13.0,0.525071474003258,-0.11452311987683957,3.635372405894498
2026,3,2026_03_ARI_SF,00-0037157,Bam Knight,RB,ARI,SF,rush_attempts,4.5830859261376915,4.628857407672114,4.4,0.8,4.388,1,NOT_LISTED,True,,,,-7.5,48.5,20.5,6.0,0.3502260553344145,0.013439506606062177,4.599853469667151
2026,3,2026_03_CIN_PIT,00-0037228,Jaylen Warren,RB,PIT,CIN,rush_attempts,12.949598823124889,13.220331862239444,11.866666666666667,0.8,4.388,2,QUESTIONABLE,True,Questionable,Limited Participation in Practice,Shoulder,-3.5,42.5,19.5,12.166666666666666,0.48855053293459094,-0.053823376492036876,5.039270750800923
2026,3,2026_03_LAC_BUF,00-0037248,James Cook,RB,BUF,LAC,rush_attempts,14.289081281602627,14.494684935336618,13.466666666666665,0.8,4.388,2,NOT_LISTED,True,,,,7.0,50.5,28.75,15.666666666666666,0.5002119864790274,-0.26819146190113974,3.2452353701390924
2026,3,2026_03_SEA_WAS,00-0037256,Rachaad White,RB,WAS,SEA,rush_attempts,6.261114390161692,6.293059654368782,6.133333333333334,0.8,4.388,2,NOT_LISTED,True,,,,-8.5,40.5,16.0,4.833333333333333,0.1543560606060606,-0.19741692162862853,3.804198748357904
2026,3,2026_03_ARI_SF,00-0037263,Tyler Allgeier,RB,ARI,SF,rush_attempts,8.911702355179322,8.739627943974153,9.6,0.8,4.388,2,NOT_LISTED,True,,,,-7.5,48.5,20.5,9.5,0.31746974629327573,0.013439506606062177,4.599853469667151
2026,3,2026_03_LV_NO,00-0037304,Connor Heyward,FB,LV,NO,rush_attempts,2.41236792066464,2.5654599008308,1.8,0.8,4.388,2,NOT_LISTED,True,,,,-3.5,43.5,20.0,2.0,0.07561110806546913,-0.07507712174354708,4.092218943690718
2026,3,2026_03_MIN_TB,00-0037525,Jordan Mason,RB,MIN,TB,rush_attempts,10.308292859654099,10.368699407900959,10.066666666666666,0.8,4.388,1,NOT_LISTED,True,,,,1.5,42.5,22.0,9.666666666666666,0.33549629529231045,-0.15911849383647617,3.9636137350471587
2026,3,2026_03_LA_DEN,00-0037557,Ronnie Rivers,RB,LA,DEN,rush_attempts,3.0965261997816294,3.3373244163937033,2.1333333333333333,0.8,4.388,1,NOT_LISTED,True,,,,1.5,44.5,23.0,2.3333333333333335,0.07410600255427842,0.0592153917514299,4.48265194235589
2026,3,2026_03_ATL_GB,00-0037746,Brian Robinson,RB,ATL,GB,rush_attempts,8.27579045972854,8.161404741327342,8.733333333333334,0.8,4.388,3,NOT_LISTED,True,,Full Participation in Practice,,-4.5,43.5,19.5,6.833333333333333,0.22059651129006544,-0.015552808560386894,4.336935688683218
2026,3,2026_03_ARI_SF,00-0037834,Brock Purdy,QB,SF,ARI,rush_attempts,4.252335333330058,4.398752499995906,3.666666666666667,0.8,4.388,2,NOT_LISTED,True,,,,7.5,48.5,28.0,4.166666666666667,0.14494028133796433,-0.025580651208790987,4.35315551726842
2026,3,2026_03_LA_DEN,00-0037840,Kyren Williams,RB,LA,DEN,rush_attempts,12.226148644576554,12.09935247238736,12.733333333333334,0.8,4.388,2,NOT_LISTED,True,,,,1.5,44.5,23.0,14.333333333333334,0.49199391944108295,0.0592153917514299,4.48265194235589
2026,3,2026_03_NYJ_DET,00-0038120,Breece Hall,RB,NYJ,DET,rush_attempts,15.748259813473432,15.518658100175124,16.666666666666664,0.8,4.388,2,NOT_LISTED,True,,,,-7.0,49.5,21.25,15.666666666666666,0.6092040947433105,0.0987977070976031,5.061558451924832
2026,3,2026_03_KC_MIA,00-0038128,Malik Willis,QB,MIA,KC,rush_attempts,5.4989405884039515,5.523675735504939,5.4,0.8,4.388,2,NOT_LISTED,True,,,,-10.0,45.5,17.75,5.0,0.20834677517365582,-0.10045650693533721,3.8410860045706054
2026,3,2026_03_KC_MIA,00-0038134,Kenneth Walker III,RB,KC,MIA,rush_attempts,19.577446740020488,19.68847509169228,19.133333333333333,0.8,4.388,2,NOT_LISTED,True,,,,10.0,45.5,27.75,16.333333333333332,0.518143891800879,0.014827791906498933,4.071541475723461
2026,3,2026_03_LAC_BUF,00-0038454,Keaton Mitchell,RB,LAC,BUF,rush_attempts,4.468331711807817,4.418747973093105,4.666666666666666,0.8,4.388,2,NOT_LISTED,True,,,,-7.0,50.5,21.75,6.166666666666667,0.1994453652275979,0.009628395696954999,4.351939574173233
2026,3,2026_03_ATL_GB,00-0038542,Bijan Robinson,RB,ATL,GB,rush_attempts,20.145408482987634,19.898427270401207,21.133333333333333,0.8,4.388,3,NOT_LISTED,True,,,,-4.5,43.5,19.5,19.833333333333332,0.5973059211847568,-0.015552808560386894,4.336935688683218
2026,3,2026_03_LV_NO,00-0038551,Kendre Miller,RB,NO,LV,rush_attempts,7.474354129755415,7.676275995527602,6.666666666666666,0.8,4.388,1,NOT_LISTED,True,,Full Participation in Practice,,3.5,43.5,23.5,7.666666666666667,0.2804619367875975,-0.1280111315583914,4.148287727907532
2026,3,2026_03_PHI_CHI,00-0038555,Tank Bigsby,RB,PHI,CHI,rush_attempts,8.537430238055949,8.288454464236603,9.533333333333333,0.8,4.388,2,NOT_LISTED,True,,Full Participation in Practice,,4.5,41.5,23.0,8.833333333333334,0.3074379210940126,-0.031200573550013756,4.679871632996633
2026,3,2026_03_CIN_PIT,00-0038597,Chase Brown,RB,CIN,PIT,rush_attempts,15.845062264683545,15.756327830854431,16.2,0.8,4.388,2,NOT_LISTED,True,,,,3.5,42.5,23.0,16.0,0.5867572603604587,-0.09540711141969871,4.052129701791111
2026,3,2026_03_NE_JAX,00-0038611,Chris Rodriguez Jr.,RB,JAX,NE,rush_attempts,7.813203152458897,7.299837273906955,9.866666666666667,0.8,4.388,2,NOT_LISTED,True,,,,3.0,46.5,24.75,10.666666666666666,0.36213048689851446,-0.03964233640831741,4.474202080397733
2026,3,2026_03_ATL_GB,00-0038685,Chris Brooks,RB,GB,ATL,rush_attempts,4.550597706350276,4.721580466271178,3.8666666666666667,0.8,4.388,3,NOT_LISTED,True,,,,4.5,43.5,24.0,4.166666666666667,0.15828523328523328,-0.12091033470297784,4.043277223983745
2026,3,2026_03_BAL_DAL,00-0038705,Emari Demercado,RB,DAL,BAL,rush_attempts,3.0297394212805053,3.137174276600631,2.6000000000000005,0.8,4.388,2,NOT_LISTED,True,,,,-3.0,53.5,25.25,3.0,0.17282122064730762,-0.11452311987683957,3.635372405894498
2026,3,2026_03_BAL_DAL,00-0038738,Hunter Luepke,RB,DAL,BAL,rush_attempts,2.1811415896011823,2.276426987001478,1.7999999999999998,0.8,4.388,2,NOT_LISTED,True,,,,-3.0,53.5,25.25,2.5,0.07930978594396886,-0.11452311987683957,3.635372405894498
2026,3,2026_03_CAR_CLE,00-0038794,Jaleel McLaughlin,RB,CLE,CAR,rush_attempts,3.9862121057086175,3.866098465469105,4.466666666666667,0.8,4.388,1,NOT_LISTED,True,,,,-2.5,41.5,19.5,4.166666666666667,0.15724044702032283,0.07309595580440487,4.962078498073564
2026,3,2026_03_SEA_WAS,00-0038797,Emanuel Wilson,RB,SEA,WAS,rush_attempts,10.583236514015768,10.17904564251971,12.2,0.8,4.388,2,NOT_LISTED,True,,,,8.5,40.5,24.5,10.0,0.2874745352686529,0.08299072922762653,4.6573588293555765
2026,3,2026_03_TEN_NYG,00-0039032,Tyjae Spears,RB,TEN,NYG,rush_attempts,6.166795741718942,6.475161343815344,4.933333333333334,0.8,4.388,2,QUESTIONABLE,True,Questionable,Limited Participation in Practice,Ankle,-2.5,37.5,17.5,5.833333333333333,0.21714091262639357,0.04390897621060613,5.140151890131033
2026,3,2026_03_KC_MIA,00-0039040,De'Von Achane,RB,MIA,KC,rush_attempts,14.661780420868386,14.49389219275215,15.333333333333332,0.8,4.388,2,NOT_LISTED,True,,,,-10.0,45.5,17.75,13.833333333333334,0.5595353794260439,-0.10045650693533721,3.8410860045706054
2026,3,2026_03_NYJ_DET,00-0039139,Jahmyr Gibbs,RB,DET,NYJ,rush_attempts,18.734074779119975,18.534260140566637,19.53333333333333,0.8,4.388,2,NOT_LISTED,True,,,,7.0,49.5,28.25,16.833333333333332,0.6970819304152638,-0.05633336933176544,4.497211681195923
2026,3,2026_03_CAR_CLE,00-0039150,Bryce Young,QB,CAR,CLE,rush_attempts,3.4387325054243694,3.631748965113795,2.666666666666667,0.8,4.388,2,NOT_LISTED,True,,,,2.5,41.5,22.0,4.166666666666667,0.17519684616458808,0.08101569354591476,4.816094333109419
2026,3,2026_03_HOU_IND,00-0039163,C.J. Stroud,QB,HOU,IND,rush_attempts,2.954281206606177,2.992851508257721,2.8000000000000003,0.8,4.388,2,NOT_LISTED,True,,,,1.5,41.5,21.5,3.5,0.12416301019242194,-0.0372601280485608,4.0507649723386265
2026,3,2026_03_SEA_WAS,00-0039299,George Holani,RB,SEA,WAS,rush_attempts,4.719730329495389,4.799662911869237,4.4,0.8,4.388,2,NOT_LISTED,True,,Full Participation in Practice,,8.5,40.5,24.5,4.0,0.13299218897044984,0.08299072922762653,4.6573588293555765
2026,3,2026_03_CAR_CLE,00-0039344,Jonathon Brooks,RB,CAR,CLE,rush_attempts,4.320149217447372,4.540186521809215,3.4400000000000004,0.8,4.388,2,NOT_LISTED,True,,,,2.5,41.5,22.0,3.6,0.16389101094983446,0.08101569354591476,4.816094333109419
2026,3,2026_03_MIN_TB,00-0039361,Bucky Irving,RB,TB,MIN,rush_attempts,15.140504402136358,14.792297169337115,16.53333333333333,0.8,4.388,2,NOT_LISTED,True,,,,-1.5,42.5,20.5,15.833333333333334,0.5940963203463204,-0.18230842360794905,3.8716198226491594
2026,3,2026_03_TEN_NYG,00-0039384,Tyrone Tracy Jr.,RB,NYG,TEN,rush_attempts,6.236420463831919,5.712192246456565,8.333333333333334,0.8,4.388,2,NOT_LISTED,True,,,,2.5,37.5,20.0,10.833333333333334,0.3531236116539231,-0.10456401475868302,3.3122231217035996
2026,3,2026_03_LAC_BUF,00-0039391,Kimani Vidal,RB,LAC,BUF,rush_attempts,3.6189728116394333,3.140382681215958,5.533333333333333,0.8,4.388,1,NOT_LISTED,True,,,,-7.0,50.5,21.75,9.833333333333334,0.2763302998815597,0.009628395696954999,4.351939574173233
2026,3,2026_03_HOU_IND,00-0039603,British Brooks,RB,HOU,IND,rush_attempts,2.7777357011985364,2.6055029598315036,3.4666666666666663,0.8,4.388,1,NOT_LISTED,True,,,,1.5,41.5,21.5,2.1666666666666665,0.06770833333333333,-0.0372601280485608,4.0507649723386265
2026,3,2026_03_LA_DEN,00-0039732,Bo Nix,QB,DEN,LA,rush_attempts,4.587149166279456,4.33393645784932,5.6,0.8,4.388,2,NOT_LISTED,True,,,,-1.5,44.5,21.5,6.0,0.2298310856600705,0.023102119195384435,4.78275974025974
2026,3,2026_03_LA_DEN,00-0039738,Blake Corum,RB,LA,DEN,rush_attempts,12.147555679824576,12.334444599780719,11.399999999999999,0.8,4.388,2,NOT_LISTED,True,,,,1.5,44.5,23.0,11.0,0.37183975954832466,0.0592153917514299,4.48265194235589
2026,3,2026_03_PHI_CHI,00-0039746,Will Shipley,RB,PHI,CHI,rush_attempts,3.4057721609905798,3.557215201238225,2.8,0.8,4.388,2,LIMITED,True,,Limited Participation in Practice,,4.5,41.5,23.0,2.0,0.0713841093117409,-0.031200573550013756,4.679871632996633
2026,3,2026_03_NYJ_DET,00-0039794,Braelon Allen,RB,NYJ,DET,rush_attempts,6.009751987146231,6.012189983932788,6.0,0.8,4.388,2,NOT_LISTED,True,,,,-7.0,49.5,21.25,5.5,0.18240106645903745,0.0987977070976031,5.061558451924832
2026,3,2026_03_NYJ_DET,00-0039798,Isaiah Davis,RB,NYJ,DET,rush_attempts,2.30283683830346,2.2952127145459915,2.3333333333333335,0.8,4.388,1,NOT_LISTED,True,,,,-7.0,49.5,21.25,2.8333333333333335,0.10933998599439776,0.0987977070976031,5.061558451924832
2026,3,2026_03_ATL_GB,00-0039811,MarShawn Lloyd,RB,GB,ATL,rush_attempts,7.909261337908514,8.011576672385642,7.5,0.8,4.388,3,NOT_LISTED,True,,,,4.5,43.5,24.0,7.25,0.377508235998802,-0.12091033470297784,4.043277223983745
2026,3,2026_03_NE_JAX,00-0039851,Drake Maye,QB,NE,JAX,rush_attempts,4.856776559471689,4.720970699339611,5.4,0.8,4.388,2,NOT_LISTED,True,,,,-3.0,46.5,21.75,5.5,0.19897306000474055,-0.0532630030634039,4.133786757940202
2026,3,2026_03_KC_MIA,00-0039874,Jaylen Wright,RB,MIA,KC,rush_attempts,3.811595540795774,3.4478277593280513,5.266666666666667,0.8,4.388,2,DOUBTFUL,False,Doubtful,Did Not Participate In Practice,Stinger,-10.0,45.5,17.75,5.166666666666667,0.19918605181536217,-0.10045650693533721,3.8410860045706054
2026,3,2026_03_LAC_BUF,00-0039875,Ray Davis,RB,BUF,LAC,rush_attempts,3.8301852853650633,3.2543982733729964,6.133333333333333,0.8,4.388,2,NOT_LISTED,True,,,,7.0,50.5,28.75,4.333333333333333,0.11162374113456712,-0.26819146190113974,3.2452353701390924
2026,3,2026_03_SEA_WAS,00-0039910,Jayden Daniels,QB,WAS,SEA,rush_attempts,5.860263089660831,5.791995528742706,6.133333333333333,0.8,4.388,2,OUT,False,Out,Did Not Participate In Practice,Elbow,-8.5,40.5,16.0,7.333333333333333,0.2391642920219358,-0.19741692162862853,3.804198748357904
2026,3,2026_03_PHI_CHI,00-0039918,Caleb Williams,QB,CHI,PHI,rush_attempts,5.369980412609957,5.462475515762446,5.0,0.8,4.388,2,OUT,False,Out,Did Not Participate In Practice,Hamstring,-4.5,41.5,18.5,4.5,0.15113709468548178,0.012347858356520861,4.110269611430564
2026,3,2026_03_KC_MIA,00-0040078,Brashard Smith,RB,KC,MIA,rush_attempts,2.5936275017395456,2.392034377174432,3.4,0.8,4.388,1,NOT_LISTED,True,,,,10.0,45.5,27.75,2.5,0.10857666404892792,0.014827791906498933,4.071541475723461
2026,3,2026_03_LV_NO,00-0040122,Ashton Jeanty,RB,LV,NO,rush_attempts,18.561798539754225,17.71891484135945,21.93333333333333,0.8,4.388,2,NOT_LISTED,True,,,,-3.5,43.5,20.0,19.833333333333332,0.756576022308781,-0.07507712174354708,4.092218943690718
2026,3,2026_03_ATL_GB,00-0040142,Kaleb Johnson,RB,GB,ATL,rush_attempts,4.756970140853786,5.046212676067233,3.6,0.8,4.388,3,NOT_LISTED,True,,,,4.5,43.5,24.0,3.0,0.19669117647058823,-0.12091033470297784,4.043277223983745
2026,3,2026_03_CAR_CLE,00-0040162,Dylan Sampson,RB,CLE,CAR,rush_attempts,4.903055160625123,4.5121522841147375,6.466666666666667,0.8,4.388,1,NOT_LISTED,True,,,,-2.5,41.5,19.5,5.666666666666667,0.22415969733174035,0.07309595580440487,4.962078498073564
2026,3,2026_03_KC_MIA,00-0040198,Ollie Gordon II,RB,MIA,KC,rush_attempts,3.4444724363478434,3.372257212101471,3.7333333333333334,0.8,4.388,1,NOT_LISTED,True,,,,-10.0,45.5,17.75,3.3333333333333335,0.12435229684809163,-0.10045650693533721,3.8410860045706054
2026,3,2026_03_PHI_CHI,00-0040236,Kyle Monangai,RB,CHI,PHI,rush_attempts,9.812722253427815,10.065902816784767,8.799999999999999,0.8,4.388,2,NOT_LISTED,True,,Full Participation in Practice,,-4.5,41.5,18.5,9.0,0.3259079630047372,0.012347858356520861,4.110269611430564
2026,3,2026_03_SEA_WAS,00-0040242,Jacory Croskey-Merritt,RB,WAS,SEA,rush_attempts,11.53862105224866,11.073276315310824,13.399999999999999,0.8,4.388,2,NOT_LISTED,True,,,,-8.5,40.5,16.0,13.0,0.44562532748508366,-0.19741692162862853,3.804198748357904
2026,3,2026_03_CAR_CLE,00-0040466,Raheim Sanders,RB,CLE,CAR,rush_attempts,4.06877251525445,4.185965644068062,3.5999999999999996,0.8,4.388,2,NOT_LISTED,True,,,,-2.5,41.5,19.5,5.0,0.1900971850340714,0.07309595580440487,4.962078498073564
2026,3,2026_03_NE_JAX,00-0040556,Corey Kiner,RB,NE,JAX,rush_attempts,3.4995839008361775,3.4911465427118884,3.533333333333333,0.8,4.388,2,NOT_LISTED,True,,,,-3.0,46.5,21.75,3.3333333333333335,0.1496679493173182,-0.0532630030634039,4.133786757940202
2026,3,2026_03_HOU_IND,00-0040583,Woody Marks,RB,HOU,IND,rush_attempts,9.533669040010558,9.25041963334653,10.666666666666666,0.8,4.388,2,NOT_LISTED,True,,,,1.5,41.5,21.5,13.166666666666666,0.44130814389946266,-0.0372601280485608,4.0507649723386265
2026,3,2026_03_LAC_BUF,00-0040666,Omarion Hampton,RB,LAC,BUF,rush_attempts,14.344923165284431,13.931153956605538,16.0,0.8,4.388,2,NOT_LISTED,True,,,,-7.0,50.5,21.75,15.5,0.545122889184822,0.009628395696954999,4.351939574173233
2026,3,2026_03_TEN_NYG,00-0040676,Cam Ward,QB,TEN,NYG,rush_attempts,3.5865501801005073,3.699854391792301,3.1333333333333337,0.8,4.388,2,NOT_LISTED,True,,,,-2.5,37.5,17.5,2.8333333333333335,0.12505617492005874,0.04390897621060613,5.140151890131033
2026,3,2026_03_TEN_NYG,00-0040691,Jaxson Dart,QB,NYG,TEN,rush_attempts,5.254016899749352,5.167521124686691,5.6,0.8,4.388,2,DNP,True,,Did Not Participate In Practice,,2.5,37.5,20.0,6.0,0.18681356203255536,-0.10456401475868302,3.3122231217035996
2026,3,2026_03_TEN_NYG,00-0040715,Cam Skattebo,RB,NYG,TEN,rush_attempts,12.593144471234933,12.708097255710332,12.133333333333333,0.8,4.388,2,NOT_LISTED,True,,,,2.5,37.5,20.0,13.833333333333334,0.4508655112103388,-0.10456401475868302,3.3122231217035996
2026,3,2026_03_NE_JAX,00-0040719,Bhayshul Tuten,RB,JAX,NE,rush_attempts,10.614960813216703,10.885367683187546,9.533333333333333,0.8,4.388,2,NOT_LISTED,True,,,,3.0,46.5,24.75,7.333333333333333,0.26909722222222215,-0.03964233640831741,4.474202080397733
2026,3,2026_03_LA_DEN,00-0040730,RJ Harvey,RB,DEN,LA,rush_attempts,9.295014350708048,8.768767938385059,11.399999999999999,0.8,4.388,1,NOT_LISTED,True,,Full Participation in Practice,,-1.5,44.5,21.5,12.5,0.4490709993674889,0.023102119195384435,4.78275974025974
2026,3,2026_03_NE_JAX,00-0040734,TreVeyon Henderson,RB,NE,JAX,rush_attempts,13.80986240366289,13.562328004578614,14.8,0.8,4.388,1,NOT_LISTED,True,,,,-3.0,46.5,21.75,13.0,0.43971015659303864,-0.0532630030634039,4.133786757940202
2026,3,2026_03_LV_NO,00-0040743,Tyler Shough,QB,NO,LV,rush_attempts,5.130513585855134,5.113141982318918,5.199999999999999,0.8,4.388,2,NOT_LISTED,True,,,,3.5,43.5,23.5,5.0,0.19710516536603495,-0.1280111315583914,4.148287727907532
2026,3,2026_03_CAR_CLE,00-0040784,Quinshon Judkins,RB,CLE,CAR,rush_attempts,11.852582729161767,11.86572841145221,11.8,0.8,4.388,2,NOT_LISTED,True,,Full Participation in Practice,,-2.5,41.5,19.5,13.5,0.5861989459815548,0.07309595580440487,4.962078498073564
2026,3,2026_03_LV_NO,00-0040878,Mike Washington Jr.,RB,LV,NO,rush_attempts,5.025957548429196,5.032446935536496,5.0,0.8,4.388,2,NOT_LISTED,True,,,,-3.5,43.5,20.0,5.0,0.14631873252562907,-0.07507712174354708,4.092218943690718
2026,3,2026_03_KC_MIA,00-0041013,Emmett Johnson,RB,KC,MIA,rush_attempts,4.989662993345014,4.987078741681268,5.0,0.8,4.388,2,NOT_LISTED,True,,,,10.0,45.5,27.75,5.0,0.1397459165154265,0.014827791906498933,4.071541475723461
2026,3,2026_03_ARI_SF,00-0041027,Jeremiyah Love,RB,ARI,SF,rush_attempts,10.060804171525305,10.076005214406631,10.0,0.8,4.388,2,NOT_LISTED,True,,,,-7.5,48.5,20.5,10.0,0.42647058823529416,0.013439506606062177,4.599853469667151
2026,3,2026_03_ARI_SF,00-0041052,Kaelon Black,RB,SF,ARI,rush_attempts,10.33500022450996,10.29375028063745,10.5,0.8,4.388,2,NOT_LISTED,True,,,,7.5,48.5,28.0,10.5,0.36296296296296293,-0.025580651208790987,4.35315551726842
2026,3,2026_03_SEA_WAS,00-0041096,Kaytron Allen,RB,WAS,SEA,rush_attempts,4.306274731884794,4.2578434148559925,4.5,0.8,4.388,2,NOT_LISTED,True,,Full Participation in Practice,,-8.5,40.5,16.0,4.5,0.140625,-0.19741692162862853,3.804198748357904
2026,3,2026_03_LA_DEN,00-0041496,Jonah Coleman,RB,DEN,LA,rush_attempts,5.079569518726991,5.099461898408739,5.0,0.8,4.388,2,OUT,False,Out,Did Not Participate In Practice,Ankle,-1.5,44.5,21.5,5.0,0.17857142857142858,0.023102119195384435,4.78275974025974
2026,3,2026_03_SEA_WAS,00-0041512,Jadarian Price,RB,SEA,WAS,rush_attempts,11.11520585949586,11.019007324369827,11.5,0.8,4.388,2,NOT_LISTED,True,,Full Participation in Practice,,8.5,40.5,24.5,11.5,0.38977272727272727,0.08299072922762653,4.6573588293555765
2026,3,2026_03_CAR_CLE,00-0041547,KC Concepcion,WR,CLE,CAR,rush_attempts,1.9426812976976033,1.9283516221220043,2.0,0.8,4.388,2,NOT_LISTED,True,,,,-2.5,41.5,19.5,2.0,0.08992094861660078,0.07309595580440487,4.962078498073564
2026,3,2026_03_LV_NO,00-0029604,Kirk Cousins,QB,LV,NO,rushing_yards,5.249770294321469,6.435023875672316,-1.4666666666666668,0.85,26.803,2,NOT_LISTED,True,,,,-3.5,43.5,20.0,3.0,0.09308405584267654,-0.07507712174354708,4.092218943690718
2026,3,2026_03_NYJ_DET,00-0030565,Geno Smith,QB,NYJ,DET,rushing_yards,10.65078666528988,11.377396076811623,6.533333333333333,0.85,26.803,2,NOT_LISTED,True,,,,-7.0,49.5,21.25,2.5,0.09724596391263057,0.0987977070976031,5.061558451924832
2026,3,2026_03_TEN_NYG,00-0031503,Jameis Winston,QB,NYG,TEN,rushing_yards,7.432228151674844,7.661444884323345,6.133333333333335,0.85,26.803,1,NOT_LISTED,True,,,,2.5,37.5,20.0,2.5,0.08866461024355761,-0.10456401475868302,3.3122231217035996
2026,3,2026_03_NE_JAX,00-0032104,Ameer Abdullah,RB,JAX,NE,rushing_yards,14.997509918241073,15.397070492048321,12.733333333333333,0.85,26.803,2,NOT_LISTED,True,,,,3.0,46.5,24.75,2.0,0.06984126984126984,-0.03964233640831741,4.474202080397733
2026,3,2026_03_SEA_WAS,00-0032268,Marcus Mariota,QB,WAS,SEA,rushing_yards,13.872075080570216,12.8965589183179,19.4,0.85,26.803,1,NOT_LISTED,True,,,,-8.5,40.5,16.0,4.666666666666667,0.1418634591188939,-0.19741692162862853,3.804198748357904
2026,3,2026_03_BAL_DAL,00-0032764,Derrick Henry,RB,BAL,DAL,rushing_yards,115.16081184569656,114.35389628905477,119.73333333333333,0.85,26.803,2,NOT_LISTED,True,,,,3.0,53.5,28.25,20.833333333333332,0.6332825464114772,0.07666950527472992,5.1609660704429725
2026,3,2026_03_MIN_TB,00-0032950,Carson Wentz,QB,MIN,TB,rushing_yards,7.7351681700776505,8.241374317738412,4.866666666666667,0.85,26.803,2,NOT_LISTED,True,,,,1.5,42.5,22.0,2.8333333333333335,0.10975825112653757,-0.15911849383647617,3.9636137350471587
2026,3,2026_03_BAL_DAL,00-0033077,Dak Prescott,QB,DAL,BAL,rushing_yards,13.471608832947812,13.54306921523272,13.066666666666666,0.85,26.803,2,NOT_LISTED,True,,,,-3.0,53.5,25.25,2.5,0.09676705658714653,-0.11452311987683957,3.635372405894498
2026,3,2026_03_ARI_SF,00-0033119,Jacoby Brissett,QB,ARI,SF,rushing_yards,12.380208469274482,12.553186434440565,11.4,0.85,26.803,2,NOT_LISTED,True,,Full Participation in Practice,,-7.5,48.5,20.5,2.3333333333333335,0.10360492022896116,0.013439506606062177,4.599853469667151
2026,3,2026_03_ARI_SF,00-0033280,Christian McCaffrey,RB,SF,ARI,rushing_yards,59.83535631638382,61.14747801927509,52.400000000000006,0.85,26.803,2,NOT_LISTED,True,,Full Participation in Practice,,7.5,48.5,28.0,15.666666666666666,0.5505346136442378,-0.025580651208790987,4.35315551726842
2026,3,2026_03_MIN_TB,00-0033293,Aaron Jones,RB,MIN,TB,rushing_yards,63.06034438707641,62.57687574950166,65.80000000000001,0.85,26.803,2,NOT_LISTED,True,,Full Participation in Practice,,1.5,42.5,22.0,16.666666666666668,0.5558303966747989,-0.15911849383647617,3.9636137350471587
2026,3,2026_03_NE_JAX,00-0033319,Nick Mullens,QB,JAX,NE,rushing_yards,7.682893962533864,9.438698779451606,-2.2666666666666666,0.85,26.803,1,NOT_LISTED,True,,,,3.0,46.5,24.75,2.8333333333333335,0.10300925925925926,-0.03964233640831741,4.474202080397733
2026,3,2026_03_CIN_PIT,00-0033526,Samaje Perine,RB,CIN,PIT,rushing_yards,21.5062897311018,21.254458507178587,22.933333333333334,0.85,26.803,2,NOT_LISTED,True,,,,3.5,42.5,23.0,6.5,0.2383075637598376,-0.09540711141969871,4.052129701791111
2026,3,2026_03_CAR_CLE,00-0033537,Deshaun Watson,QB,CLE,CAR,rushing_yards,27.038239809787246,28.244988011514405,20.200000000000003,0.85,26.803,2,NOT_LISTED,True,,,,-2.5,41.5,19.5,5.0,0.22106405671623064,0.07309595580440487,4.962078498073564
2026,3,2026_03_KC_MIA,00-0033873,Patrick Mahomes,QB,KC,MIA,rushing_yards,20.403684270177624,20.01609914138544,22.6,0.85,26.803,2,NOT_LISTED,True,,Full Participation in Practice,,10.0,45.5,27.75,4.166666666666667,0.13629820122642392,0.014827791906498933,4.071541475723461
2026,3,2026_03_LV_NO,00-0033906,Alvin Kamara,RB,NO,LV,rushing_yards,35.36667041340964,35.7372593098937,33.266666666666666,0.85,26.803,1,NOT_LISTED,True,,,,3.5,43.5,23.5,9.5,0.41845017286193764,-0.1280111315583914,4.148287727907532
2026,3,2026_03_BAL_DAL,00-0034796,Lamar Jackson,QB,BAL,DAL,rushing_yards,26.862934008520718,26.803451774730256,27.200000000000003,0.85,26.803,2,NOT_LISTED,True,,,,3.0,53.5,28.25,4.333333333333333,0.13968248551581885,0.07666950527472992,5.1609660704429725
2026,3,2026_03_PHI_CHI,00-0034844,Saquon Barkley,RB,PHI,CHI,rushing_yards,58.549219704980146,57.4461408293884,64.80000000000001,0.85,26.803,2,NOT_LISTED,True,,Full Participation in Practice,,4.5,41.5,23.0,16.833333333333332,0.5569168993292898,-0.031200573550013756,4.679871632996633
2026,3,2026_03_MIN_TB,00-0034855,Baker Mayfield,QB,TB,MIN,rushing_yards,22.589658824076185,21.564304498913156,28.4,0.85,26.803,2,NOT_LISTED,True,,Full Participation in Practice,,-1.5,42.5,20.5,3.5,0.143234126984127,-0.18230842360794905,3.8716198226491594
2026,3,2026_03_LAC_BUF,00-0034857,Josh Allen,QB,BUF,LAC,rushing_yards,39.06954554429792,38.681818287409314,41.266666666666666,0.85,26.803,2,NOT_LISTED,True,,,,7.0,50.5,28.75,9.0,0.2892909703254531,-0.26819146190113974,3.2452353701390924
2026,3,2026_03_SEA_WAS,00-0034869,Sam Darnold,QB,SEA,WAS,rushing_yards,5.418665391016295,5.445488695313288,5.266666666666667,0.85,26.803,1,NOT_LISTED,True,,Full Participation in Practice,,8.5,40.5,24.5,3.1666666666666665,0.10906371406371407,0.08299072922762653,4.6573588293555765
2026,3,2026_03_MIN_TB,00-0035228,Kyler Murray,QB,MIN,TB,rushing_yards,19.114351771236517,17.699237377925314,27.133333333333333,0.85,26.803,1,NOT_LISTED,True,,,,1.5,42.5,22.0,5.166666666666667,0.21376650044668977,-0.15911849383647617,3.9636137350471587
2026,3,2026_03_TEN_NYG,00-0035250,Devin Singletary,RB,NYG,TEN,rushing_yards,21.15608137127222,21.254213377967318,20.6,0.85,26.803,2,NOT_LISTED,True,,,,2.5,37.5,20.0,7.0,0.23056904681974202,-0.10456401475868302,3.3122231217035996
2026,3,2026_03_TEN_NYG,00-0035261,Tony Pollard,RB,TEN,NYG,rushing_yards,63.66981289621661,64.56448576025484,58.6,0.85,26.803,2,LIMITED,True,,Limited Participation in Practice,,-2.5,37.5,17.5,14.666666666666666,0.5979096448016593,0.04390897621060613,5.140151890131033
2026,3,2026_03_HOU_IND,00-0035685,David Montgomery,RB,HOU,IND,rushing_yards,39.85559114932366,40.78304841096901,34.6,0.85,26.803,2,NOT_LISTED,True,,,,1.5,41.5,21.5,9.166666666666666,0.3785493827160494,-0.0372601280485608,4.0507649723386265
2026,3,2026_03_HOU_IND,00-0035710,Daniel Jones,QB,IND,HOU,rushing_yards,10.302992024076227,10.450578851854385,9.466666666666667,0.85,26.803,2,NOT_LISTED,True,,,,-1.5,41.5,20.0,2.6666666666666665,0.09238604058171367,-0.09863392424468093,3.843964020875565
2026,3,2026_03_CIN_PIT,00-0036139,Rico Dowdle,RB,PIT,CIN,rushing_yards,31.955537048336442,33.771220056866404,21.666666666666664,0.85,26.803,2,OUT,False,Out,Did Not Participate In Practice,Toe,-3.5,42.5,19.5,9.833333333333334,0.43549461680597723,-0.053823376492036876,5.039270750800923
2026,3,2026_03_LA_DEN,00-0036158,J.K. Dobbins,RB,DEN,LA,rushing_yards,51.20905931559992,50.257716841882264,56.599999999999994,0.85,26.803,2,NOT_LISTED,True,,Full Participation in Practice,,-1.5,44.5,21.5,13.333333333333334,0.5547273982056591,0.023102119195384435,4.78275974025974
2026,3,2026_03_HOU_IND,00-0036223,Jonathan Taylor,RB,IND,HOU,rushing_yards,71.48744567170975,71.54993608436442,71.13333333333333,0.85,26.803,2,NOT_LISTED,True,,Full Participation in Practice,,-1.5,41.5,20.0,19.833333333333332,0.797979797979798,-0.09863392424468093,3.843964020875565
2026,3,2026_03_CAR_CLE,00-0036265,AJ Dillon,RB,CAR,CLE,rushing_yards,13.747427782921179,14.632267979907269,8.733333333333334,0.85,26.803,2,NOT_LISTED,True,,,,2.5,41.5,22.0,2.3333333333333335,0.11486742424242424,0.08101569354591476,4.816094333109419
2026,3,2026_03_PHI_CHI,00-0036275,D'Andre Swift,RB,CHI,PHI,rushing_yards,66.14575684708896,65.51265511422231,69.73333333333333,0.85,26.803,2,NOT_LISTED,True,,,,-4.5,41.5,18.5,14.0,0.4979614173162561,0.012347858356520861,4.110269611430564
2026,3,2026_03_LAC_BUF,00-0036355,Justin Herbert,QB,LAC,BUF,rushing_yards,21.770018053863676,21.141197710427853,25.333333333333336,0.85,26.803,2,NOT_LISTED,True,,,,-7.0,50.5,21.75,5.666666666666667,0.19652002753749576,0.009628395696954999,4.351939574173233
2026,3,2026_03_PHI_CHI,00-0036389,Jalen Hurts,QB,PHI,CHI,rushing_yards,26.037184721638386,26.45551143722163,23.666666666666664,0.85,26.803,2,NOT_LISTED,True,,,,4.5,41.5,23.0,5.5,0.1777421897564263,-0.031200573550013756,4.679871632996633
2026,3,2026_03_CIN_PIT,00-0036442,Joe Burrow,QB,CIN,PIT,rushing_yards,10.332478055376574,10.308797712207735,10.466666666666665,0.85,26.803,2,NOT_LISTED,True,,,,3.5,42.5,23.0,2.5,0.09004438765558205,-0.09540711141969871,4.052129701791111
2026,3,2026_03_CAR_CLE,00-0036555,Chuba Hubbard,RB,CAR,CLE,rushing_yards,48.45277851866243,50.932680610191085,34.400000000000006,0.85,26.803,2,NOT_LISTED,True,,,,2.5,41.5,22.0,7.5,0.3448422545196739,0.08101569354591476,4.816094333109419
2026,3,2026_03_NE_JAX,00-0036875,Rhamondre Stevenson,RB,NE,JAX,rushing_yards,48.59805820742231,44.8447743616733,69.86666666666667,0.85,26.803,2,NOT_LISTED,True,,,,-3.0,46.5,21.75,8.833333333333334,0.30181025628265956,-0.0532630030634039,4.133786757940202
2026,3,2026_03_TEN_NYG,00-0036893,Najee Harris,RB,NYG,TEN,rushing_yards,21.46276734761181,20.979726291308012,24.200000000000003,0.85,26.803,1,NOT_LISTED,True,,,,2.5,37.5,20.0,7.333333333333333,0.2822580302664454,-0.10456401475868302,3.3122231217035996
2026,3,2026_03_MIN_TB,00-0036919,Kenny Gainwell,RB,TB,MIN,rushing_yards,20.997260788485377,21.220306809982795,19.733333333333334,0.85,26.803,2,NOT_LISTED,True,,,,-1.5,42.5,20.5,6.833333333333333,0.2615972222222222,-0.18230842360794905,3.8716198226491594
2026,3,2026_03_NE_JAX,00-0036971,Trevor Lawrence,QB,JAX,NE,rushing_yards,13.454225565339364,13.746147723928662,11.8,0.85,26.803,2,NOT_LISTED,True,,,,3.0,46.5,24.75,4.166666666666667,0.15207269050659855,-0.03964233640831741,4.474202080397733
2026,3,2026_03_ARI_SF,00-0036972,Mac Jones,QB,SF,ARI,rushing_yards,4.549208264188476,5.446127369633501,-0.5333333333333333,0.85,26.803,1,NOT_LISTED,True,,,,7.5,48.5,28.0,2.5,0.08360624640194532,-0.025580651208790987,4.35315551726842
2026,3,2026_03_LV_NO,00-0036973,Travis Etienne,RB,NO,LV,rushing_yards,43.49914463774149,44.469581926754685,38.0,0.85,26.803,2,NOT_LISTED,True,,Full Participation in Practice,,3.5,43.5,23.5,12.666666666666666,0.47714559386973177,-0.1280111315583914,4.148287727907532
2026,3,2026_03_BAL_DAL,00-0036997,Javonte Williams,RB,DAL,BAL,rushing_yards,46.7055707716847,46.806553849040824,46.13333333333333,0.85,26.803,2,NOT_LISTED,True,,,,-3.0,53.5,25.25,13.0,0.525071474003258,-0.11452311987683957,3.635372405894498
2026,3,2026_03_ARI_SF,00-0037157,Bam Knight,RB,ARI,SF,rushing_yards,19.47611624615538,19.971901466065155,16.666666666666668,0.85,26.803,1,NOT_LISTED,True,,,,-7.5,48.5,20.5,6.0,0.3502260553344145,0.013439506606062177,4.599853469667151
2026,3,2026_03_CIN_PIT,00-0037228,Jaylen Warren,RB,PIT,CIN,rushing_yards,54.49725772144792,53.99677378993873,57.33333333333333,0.85,26.803,2,QUESTIONABLE,True,Questionable,Limited Participation in Practice,Shoulder,-3.5,42.5,19.5,12.166666666666666,0.48855053293459094,-0.053823376492036876,5.039270750800923
2026,3,2026_03_LAC_BUF,00-0037248,James Cook,RB,BUF,LAC,rushing_yards,64.28491872259278,62.38225732069739,75.06666666666666,0.85,26.803,2,NOT_LISTED,True,,,,7.0,50.5,28.75,15.666666666666666,0.5002119864790274,-0.26819146190113974,3.2452353701390924
2026,3,2026_03_SEA_WAS,00-0037256,Rachaad White,RB,WAS,SEA,rushing_yards,26.05409268306978,25.62834433302327,28.466666666666665,0.85,26.803,2,NOT_LISTED,True,,,,-8.5,40.5,16.0,4.833333333333333,0.1543560606060606,-0.19741692162862853,3.804198748357904
2026,3,2026_03_ARI_SF,00-0037263,Tyler Allgeier,RB,ARI,SF,rushing_yards,37.10702864649585,38.14944546646571,31.2,0.85,26.803,2,NOT_LISTED,True,,,,-7.5,48.5,20.5,9.5,0.31746974629327573,0.013439506606062177,4.599853469667151
2026,3,2026_03_LV_NO,00-0037304,Connor Heyward,FB,LV,NO,rushing_yards,8.26068123197764,9.153742625856047,3.2,0.85,26.803,2,NOT_LISTED,True,,,,-3.5,43.5,20.0,2.0,0.07561110806546913,-0.07507712174354708,4.092218943690718
2026,3,2026_03_MIN_TB,00-0037525,Jordan Mason,RB,MIN,TB,rushing_yards,44.65363633956649,43.59251334066646,50.666666666666664,0.85,26.803,1,NOT_LISTED,True,,,,1.5,42.5,22.0,9.666666666666666,0.33549629529231045,-0.15911849383647617,3.9636137350471587
2026,3,2026_03_LA_DEN,00-0037557,Ronnie Rivers,RB,LA,DEN,rushing_yards,13.49140141508078,14.260472253036212,9.133333333333333,0.85,26.803,1,NOT_LISTED,True,,,,1.5,44.5,23.0,2.3333333333333335,0.07410600255427842,0.0592153917514299,4.48265194235589
2026,3,2026_03_ATL_GB,00-0037746,Brian Robinson,RB,ATL,GB,rushing_yards,36.08296244630841,35.63877934859813,38.6,0.85,26.803,3,NOT_LISTED,True,,Full Participation in Practice,,-4.5,43.5,19.5,6.833333333333333,0.22059651129006544,-0.015552808560386894,4.336935688683218
2026,3,2026_03_ARI_SF,00-0037834,Brock Purdy,QB,SF,ARI,rushing_yards,24.82433647821294,24.46392526848581,26.866666666666667,0.85,26.803,2,NOT_LISTED,True,,,,7.5,48.5,28.0,4.166666666666667,0.14494028133796433,-0.025580651208790987,4.35315551726842
2026,3,2026_03_LA_DEN,00-0037840,Kyren Williams,RB,LA,DEN,rushing_yards,57.24435398724009,55.76982822028246,65.6,0.85,26.803,2,NOT_LISTED,True,,,,1.5,44.5,23.0,14.333333333333334,0.49199391944108295,0.0592153917514299,4.48265194235589
2026,3,2026_03_NYJ_DET,00-0038120,Breece Hall,RB,NYJ,DET,rushing_yards,66.85638351568764,65.85456884198545,72.53333333333333,0.85,26.803,2,NOT_LISTED,True,,,,-7.0,49.5,21.25,15.666666666666666,0.6092040947433105,0.0987977070976031,5.061558451924832
2026,3,2026_03_KC_MIA,00-0038128,Malik Willis,QB,MIA,KC,rushing_yards,28.748445749690955,28.139347940812886,32.2,0.85,26.803,2,NOT_LISTED,True,,,,-10.0,45.5,17.75,5.0,0.20834677517365582,-0.10045650693533721,3.8410860045706054
2026,3,2026_03_KC_MIA,00-0038134,Kenneth Walker III,RB,KC,MIA,rushing_yards,103.1523534382205,101.1674746332006,114.39999999999999,0.85,26.803,2,NOT_LISTED,True,,,,10.0,45.5,27.75,16.333333333333332,0.518143891800879,0.014827791906498933,4.071541475723461
2026,3,2026_03_LAC_BUF,00-0038454,Keaton Mitchell,RB,LAC,BUF,rushing_yards,19.57102545941492,20.083559364017553,16.666666666666668,0.85,26.803,2,NOT_LISTED,True,,,,-7.0,50.5,21.75,6.166666666666667,0.1994453652275979,0.009628395696954999,4.351939574173233
2026,3,2026_03_ATL_GB,00-0038542,Bijan Robinson,RB,ATL,GB,rushing_yards,89.9944317615754,85.87580207244164,113.33333333333333,0.85,26.803,3,NOT_LISTED,True,,,,-4.5,43.5,19.5,19.833333333333332,0.5973059211847568,-0.015552808560386894,4.336935688683218
2026,3,2026_03_LV_NO,00-0038551,Kendre Miller,RB,NO,LV,rushing_yards,30.108287972042746,31.127397614167933,24.333333333333336,0.85,26.803,1,NOT_LISTED,True,,Full Participation in Practice,,3.5,43.5,23.5,7.666666666666667,0.2804619367875975,-0.1280111315583914,4.148287727907532
2026,3,2026_03_PHI_CHI,00-0038555,Tank Bigsby,RB,PHI,CHI,rushing_yards,35.140040623795734,34.929459557406744,36.333333333333336,0.85,26.803,2,NOT_LISTED,True,,Full Participation in Practice,,4.5,41.5,23.0,8.833333333333334,0.3074379210940126,-0.031200573550013756,4.679871632996633
2026,3,2026_03_CIN_PIT,00-0038597,Chase Brown,RB,CIN,PIT,rushing_yards,68.0569922612125,67.69057913083824,70.13333333333333,0.85,26.803,2,NOT_LISTED,True,,,,3.5,42.5,23.0,16.0,0.5867572603604587,-0.09540711141969871,4.052129701791111
2026,3,2026_03_NE_JAX,00-0038611,Chris Rodriguez Jr.,RB,JAX,NE,rushing_yards,33.397318371704316,32.702727496122726,37.333333333333336,0.85,26.803,2,NOT_LISTED,True,,,,3.0,46.5,24.75,10.666666666666666,0.36213048689851446,-0.03964233640831741,4.474202080397733
2026,3,2026_03_ATL_GB,00-0038685,Chris Brooks,RB,GB,ATL,rushing_yards,18.396063426389464,18.995368736928782,15.0,0.85,26.803,3,NOT_LISTED,True,,,,4.5,43.5,24.0,4.166666666666667,0.15828523328523328,-0.12091033470297784,4.043277223983745
2026,3,2026_03_BAL_DAL,00-0038705,Emari Demercado,RB,DAL,BAL,rushing_yards,13.960911393386969,13.859895756925846,14.533333333333333,0.85,26.803,2,NOT_LISTED,True,,,,-3.0,53.5,25.25,3.0,0.17282122064730762,-0.11452311987683957,3.635372405894498
2026,3,2026_03_BAL_DAL,00-0038738,Hunter Luepke,RB,DAL,BAL,rushing_yards,8.730011020654961,8.788248259594072,8.4,0.85,26.803,2,NOT_LISTED,True,,,,-3.0,53.5,25.25,2.5,0.07930978594396886,-0.11452311987683957,3.635372405894498
2026,3,2026_03_CAR_CLE,00-0038794,Jaleel McLaughlin,RB,CLE,CAR,rushing_yards,20.12962933103592,18.987799212983433,26.6,0.85,26.803,1,NOT_LISTED,True,,,,-2.5,41.5,19.5,4.166666666666667,0.15724044702032283,0.07309595580440487,4.962078498073564
2026,3,2026_03_SEA_WAS,00-0038797,Emanuel Wilson,RB,SEA,WAS,rushing_yards,44.00774611268874,44.04440719139852,43.8,0.85,26.803,2,NOT_LISTED,True,,,,8.5,40.5,24.5,10.0,0.2874745352686529,0.08299072922762653,4.6573588293555765
2026,3,2026_03_TEN_NYG,00-0039032,Tyjae Spears,RB,TEN,NYG,rushing_yards,27.125337191781412,27.535690813860484,24.800000000000004,0.85,26.803,2,QUESTIONABLE,True,Questionable,Limited Participation in Practice,Ankle,-2.5,37.5,17.5,5.833333333333333,0.21714091262639357,0.04390897621060613,5.140151890131033
2026,3,2026_03_KC_MIA,00-0039040,De'Von Achane,RB,MIA,KC,rushing_yards,58.54943776787506,57.05816207985302,67.0,0.85,26.803,2,NOT_LISTED,True,,,,-10.0,45.5,17.75,13.833333333333334,0.5595353794260439,-0.10045650693533721,3.8410860045706054
2026,3,2026_03_NYJ_DET,00-0039139,Jahmyr Gibbs,RB,DET,NYJ,rushing_yards,81.1454527707794,80.95935620091694,82.19999999999999,0.85,26.803,2,NOT_LISTED,True,,,,7.0,49.5,28.25,16.833333333333332,0.6970819304152638,-0.05633336933176544,4.497211681195923
2026,3,2026_03_CAR_CLE,00-0039150,Bryce Young,QB,CAR,CLE,rushing_yards,16.76767221639171,17.891379078107892,10.4,0.85,26.803,2,NOT_LISTED,True,,,,2.5,41.5,22.0,4.166666666666667,0.17519684616458808,0.08101569354591476,4.816094333109419
2026,3,2026_03_HOU_IND,00-0039163,C.J. Stroud,QB,HOU,IND,rushing_yards,13.437595575407904,13.385406559303416,13.733333333333333,0.85,26.803,2,NOT_LISTED,True,,,,1.5,41.5,21.5,3.5,0.12416301019242194,-0.0372601280485608,4.0507649723386265
2026,3,2026_03_SEA_WAS,00-0039299,George Holani,RB,SEA,WAS,rushing_yards,18.80167671297598,19.390207897618797,15.466666666666667,0.85,26.803,2,NOT_LISTED,True,,Full Participation in Practice,,8.5,40.5,24.5,4.0,0.13299218897044984,0.08299072922762653,4.6573588293555765
2026,3,2026_03_CAR_CLE,00-0039344,Jonathon Brooks,RB,CAR,CLE,rushing_yards,17.788771325089954,19.240907441282296,9.559999999999999,0.85,26.803,2,NOT_LISTED,True,,,,2.5,41.5,22.0,3.6,0.16389101094983446,0.08101569354591476,4.816094333109419
2026,3,2026_03_MIN_TB,00-0039361,Bucky Irving,RB,TB,MIN,rushing_yards,61.5372280808993,60.32615068341094,68.4,0.85,26.803,2,NOT_LISTED,True,,,,-1.5,42.5,20.5,15.833333333333334,0.5940963203463204,-0.18230842360794905,3.8716198226491594
2026,3,2026_03_TEN_NYG,00-0039384,Tyrone Tracy Jr.,RB,NYG,TEN,rushing_yards,30.08046564771415,27.494665467898997,44.733333333333334,0.85,26.803,2,NOT_LISTED,True,,,,2.5,37.5,20.0,10.833333333333334,0.3531236116539231,-0.10456401475868302,3.3122231217035996
2026,3,2026_03_LAC_BUF,00-0039391,Kimani Vidal,RB,LAC,BUF,rushing_yards,15.581308083498044,14.860362451174169,19.666666666666664,0.85,26.803,1,NOT_LISTED,True,,,,-7.0,50.5,21.75,9.833333333333334,0.2763302998815597,0.009628395696954999,4.351939574173233
2026,3,2026_03_HOU_IND,00-0039603,British Brooks,RB,HOU,IND,rushing_yards,10.998383459321499,9.974568775672353,16.8,0.85,26.803,1,NOT_LISTED,True,,,,1.5,41.5,21.5,2.1666666666666665,0.06770833333333333,-0.0372601280485608,4.0507649723386265
2026,3,2026_03_LA_DEN,00-0039732,Bo Nix,QB,DEN,LA,rushing_yards,19.12058108033476,19.071271859217365,19.4,0.85,26.803,2,NOT_LISTED,True,,,,-1.5,44.5,21.5,6.0,0.2298310856600705,0.023102119195384435,4.78275974025974
2026,3,2026_03_LA_DEN,00-0039738,Blake Corum,RB,LA,DEN,rushing_yards,57.982869498285886,57.568081762689275,60.333333333333336,0.85,26.803,2,NOT_LISTED,True,,,,1.5,44.5,23.0,11.0,0.37183975954832466,0.0592153917514299,4.48265194235589
2026,3,2026_03_PHI_CHI,00-0039746,Will Shipley,RB,PHI,CHI,rushing_yards,12.597216743799317,13.384960875058018,8.133333333333333,0.85,26.803,2,LIMITED,True,,Limited Participation in Practice,,4.5,41.5,23.0,2.0,0.0713841093117409,-0.031200573550013756,4.679871632996633
2026,3,2026_03_NYJ_DET,00-0039794,Braelon Allen,RB,NYJ,DET,rushing_yards,25.093564453026126,25.498311121207205,22.799999999999997,0.85,26.803,2,NOT_LISTED,True,,,,-7.0,49.5,21.25,5.5,0.18240106645903745,0.0987977070976031,5.061558451924832
2026,3,2026_03_NYJ_DET,00-0039798,Isaiah Davis,RB,NYJ,DET,rushing_yards,10.422126377038795,10.426031031810346,10.4,0.85,26.803,1,NOT_LISTED,True,,,,-7.0,49.5,21.25,2.8333333333333335,0.10933998599439776,0.0987977070976031,5.061558451924832
2026,3,2026_03_ATL_GB,00-0039811,MarShawn Lloyd,RB,GB,ATL,rushing_yards,30.113581833397802,31.56303745105624,21.9,0.85,26.803,3,NOT_LISTED,True,,,,4.5,43.5,24.0,7.25,0.377508235998802,-0.12091033470297784,4.043277223983745
2026,3,2026_03_NE_JAX,00-0039851,Drake Maye,QB,NE,JAX,rushing_yards,25.075358399717683,23.500421646726686,34.0,0.85,26.803,2,NOT_LISTED,True,,,,-3.0,46.5,21.75,5.5,0.19897306000474055,-0.0532630030634039,4.133786757940202
2026,3,2026_03_KC_MIA,00-0039874,Jaylen Wright,RB,MIA,KC,rushing_yards,15.237012136249632,15.27883780735251,15.0,0.85,26.803,2,DOUBTFUL,False,Doubtful,Did Not Participate In Practice,Stinger,-10.0,45.5,17.75,5.166666666666667,0.19918605181536217,-0.10045650693533721,3.8410860045706054
2026,3,2026_03_LAC_BUF,00-0039875,Ray Davis,RB,BUF,LAC,rushing_yards,19.903586998874086,15.957161175145982,42.266666666666666,0.85,26.803,2,NOT_LISTED,True,,,,7.0,50.5,28.75,4.333333333333333,0.11162374113456712,-0.26819146190113974,3.2452353701390924
2026,3,2026_03_SEA_WAS,00-0039910,Jayden Daniels,QB,WAS,SEA,rushing_yards,33.92041822657504,32.82402144302946,40.13333333333333,0.85,26.803,2,OUT,False,Out,Did Not Participate In Practice,Elbow,-8.5,40.5,16.0,7.333333333333333,0.2391642920219358,-0.19741692162862853,3.804198748357904
2026,3,2026_03_PHI_CHI,00-0039918,Caleb Williams,QB,CHI,PHI,rushing_yards,30.880349715319873,30.52982319449397,32.86666666666667,0.85,26.803,2,OUT,False,Out,Did Not Participate In Practice,Hamstring,-4.5,41.5,18.5,4.5,0.15113709468548178,0.012347858356520861,4.110269611430564
2026,3,2026_03_KC_MIA,00-0040078,Brashard Smith,RB,KC,MIA,rushing_yards,11.585255295467988,10.900300347609397,15.466666666666669,0.85,26.803,1,NOT_LISTED,True,,,,10.0,45.5,27.75,2.5,0.10857666404892792,0.014827791906498933,4.071541475723461
2026,3,2026_03_LV_NO,00-0040122,Ashton Jeanty,RB,LV,NO,rushing_yards,75.84546078469586,75.45348327611279,78.06666666666666,0.85,26.803,2,NOT_LISTED,True,,,,-3.5,43.5,20.0,19.833333333333332,0.756576022308781,-0.07507712174354708,4.092218943690718
2026,3,2026_03_ATL_GB,00-0040142,Kaleb Johnson,RB,GB,ATL,rushing_yards,18.034831154845996,19.29980135864235,10.866666666666667,0.85,26.803,3,NOT_LISTED,True,,,,4.5,43.5,24.0,3.0,0.19669117647058823,-0.12091033470297784,4.043277223983745
2026,3,2026_03_CAR_CLE,00-0040162,Dylan Sampson,RB,CLE,CAR,rushing_yards,20.35670898966284,20.584363517250402,19.06666666666667,0.85,26.803,1,NOT_LISTED,True,,,,-2.5,41.5,19.5,5.666666666666667,0.22415969733174035,0.07309595580440487,4.962078498073564
2026,3,2026_03_KC_MIA,00-0040198,Ollie Gordon II,RB,MIA,KC,rushing_yards,10.19154654851846,11.048878292374658,5.333333333333333,0.85,26.803,1,NOT_LISTED,True,,,,-10.0,45.5,17.75,3.3333333333333335,0.12435229684809163,-0.10045650693533721,3.8410860045706054
2026,3,2026_03_PHI_CHI,00-0040236,Kyle Monangai,RB,CHI,PHI,rushing_yards,47.439783093190165,46.8115095214002,51.0,0.85,26.803,2,NOT_LISTED,True,,Full Participation in Practice,,-4.5,41.5,18.5,9.0,0.3259079630047372,0.012347858356520861,4.110269611430564
2026,3,2026_03_SEA_WAS,00-0040242,Jacory Croskey-Merritt,RB,WAS,SEA,rushing_yards,49.05791981654389,48.70343507828692,51.06666666666666,0.85,26.803,2,NOT_LISTED,True,,,,-8.5,40.5,16.0,13.0,0.44562532748508366,-0.19741692162862853,3.804198748357904
2026,3,2026_03_CAR_CLE,00-0040466,Raheim Sanders,RB,CLE,CAR,rushing_yards,15.624806633451394,16.146831333472228,12.666666666666668,0.85,26.803,2,NOT_LISTED,True,,,,-2.5,41.5,19.5,5.0,0.1900971850340714,0.07309595580440487,4.962078498073564
2026,3,2026_03_NE_JAX,00-0040556,Corey Kiner,RB,NE,JAX,rushing_yards,12.442769724466855,12.979729087608066,9.4,0.85,26.803,2,NOT_LISTED,True,,,,-3.0,46.5,21.75,3.3333333333333335,0.1496679493173182,-0.0532630030634039,4.133786757940202
2026,3,2026_03_HOU_IND,00-0040583,Woody Marks,RB,HOU,IND,rushing_yards,34.5870640643486,34.090663605116006,37.4,0.85,26.803,2,NOT_LISTED,True,,,,1.5,41.5,21.5,13.166666666666666,0.44130814389946266,-0.0372601280485608,4.0507649723386265
2026,3,2026_03_LAC_BUF,00-0040666,Omarion Hampton,RB,LAC,BUF,rushing_yards,57.91134823667637,57.94276263138396,57.733333333333334,0.85,26.803,2,NOT_LISTED,True,,,,-7.0,50.5,21.75,15.5,0.545122889184822,0.009628395696954999,4.351939574173233
2026,3,2026_03_TEN_NYG,00-0040676,Cam Ward,QB,TEN,NYG,rushing_yards,15.7237323013144,16.416155648605177,11.8,0.85,26.803,2,NOT_LISTED,True,,,,-2.5,37.5,17.5,2.8333333333333335,0.12505617492005874,0.04390897621060613,5.140151890131033
2026,3,2026_03_TEN_NYG,00-0040691,Jaxson Dart,QB,NYG,TEN,rushing_yards,24.63707729488642,23.549502699866377,30.8,0.85,26.803,2,DNP,True,,Did Not Participate In Practice,,2.5,37.5,20.0,6.0,0.18681356203255536,-0.10456401475868302,3.3122231217035996
2026,3,2026_03_TEN_NYG,00-0040715,Cam Skattebo,RB,NYG,TEN,rushing_yards,49.39330474441077,49.48624087577738,48.86666666666667,0.85,26.803,2,NOT_LISTED,True,,,,2.5,37.5,20.0,13.833333333333334,0.4508655112103388,-0.10456401475868302,3.3122231217035996
2026,3,2026_03_NE_JAX,00-0040719,Bhayshul Tuten,RB,JAX,NE,rushing_yards,49.69636103867363,50.87807181020427,43.0,0.85,26.803,2,NOT_LISTED,True,,,,3.0,46.5,24.75,7.333333333333333,0.26909722222222215,-0.03964233640831741,4.474202080397733
2026,3,2026_03_LA_DEN,00-0040730,RJ Harvey,RB,DEN,LA,rushing_yards,36.54544391300806,36.57111048589183,36.400000000000006,0.85,26.803,1,NOT_LISTED,True,,Full Participation in Practice,,-1.5,44.5,21.5,12.5,0.4490709993674889,0.023102119195384435,4.78275974025974
2026,3,2026_03_NE_JAX,00-0040734,TreVeyon Henderson,RB,NE,JAX,rushing_yards,59.01320683235245,56.93318450864995,70.8,0.85,26.803,1,NOT_LISTED,True,,,,-3.0,46.5,21.75,13.0,0.43971015659303864,-0.0532630030634039,4.133786757940202
2026,3,2026_03_LV_NO,00-0040743,Tyler Shough,QB,NO,LV,rushing_yards,23.02861850944913,23.492492364057803,20.4,0.85,26.803,2,NOT_LISTED,True,,,,3.5,43.5,23.5,5.0,0.19710516536603495,-0.1280111315583914,4.148287727907532
2026,3,2026_03_CAR_CLE,00-0040784,Quinshon Judkins,RB,CLE,CAR,rushing_yards,45.18970963673511,47.964364278511894,29.466666666666665,0.85,26.803,2,NOT_LISTED,True,,Full Participation in Practice,,-2.5,41.5,19.5,13.5,0.5861989459815548,0.07309595580440487,4.962078498073564
2026,3,2026_03_LV_NO,00-0040878,Mike Washington Jr.,RB,LV,NO,rushing_yards,21.358575940411555,20.892442282837123,24.0,0.85,26.803,2,NOT_LISTED,True,,,,-3.5,43.5,20.0,5.0,0.14631873252562907,-0.07507712174354708,4.092218943690718
2026,3,2026_03_KC_MIA,00-0041013,Emmett Johnson,RB,KC,MIA,rushing_yards,24.495848719213683,25.37746908142786,19.5,0.85,26.803,2,NOT_LISTED,True,,,,10.0,45.5,27.75,5.0,0.1397459165154265,0.014827791906498933,4.071541475723461
2026,3,2026_03_ARI_SF,00-0041027,Jeremiyah Love,RB,ARI,SF,rushing_yards,39.25321276570274,40.003779724356164,35.0,0.85,26.803,2,NOT_LISTED,True,,,,-7.5,48.5,20.5,10.0,0.42647058823529416,0.013439506606062177,4.599853469667151
2026,3,2026_03_ARI_SF,00-0041052,Kaelon Black,RB,SF,ARI,rushing_yards,44.873032960625345,44.850627012500404,45.0,0.85,26.803,2,NOT_LISTED,True,,,,7.5,48.5,28.0,10.5,0.36296296296296293,-0.025580651208790987,4.35315551726842
2026,3,2026_03_SEA_WAS,00-0041096,Kaytron Allen,RB,WAS,SEA,rushing_yards,18.024891339377746,17.676342752209113,20.0,0.85,26.803,2,NOT_LISTED,True,,Full Participation in Practice,,-8.5,40.5,16.0,4.5,0.140625,-0.19741692162862853,3.804198748357904
2026,3,2026_03_LA_DEN,00-0041496,Jonah Coleman,RB,DEN,LA,rushing_yards,20.983740891098737,21.24557751893969,19.5,0.85,26.803,2,OUT,False,Out,Did Not Participate In Practice,Ankle,-1.5,44.5,21.5,5.0,0.17857142857142858,0.023102119195384435,4.78275974025974
2026,3,2026_03_SEA_WAS,00-0041512,Jadarian Price,RB,SEA,WAS,rushing_yards,50.05773159406317,49.714978345956666,52.0,0.85,26.803,2,NOT_LISTED,True,,Full Participation in Practice,,8.5,40.5,24.5,11.5,0.38977272727272727,0.08299072922762653,4.6573588293555765
2026,3,2026_03_CAR_CLE,00-0041547,KC Concepcion,WR,CLE,CAR,rushing_yards,6.68689994365863,7.0728234631278,4.5,0.85,26.803,2,NOT_LISTED,True,,,,-2.5,41.5,19.5,2.0,0.08992094861660078,0.07309595580440487,4.962078498073564
2026,3,2026_03_ARI_SF,00-0029892,Kyle Juszczyk,FB,SF,ARI,receptions,1.420784531003206,1.420784531003206,1.5333333333333332,1.0,1.921,1,NOT_LISTED,True,,,,7.5,48.5,28.0,1.5,0.05876483956194101,0.31951568094901506,7.511676582698416
2026,3,2026_03_HOU_IND,00-0030279,Keenan Allen,WR,IND,HOU,receptions,3.631232106789466,3.631232106789466,4.466666666666667,1.0,1.921,2,NOT_LISTED,True,,Full Participation in Practice,,-1.5,41.5,20.0,6.5,0.2100408121498807,-0.029050199888240563,7.032044628818822
2026,3,2026_03_KC_MIA,00-0030506,Travis Kelce,TE,KC,MIA,receptions,5.110324257208139,5.110324257208139,4.866666666666667,1.0,1.921,2,NOT_LISTED,True,,,,10.0,45.5,27.75,6.833333333333333,0.23960535588442564,0.19644870863920197,7.724095341715023
2026,3,2026_03_LA_DEN,00-0031381,Davante Adams,WR,LA,DEN,receptions,4.390724986867934,4.390724986867934,4.866666666666667,1.0,1.921,2,NOT_LISTED,True,,,,1.5,44.5,23.0,7.333333333333333,0.23440422512462192,-0.13220334149319996,5.367311981367003
2026,3,2026_03_ARI_SF,00-0031408,Mike Evans,WR,SF,ARI,receptions,3.891928153725036,3.891928153725036,3.8666666666666667,1.0,1.921,2,QUESTIONABLE,True,Questionable,Limited Participation in Practice,Hip,7.5,48.5,28.0,6.666666666666667,0.22228991596638656,0.31951568094901506,7.511676582698416
2026,3,2026_03_SEA_WAS,00-0031588,Stefon Diggs,WR,WAS,SEA,receptions,4.271809424357996,4.271809424357996,4.4,1.0,1.921,2,NOT_LISTED,True,,,,-8.5,40.5,16.0,6.333333333333333,0.21612147262248682,-0.3213544122013914,4.620662652985098
2026,3,2026_03_CAR_CLE,00-0031610,Darren Waller,TE,CAR,CLE,receptions,2.3437543047343192,2.3437543047343192,2.3333333333333335,1.0,1.921,2,NOT_LISTED,True,,Full Participation in Practice,,2.5,41.5,22.0,4.0,0.15198340157138332,-0.05907408342206537,6.053959523693425
2026,3,2026_03_NE_JAX,00-0032104,Ameer Abdullah,RB,JAX,NE,receptions,1.3764522676733686,1.3764522676733686,1.5333333333333332,1.0,1.921,2,NOT_LISTED,True,,,,3.0,46.5,24.75,1.8333333333333333,0.06641793710759228,-0.11169973814326586,5.728818523430593
2026,3,2026_03_ATL_GB,00-0032392,Austin Hooper,TE,ATL,GB,receptions,1.9399053792697374,1.9399053792697374,1.8,1.0,1.921,2,NOT_LISTED,True,,,,-4.5,43.5,19.5,2.8333333333333335,0.09373983270897716,0.20452516411601107,6.882638075432193
2026,3,2026_03_BAL_DAL,00-0032398,Chris Moore,WR,BAL,DAL,receptions,1.3454969604736546,1.3454969604736546,0.9333333333333333,1.0,1.921,2,NOT_LISTED,True,,Full Participation in Practice,,3.0,53.5,28.25,1.8333333333333333,0.06780240831964969,0.42990659843334866,8.014247063088831
2026,3,2026_03_PHI_CHI,00-0032464,Kalif Raymond,WR,CHI,PHI,receptions,3.6052823822926987,3.6052823822926987,4.666666666666666,1.0,1.921,2,NOT_LISTED,True,,,,-4.5,41.5,18.5,4.166666666666667,0.13126483317045928,-0.18142734002187402,5.187511362654284
2026,3,2026_03_ARI_SF,00-0032775,Demarcus Robinson,WR,SF,ARI,receptions,2.3062676865474447,2.3062676865474447,2.533333333333333,1.0,1.921,2,OUT,False,Out,Did Not Participate In Practice,Ankle,7.5,48.5,28.0,2.6666666666666665,0.09531354629393844,0.31951568094901506,7.511676582698416
2026,3,2026_03_NE_JAX,00-0033090,Hunter Henry,TE,NE,JAX,receptions,3.2989229797297206,3.2989229797297206,3.5999999999999996,1.0,1.921,2,NOT_LISTED,True,,,,-3.0,46.5,21.75,4.333333333333333,0.16798328911232138,-0.21625265784259895,5.773288325539911
2026,3,2026_03_LA_DEN,00-0033110,Tyler Higbee,TE,LA,DEN,receptions,2.2010755002154148,2.2010755002154148,2.7333333333333334,1.0,1.921,1,NOT_LISTED,True,,,,1.5,44.5,23.0,3.8333333333333335,0.1182326740517759,-0.13220334149319996,5.367311981367003
2026,3,2026_03_PHI_CHI,00-0033246,Johnny Mundt,TE,PHI,CHI,receptions,1.5539392683480981,1.5539392683480981,1.0666666666666667,1.0,1.921,1,NOT_LISTED,True,,,,4.5,41.5,23.0,2.0,0.07291786840503943,0.13520879635727642,7.414350257940411
2026,3,2026_03_ARI_SF,00-0033280,Christian McCaffrey,RB,SF,ARI,receptions,4.443659108869975,4.443659108869975,4.733333333333333,1.0,1.921,2,NOT_LISTED,True,,Full Participation in Practice,,7.5,48.5,28.0,5.666666666666667,0.1908310462232031,0.31951568094901506,7.511676582698416
2026,3,2026_03_ARI_SF,00-0033288,George Kittle,TE,SF,ARI,receptions,4.402727883243575,4.402727883243575,4.199999999999999,1.0,1.921,2,NOT_LISTED,True,,,,7.5,48.5,28.0,6.333333333333333,0.22967306524425024,0.31951568094901506,7.511676582698416
2026,3,2026_03_MIN_TB,00-0033293,Aaron Jones,RB,MIN,TB,receptions,1.3895294652892796,1.3895294652892796,1.1333333333333333,1.0,1.921,2,NOT_LISTED,True,,Full Participation in Practice,,1.5,42.5,22.0,2.0,0.10468426501035195,0.16811077653967452,7.074224300227337
2026,3,2026_03_ARI_SF,00-0033307,Kendrick Bourne,WR,ARI,SF,receptions,3.0086302970306233,3.0086302970306233,3.0666666666666664,1.0,1.921,2,NOT_LISTED,True,,,,-7.5,48.5,20.5,3.5,0.10959981793315128,0.016085585143643485,6.518459342801448
2026,3,2026_03_CIN_PIT,00-0033526,Samaje Perine,RB,CIN,PIT,receptions,1.588238589348792,1.588238589348792,2.1333333333333337,1.0,1.921,2,NOT_LISTED,True,,,,3.5,42.5,23.0,2.1666666666666665,0.06343525302628468,-0.011718475554776432,7.269036656436184
2026,3,2026_03_NE_JAX,00-0033555,Mack Hollins,WR,NE,JAX,receptions,3.156894186565765,3.156894186565765,4.066666666666666,1.0,1.921,2,NOT_LISTED,True,,,,-3.0,46.5,21.75,5.666666666666667,0.19160033514872224,-0.21625265784259895,5.773288325539911
2026,3,2026_03_ATL_GB,00-0033858,Jonnu Smith,TE,GB,ATL,receptions,2.0039280135956687,2.0039280135956687,1.8,1.0,1.921,2,NOT_LISTED,True,,,,4.5,43.5,24.0,2.6666666666666665,0.06913384559153393,0.04409527183471819,6.5884093431633834
2026,3,2026_03_LA_DEN,00-0033881,Evan Engram,TE,DEN,LA,receptions,2.602189640016083,2.602189640016083,2.5999999999999996,1.0,1.921,2,NOT_LISTED,True,,,,-1.5,44.5,21.5,3.5,0.11373260285522903,0.0894779537442274,6.699550988062944
2026,3,2026_03_LAC_BUF,00-0033885,David Njoku,TE,LAC,BUF,receptions,2.2614410764627477,2.2614410764627477,2.2,1.0,1.921,2,NOT_LISTED,True,,,,-7.0,50.5,21.75,2.5,0.09272368529710252,-0.10135847527851205,5.510087261314727
2026,3,2026_03_LV_NO,00-0033906,Alvin Kamara,RB,NO,LV,receptions,2.815315935502022,2.815315935502022,3.0666666666666664,1.0,1.921,1,NOT_LISTED,True,,,,3.5,43.5,23.5,3.1666666666666665,0.10186173947332987,0.09467377023976183,6.4518704601854076
2026,3,2026_03_SEA_WAS,00-0033908,Cooper Kupp,WR,SEA,WAS,receptions,2.2210088417218214,2.2210088417218214,2.2,1.0,1.921,2,LIMITED,True,,Limited Participation in Practice,,8.5,40.5,24.5,3.6666666666666665,0.12897429631300603,0.177249707292282,6.714870452273207
2026,3,2026_03_MIN_TB,00-0033921,Chris Godwin Jr.,WR,TB,MIN,receptions,2.9911242057125706,2.9911242057125706,3.2,1.0,1.921,2,NOT_LISTED,True,,,,-1.5,42.5,20.5,4.5,0.14376332772166106,-0.39206113325193925,4.875093858613679
2026,3,2026_03_LA_DEN,00-0034348,Courtland Sutton,WR,DEN,LA,receptions,3.211063524829831,3.211063524829831,2.7333333333333334,1.0,1.921,2,NOT_LISTED,True,,,,-1.5,44.5,21.5,7.166666666666667,0.20895209614912266,0.0894779537442274,6.699550988062944
2026,3,2026_03_PHI_CHI,00-0034351,Dallas Goedert,TE,PHI,CHI,receptions,3.486217445225648,3.486217445225648,3.2666666666666666,1.0,1.921,2,OUT,False,Out,Did Not Participate In Practice,Knee,4.5,41.5,23.0,5.5,0.21905309814992746,0.13520879635727642,7.414350257940411
2026,3,2026_03_LV_NO,00-0034365,Ian Thomas,TE,LV,NO,receptions,1.2982723879764966,1.2982723879764966,1.4666666666666668,1.0,1.921,1,NOT_LISTED,True,,,,-3.5,43.5,20.0,1.6666666666666667,0.04976013097610194,-0.1147346961968356,5.442485583145638
2026,3,2026_03_HOU_IND,00-0034383,Dalton Schultz,TE,HOU,IND,receptions,5.361753758457796,5.361753758457796,6.4,1.0,1.921,2,DNP,True,,Did Not Participate In Practice,,1.5,41.5,21.5,7.333333333333333,0.2143553637671285,0.2535808651871585,8.015731907346971
2026,3,2026_03_CIN_PIT,00-0034613,Tanner Hudson,TE,CIN,PIT,receptions,1.2700632864310555,1.2700632864310555,1.4,1.0,1.921,1,NOT_LISTED,True,,,,3.5,42.5,23.0,2.0,0.055732850324880685,-0.011718475554776432,7.269036656436184
2026,3,2026_03_BAL_DAL,00-0034753,Mark Andrews,TE,BAL,DAL,receptions,3.7499142212917747,3.7499142212917747,3.7333333333333334,1.0,1.921,2,NOT_LISTED,True,,,,3.0,53.5,28.25,4.333333333333333,0.21130831643002032,0.42990659843334866,8.014247063088831
2026,3,2026_03_LAC_BUF,00-0034827,DJ Moore,WR,BUF,LAC,receptions,2.683765759327176,2.683765759327176,2.2666666666666666,1.0,1.921,2,QUESTIONABLE,True,Questionable,Limited Participation in Practice,Shoulder,7.0,50.5,28.75,4.5,0.15304852661174498,-0.016755209667629334,6.801711491120214
2026,3,2026_03_CIN_PIT,00-0034829,Mike Gesicki,TE,CIN,PIT,receptions,3.3008959855906483,3.3008959855906483,3.0666666666666664,1.0,1.921,1,NOT_LISTED,True,,,,3.5,42.5,23.0,3.8333333333333335,0.11172907879689065,-0.011718475554776432,7.269036656436184
2026,3,2026_03_TEN_NYG,00-0034837,Calvin Ridley,WR,TEN,NYG,receptions,1.9462669535530965,1.9462669535530965,1.6,1.0,1.921,1,NOT_LISTED,True,,,,-2.5,37.5,17.5,4.0,0.130237334521222,0.04696950411862127,7.179857950124495
2026,3,2026_03_PHI_CHI,00-0034844,Saquon Barkley,RB,PHI,CHI,receptions,1.3505102957889652,1.3505102957889652,0.6666666666666666,1.0,1.921,2,NOT_LISTED,True,,Full Participation in Practice,,4.5,41.5,23.0,1.8333333333333333,0.072999397196045,0.13520879635727642,7.414350257940411
2026,3,2026_03_NE_JAX,00-0034960,Jakobi Meyers,WR,JAX,NE,receptions,2.676613655139938,2.676613655139938,3.1333333333333333,1.0,1.921,2,NOT_LISTED,True,,Full Participation in Practice,,3.0,46.5,24.75,5.5,0.17438590664397122,-0.11169973814326586,5.728818523430593
2026,3,2026_03_HOU_IND,00-0034981,Foster Moreau,TE,HOU,IND,receptions,1.4438203237665257,1.4438203237665257,1.5333333333333332,1.0,1.921,2,NOT_LISTED,True,,,,1.5,41.5,21.5,1.5,0.041234998860664666,0.2535808651871585,8.015731907346971
2026,3,2026_03_ATL_GB,00-0035208,Olamide Zaccheaus,WR,ATL,GB,receptions,1.6203095695572278,1.6203095695572278,1.3333333333333333,1.0,1.921,3,NOT_LISTED,True,,,,-4.5,43.5,19.5,2.8333333333333335,0.10450500926538375,0.20452516411601107,6.882638075432193
2026,3,2026_03_MIN_TB,00-0035229,T.J. Hockenson,TE,MIN,TB,receptions,3.3971216398511803,3.3971216398511803,2.9333333333333336,1.0,1.921,2,NOT_LISTED,True,,,,1.5,42.5,22.0,4.0,0.1695100914455053,0.16811077653967452,7.074224300227337
2026,3,2026_03_MIN_TB,00-0035249,Josh Oliver,TE,MIN,TB,receptions,1.8986369717702212,1.8986369717702212,1.6,1.0,1.921,2,NOT_LISTED,True,,,,1.5,42.5,22.0,2.1666666666666665,0.10136164687080018,0.16811077653967452,7.074224300227337
2026,3,2026_03_TEN_NYG,00-0035250,Devin Singletary,RB,NYG,TEN,receptions,1.6608099691860345,1.6608099691860345,1.4666666666666668,1.0,1.921,2,NOT_LISTED,True,,,,2.5,37.5,20.0,1.8333333333333333,0.06863548727772865,0.2637448253876611,8.079561349422214
2026,3,2026_03_TEN_NYG,00-0035261,Tony Pollard,RB,TEN,NYG,receptions,1.3856112427571974,1.3856112427571974,1.5333333333333332,1.0,1.921,2,LIMITED,True,,Limited Participation in Practice,,-2.5,37.5,17.5,1.6666666666666667,0.05872968716105972,0.04696950411862127,7.179857950124495
2026,3,2026_03_LA_DEN,00-0035406,Lil'Jordan Humphrey,WR,DEN,LA,receptions,1.2214790612411235,1.2214790612411235,1.2000000000000002,1.0,1.921,1,NOT_LISTED,True,,,,-1.5,44.5,21.5,2.6666666666666665,0.07411421698536862,0.0894779537442274,6.699550988062944
2026,3,2026_03_LAC_BUF,00-0035500,Greg Dortch,WR,BUF,LAC,receptions,1.176788756982067,1.176788756982067,1.3333333333333335,1.0,1.921,2,NOT_LISTED,True,,,,7.0,50.5,28.75,2.8333333333333335,0.059474847518325775,-0.016755209667629334,6.801711491120214
2026,3,2026_03_CIN_PIT,00-0035631,Drew Sample,TE,CIN,PIT,receptions,1.9526055213604847,1.9526055213604847,2.2,1.0,1.921,1,NOT_LISTED,True,,,,3.5,42.5,23.0,2.1666666666666665,0.060501987147348175,-0.011718475554776432,7.269036656436184
2026,3,2026_03_CIN_PIT,00-0035640,DK Metcalf,WR,PIT,CIN,receptions,4.097291885613256,4.097291885613256,4.066666666666666,1.0,1.921,2,NOT_LISTED,True,,,,-3.5,42.5,19.5,8.0,0.2420626367994789,-0.041728589769477256,6.866920380465325
2026,3,2026_03_LV_NO,00-0035644,Noah Fant,TE,NO,LV,receptions,1.5278590443260485,1.5278590443260485,1.4666666666666668,1.0,1.921,2,NOT_LISTED,True,,,,3.5,43.5,23.5,2.3333333333333335,0.05191251243882824,0.09467377023976183,6.4518704601854076
2026,3,2026_03_SEA_WAS,00-0035659,Terry McLaurin,WR,WAS,SEA,receptions,3.3801619905572746,3.3801619905572746,2.8666666666666663,1.0,1.921,2,NOT_LISTED,True,,,,-8.5,40.5,16.0,5.333333333333333,0.23274942765975112,-0.3213544122013914,4.620662652985098
2026,3,2026_03_PHI_CHI,00-0035662,Marquise Brown,WR,PHI,CHI,receptions,1.4337512198118116,1.4337512198118116,1.4666666666666668,1.0,1.921,1,OUT,False,Out,Did Not Participate In Practice,Ankle,4.5,41.5,23.0,2.6666666666666665,0.10297152560083596,0.13520879635727642,7.414350257940411
2026,3,2026_03_NE_JAX,00-0035676,A.J. Brown,WR,NE,JAX,receptions,4.803474542088871,4.803474542088871,5.733333333333333,1.0,1.921,1,NOT_LISTED,True,,,,-3.0,46.5,21.75,8.333333333333334,0.28570392566060265,-0.21625265784259895,5.773288325539911
2026,3,2026_03_HOU_IND,00-0035685,David Montgomery,RB,HOU,IND,receptions,1.2998383539697425,1.2998383539697425,1.7333333333333334,1.0,1.921,2,NOT_LISTED,True,,,,1.5,41.5,21.5,1.5,0.04069002759565373,0.2535808651871585,8.015731907346971
2026,3,2026_03_LAC_BUF,00-0035689,Dawson Knox,TE,BUF,LAC,receptions,1.712524381142475,1.712524381142475,1.9333333333333336,1.0,1.921,2,NOT_LISTED,True,,,,7.0,50.5,28.75,2.6666666666666665,0.09917397417397417,-0.016755209667629334,6.801711491120214
2026,3,2026_03_ARI_SF,00-0035719,Deebo Samuel Sr.,WR,SF,ARI,receptions,3.9446244896657574,3.9446244896657574,3.4666666666666663,1.0,1.921,2,NOT_LISTED,True,,,,7.5,48.5,28.0,4.833333333333333,0.2270821047717332,0.31951568094901506,7.511676582698416
2026,3,2026_03_LV_NO,00-0036040,Juwan Johnson,TE,NO,LV,receptions,3.551668618870714,3.551668618870714,3.7333333333333334,1.0,1.921,2,NOT_LISTED,True,,,,3.5,43.5,23.5,5.5,0.14589066267659803,0.09467377023976183,6.4518704601854076
2026,3,2026_03_CIN_PIT,00-0036139,Rico Dowdle,RB,PIT,CIN,receptions,2.1224505742592212,2.1224505742592212,2.1333333333333333,1.0,1.921,2,OUT,False,Out,Did Not Participate In Practice,Toe,-3.5,42.5,19.5,3.5,0.1229165801746447,-0.041728589769477256,6.866920380465325
2026,3,2026_03_HOU_IND,00-0036223,Jonathan Taylor,RB,IND,HOU,receptions,3.14694515871009,3.14694515871009,3.0,1.0,1.921,2,NOT_LISTED,True,,Full Participation in Practice,,-1.5,41.5,20.0,3.8333333333333335,0.12932441122096294,-0.029050199888240563,7.032044628818822
2026,3,2026_03_LA_DEN,00-0036244,Colby Parkinson,TE,LA,DEN,receptions,2.235346147233497,2.235346147233497,2.7333333333333334,1.0,1.921,2,QUESTIONABLE,True,Questionable,Did Not Participate In Practice,Knee,1.5,44.5,23.0,4.833333333333333,0.13198637233724955,-0.13220334149319996,5.367311981367003
2026,3,2026_03_CIN_PIT,00-0036252,Michael Pittman,WR,PIT,CIN,receptions,2.9029546861929427,2.9029546861929427,2.9333333333333336,1.0,1.921,1,QUESTIONABLE,True,Questionable,Limited Participation in Practice,Foot,-3.5,42.5,19.5,5.333333333333333,0.1617118987808643,-0.041728589769477256,6.866920380465325
2026,3,2026_03_MIN_TB,00-0036259,Jauan Jennings,WR,MIN,TB,receptions,1.9317350631705452,1.9317350631705452,2.4000000000000004,1.0,1.921,1,NOT_LISTED,True,,,,1.5,42.5,22.0,4.666666666666667,0.1680286299851517,0.16811077653967452,7.074224300227337
2026,3,2026_03_PHI_CHI,00-0036275,D'Andre Swift,RB,CHI,PHI,receptions,1.9056657212028152,1.9056657212028152,2.2,1.0,1.921,2,NOT_LISTED,True,,,,-4.5,41.5,18.5,2.3333333333333335,0.07616989226184628,-0.18142734002187402,5.187511362654284
2026,3,2026_03_PHI_CHI,00-0036290,Cole Kmet,TE,CHI,PHI,receptions,1.5357287638127326,1.5357287638127326,1.4666666666666668,1.0,1.921,2,NOT_LISTED,True,,,,-4.5,41.5,18.5,2.8333333333333335,0.09678095425221861,-0.18142734002187402,5.187511362654284
2026,3,2026_03_TEN_NYG,00-0036309,Darnell Mooney,WR,NYG,TEN,receptions,2.2532453011303644,2.2532453011303644,2.3333333333333335,1.0,1.921,2,NOT_LISTED,True,,,,2.5,37.5,20.0,3.8333333333333335,0.12520230723351858,0.2637448253876611,8.079561349422214
2026,3,2026_03_MIN_TB,00-0036322,Justin Jefferson,WR,MIN,TB,receptions,5.614238525812314,5.614238525812314,5.866666666666667,1.0,1.921,2,NOT_LISTED,True,,,,1.5,42.5,22.0,7.833333333333333,0.3520104609349461,0.16811077653967452,7.074224300227337
2026,3,2026_03_BAL_DAL,00-0036358,CeeDee Lamb,WR,DAL,BAL,receptions,5.379218392061427,5.379218392061427,4.866666666666667,1.0,1.921,2,NOT_LISTED,True,,,,-3.0,53.5,25.25,7.5,0.23045159527890943,0.12110709483111504,6.998002374214828
2026,3,2026_03_CAR_CLE,00-0036407,Jerry Jeudy,WR,CLE,CAR,receptions,2.45071778619004,2.45071778619004,1.7333333333333334,1.0,1.921,2,NOT_LISTED,True,,,,-2.5,41.5,19.5,4.333333333333333,0.1803990055275703,0.003381293981345925,6.580790749555341
2026,3,2026_03_CIN_PIT,00-0036410,Tee Higgins,WR,CIN,PIT,receptions,4.239768914637692,4.239768914637692,4.6000000000000005,1.0,1.921,2,NOT_LISTED,True,,,,3.5,42.5,23.0,7.333333333333333,0.21495637321313943,-0.011718475554776432,7.269036656436184
2026,3,2026_03_LA_DEN,00-0036422,Adam Trautman,TE,DEN,LA,receptions,1.8807986124803833,1.8807986124803833,2.0,1.0,1.921,1,NOT_LISTED,True,,,,-1.5,44.5,21.5,2.5,0.06778985760279997,0.0894779537442274,6.699550988062944
2026,3,2026_03_BAL_DAL,00-0036550,Rashod Bateman,WR,BAL,DAL,receptions,2.3006320385612726,2.3006320385612726,2.2666666666666666,1.0,1.921,2,NOT_LISTED,True,,,,3.0,53.5,28.25,2.8333333333333335,0.10437565308254963,0.42990659843334866,8.014247063088831
2026,3,2026_03_HOU_IND,00-0036554,Nico Collins,WR,HOU,IND,receptions,4.699566054873387,4.699566054873387,4.533333333333333,1.0,1.921,1,OUT,False,Out,Did Not Participate In Practice,Hamstring,1.5,41.5,21.5,7.5,0.24191079276863592,0.2535808651871585,8.015731907346971
2026,3,2026_03_CAR_CLE,00-0036555,Chuba Hubbard,RB,CAR,CLE,receptions,2.0824073908949816,2.0824073908949816,2.2,1.0,1.921,2,NOT_LISTED,True,,,,2.5,41.5,22.0,2.0,0.0737528613595976,-0.05907408342206537,6.053959523693425
2026,3,2026_03_LA_DEN,00-0036613,Jaylen Waddle,WR,DEN,LA,receptions,4.020360422226545,4.020360422226545,3.2,1.0,1.921,2,NOT_LISTED,True,,,,-1.5,44.5,21.5,5.666666666666667,0.21648625958970788,0.0894779537442274,6.699550988062944
2026,3,2026_03_SEA_WAS,00-0036626,Dyami Brown,WR,WAS,SEA,receptions,1.5817537618316044,1.5817537618316044,1.3333333333333335,1.0,1.921,2,NOT_LISTED,True,,,,-8.5,40.5,16.0,1.8333333333333333,0.06110449605281885,-0.3213544122013914,4.620662652985098
2026,3,2026_03_SEA_WAS,00-0036628,John Bates,TE,WAS,SEA,receptions,1.510124398546266,1.510124398546266,1.2666666666666666,1.0,1.921,1,NOT_LISTED,True,,,,-8.5,40.5,16.0,1.5,0.06094264636687504,-0.3213544122013914,4.620662652985098
2026,3,2026_03_KC_MIA,00-0036637,Noah Gray,TE,KC,MIA,receptions,1.2971771783023924,1.2971771783023924,1.2,1.0,1.921,2,NOT_LISTED,True,,,,10.0,45.5,27.75,1.8333333333333333,0.06389512608037066,0.19644870863920197,7.724095341715023
2026,3,2026_03_NYJ_DET,00-0036754,Brock Wright,TE,DET,NYJ,receptions,1.2631280961854419,1.2631280961854419,1.2666666666666666,1.0,1.921,2,NOT_LISTED,True,,,,7.0,49.5,28.25,2.3333333333333335,0.06406273429299746,0.337387465014253,7.220190990999079
2026,3,2026_03_LA_DEN,00-0036849,Tutu Atwell,WR,LA,DEN,receptions,1.2169121744181197,1.2169121744181197,0.8,1.0,1.921,1,NOT_LISTED,True,,,,1.5,44.5,23.0,2.3333333333333335,0.06085227103533739,-0.13220334149319996,5.367311981367003
2026,3,2026_03_NE_JAX,00-0036875,Rhamondre Stevenson,RB,NE,JAX,receptions,2.980662277630855,2.980662277630855,2.8,1.0,1.921,2,NOT_LISTED,True,,,,-3.0,46.5,21.75,3.5,0.13276311502117952,-0.21625265784259895,5.773288325539911
2026,3,2026_03_TEN_NYG,00-0036893,Najee Harris,RB,NYG,TEN,receptions,0.9394792543367125,0.9394792543367125,1.0,1.0,1.921,1,NOT_LISTED,True,,,,2.5,37.5,20.0,2.0,0.0650308910281865,0.2637448253876611,8.079561349422214
2026,3,2026_03_CIN_PIT,00-0036894,Pat Freiermuth,TE,PIT,CIN,receptions,3.505654942844529,3.505654942844529,3.8666666666666667,1.0,1.921,2,NOT_LISTED,True,,,,-3.5,42.5,19.5,4.833333333333333,0.13491501868694852,-0.041728589769477256,6.866920380465325
2026,3,2026_03_CIN_PIT,00-0036900,Ja'Marr Chase,WR,CIN,PIT,receptions,5.158890531300461,5.158890531300461,6.2666666666666675,1.0,1.921,2,NOT_LISTED,True,,,,3.5,42.5,23.0,9.833333333333334,0.29052299350911154,-0.011718475554776432,7.269036656436184
2026,3,2026_03_PHI_CHI,00-0036912,DeVonta Smith,WR,PHI,CHI,receptions,4.4039263569844245,4.4039263569844245,4.933333333333334,1.0,1.921,2,NOT_LISTED,True,,Full Participation in Practice,,4.5,41.5,23.0,6.333333333333333,0.23116219667943805,0.13520879635727642,7.414350257940411
2026,3,2026_03_MIN_TB,00-0036919,Kenny Gainwell,RB,TB,MIN,receptions,2.8779751706905143,2.8779751706905143,4.2,1.0,1.921,2,NOT_LISTED,True,,,,-1.5,42.5,20.5,5.333333333333333,0.15239541774629492,-0.39206113325193925,4.875093858613679
2026,3,2026_03_NYJ_DET,00-0036963,Amon-Ra St. Brown,WR,DET,NYJ,receptions,7.339164990829451,7.339164990829451,9.666666666666666,1.0,1.921,2,NOT_LISTED,True,,,,7.0,49.5,28.25,13.666666666666666,0.3687972140785208,0.337387465014253,7.220190990999079
2026,3,2026_03_ATL_GB,00-0036970,Kyle Pitts,TE,ATL,GB,receptions,1.953104151662783,1.953104151662783,1.5333333333333334,1.0,1.921,3,NOT_LISTED,True,,,,-4.5,43.5,19.5,4.5,0.15851136276463784,0.20452516411601107,6.882638075432193
2026,3,2026_03_LV_NO,00-0036973,Travis Etienne,RB,NO,LV,receptions,2.904076771805818,2.904076771805818,3.2666666666666666,1.0,1.921,2,NOT_LISTED,True,,Full Participation in Practice,,3.5,43.5,23.5,4.0,0.10577172573140314,0.09467377023976183,6.4518704601854076
2026,3,2026_03_LAC_BUF,00-0036988,Josh Palmer,WR,BUF,LAC,receptions,1.594930807382652,1.594930807382652,1.0,1.0,1.921,2,NOT_LISTED,True,,,,7.0,50.5,28.75,2.1666666666666665,0.07979982979982979,-0.016755209667629334,6.801711491120214
2026,3,2026_03_BAL_DAL,00-0036997,Javonte Williams,RB,DAL,BAL,receptions,2.6972766812034874,2.6972766812034874,2.4,1.0,1.921,2,NOT_LISTED,True,,,,-3.0,53.5,25.25,3.0,0.08835181054424363,0.12110709483111504,6.998002374214828
2026,3,2026_03_ARI_SF,00-0037004,Hunter Long,TE,ARI,SF,receptions,0.9205556426654755,0.9205556426654755,0.6,1.0,1.921,2,NOT_LISTED,True,,,,-7.5,48.5,20.5,1.6666666666666667,0.04436124159528415,0.016085585143643485,6.518459342801448
2026,3,2026_03_CAR_CLE,00-0037005,Tommy Tremble,TE,CAR,CLE,receptions,2.085950204461736,2.085950204461736,2.1333333333333337,1.0,1.921,2,NOT_LISTED,True,,,,2.5,41.5,22.0,2.8333333333333335,0.10379487816632028,-0.05907408342206537,6.053959523693425
2026,3,2026_03_LA_DEN,00-0037085,Tyler Badie,RB,DEN,LA,receptions,1.6166124708735872,1.6166124708735872,1.2666666666666666,1.0,1.921,1,NOT_LISTED,True,,,,-1.5,44.5,21.5,1.6666666666666667,0.052441661113887504,0.0894779537442274,6.699550988062944
2026,3,2026_03_ARI_SF,00-0037157,Bam Knight,RB,ARI,SF,receptions,1.1991646043033053,1.1991646043033053,1.5333333333333334,1.0,1.921,1,NOT_LISTED,True,,,,-7.5,48.5,20.5,3.0,0.06626149017453366,0.016085585143643485,6.518459342801448
2026,3,2026_03_CIN_PIT,00-0037228,Jaylen Warren,RB,PIT,CIN,receptions,2.7817859219232735,2.7817859219232735,3.533333333333333,1.0,1.921,2,QUESTIONABLE,True,Questionable,Limited Participation in Practice,Shoulder,-3.5,42.5,19.5,3.3333333333333335,0.09127488732751891,-0.041728589769477256,6.866920380465325
2026,3,2026_03_LV_NO,00-0037231,Kevin Austin Jr.,WR,NO,LV,receptions,2.0157186927366206,2.0157186927366206,2.7333333333333334,1.0,1.921,1,NOT_LISTED,True,,,,3.5,43.5,23.5,4.0,0.1217752368758755,0.09467377023976183,6.4518704601854076
2026,3,2026_03_ATL_GB,00-0037238,Drake London,WR,ATL,GB,receptions,4.429648343774524,4.429648343774524,4.533333333333333,1.0,1.921,3,NOT_LISTED,True,,,,-4.5,43.5,19.5,6.166666666666667,0.2347600052299161,0.20452516411601107,6.882638075432193
2026,3,2026_03_LV_NO,00-0037239,Chris Olave,WR,NO,LV,receptions,6.636652777714698,6.636652777714698,8.2,1.0,1.921,2,NOT_LISTED,True,,,,3.5,43.5,23.5,10.666666666666666,0.30844258666124375,0.09467377023976183,6.4518704601854076
2026,3,2026_03_NYJ_DET,00-0037240,Jameson Williams,WR,DET,NYJ,receptions,3.9209072961314098,3.9209072961314098,4.133333333333333,1.0,1.921,2,NOT_LISTED,True,,,,7.0,49.5,28.25,7.166666666666667,0.18298961742700395,0.337387465014253,7.220190990999079
2026,3,2026_03_BAL_DAL,00-0037247,George Pickens,WR,DAL,BAL,receptions,4.15623713008959,4.15623713008959,3.6,1.0,1.921,2,NOT_LISTED,True,,,,-3.0,53.5,25.25,6.166666666666667,0.19667779317586473,0.12110709483111504,6.998002374214828
2026,3,2026_03_LAC_BUF,00-0037248,James Cook,RB,BUF,LAC,receptions,1.9159239179922802,1.9159239179922802,1.3333333333333333,1.0,1.921,2,NOT_LISTED,True,,,,7.0,50.5,28.75,2.6666666666666665,0.09961797461797461,-0.016755209667629334,6.801711491120214
2026,3,2026_03_KC_MIA,00-0037252,Greg Dulcich,TE,MIA,KC,receptions,2.4144810702631636,2.4144810702631636,2.5333333333333337,1.0,1.921,2,NOT_LISTED,True,,,,-10.0,45.5,17.75,3.3333333333333335,0.13737902481030917,-0.014461983071213255,5.911831584285608
2026,3,2026_03_SEA_WAS,00-0037256,Rachaad White,RB,WAS,SEA,receptions,2.3505233362585463,2.3505233362585463,3.0,1.0,1.921,2,NOT_LISTED,True,,,,-8.5,40.5,16.0,2.5,0.08217495697338496,-0.3213544122013914,4.620662652985098
2026,3,2026_03_LAC_BUF,00-0037261,Khalil Shakir,WR,BUF,LAC,receptions,4.041515673677639,4.041515673677639,4.199999999999999,1.0,1.921,2,NOT_LISTED,True,,,,7.0,50.5,28.75,5.333333333333333,0.20364820364820366,-0.016755209667629334,6.801711491120214
2026,3,2026_03_LV_NO,00-0037291,Jalen Nailor,WR,LV,NO,receptions,2.242409003539533,2.242409003539533,2.066666666666667,1.0,1.921,2,NOT_LISTED,True,,,,-3.5,43.5,20.0,3.1666666666666665,0.12376341591109206,-0.1147346961968356,5.442485583145638
2026,3,2026_03_SEA_WAS,00-0037545,Rashid Shaheed,WR,SEA,WAS,receptions,2.328200923420436,2.328200923420436,1.7333333333333334,1.0,1.921,2,NOT_LISTED,True,,,,8.5,40.5,24.5,3.1666666666666665,0.11284526405494148,0.177249707292282,6.714870452273207
2026,3,2026_03_CAR_CLE,00-0037614,John Metchie III,WR,CAR,CLE,receptions,1.6100217137971828,1.6100217137971828,2.2,1.0,1.921,1,NOT_LISTED,True,,,,2.5,41.5,22.0,4.166666666666667,0.13814616755793227,-0.05907408342206537,6.053959523693425
2026,3,2026_03_HOU_IND,00-0037664,Alec Pierce,WR,IND,HOU,receptions,2.6069148463352114,2.6069148463352114,2.7333333333333334,1.0,1.921,2,OUT,False,Out,Did Not Participate In Practice,Heel,-1.5,41.5,20.0,4.0,0.12905625664246353,-0.029050199888240563,7.032044628818822
2026,3,2026_03_NYJ_DET,00-0037740,Garrett Wilson,WR,NYJ,DET,receptions,4.621106021197187,4.621106021197187,3.933333333333333,1.0,1.921,2,NOT_LISTED,True,,,,-7.0,49.5,21.25,7.166666666666667,0.2991814278046162,0.08251010435421066,6.638245519369171
2026,3,2026_03_ATL_GB,00-0037741,Jahan Dotson,WR,ATL,GB,receptions,1.9164049564826713,1.9164049564826713,1.4666666666666668,1.0,1.921,3,NOT_LISTED,True,,,,-4.5,43.5,19.5,3.6666666666666665,0.13359311941316507,0.20452516411601107,6.882638075432193
2026,3,2026_03_SEA_WAS,00-0037742,Treylon Burks,WR,WAS,SEA,receptions,1.1071781804046845,1.1071781804046845,0.9333333333333333,1.0,1.921,1,NOT_LISTED,True,,,,-8.5,40.5,16.0,2.5,0.12669602928890852,-0.3213544122013914,4.620662652985098
2026,3,2026_03_ARI_SF,00-0037744,Trey McBride,TE,ARI,SF,receptions,6.8425807397271825,6.8425807397271825,8.133333333333333,1.0,1.921,2,NOT_LISTED,True,,,,-7.5,48.5,20.5,10.833333333333334,0.33517948753883414,0.016085585143643485,6.518459342801448
2026,3,2026_03_BAL_DAL,00-0037801,KaVontae Turpin,WR,DAL,BAL,receptions,1.1466538036649179,1.1466538036649179,0.6,1.0,1.921,2,NOT_LISTED,True,,,,-3.0,53.5,25.25,1.5,0.04778870485392225,0.12110709483111504,6.998002374214828
2026,3,2026_03_NYJ_DET,00-0037805,Jeremy Ruckert,TE,NYJ,DET,receptions,1.5034729938109856,1.5034729938109856,1.4666666666666668,1.0,1.921,2,NOT_LISTED,True,,,,-7.0,49.5,21.25,2.3333333333333335,0.0728781850904613,0.08251010435421066,6.638245519369171
2026,3,2026_03_SEA_WAS,00-0037809,Chig Okonkwo,TE,WAS,SEA,receptions,2.6695137703446754,2.6695137703446754,2.666666666666667,1.0,1.921,1,OUT,False,Out,Did Not Participate In Practice,Hamstring,-8.5,40.5,16.0,5.166666666666667,0.1755803243159565,-0.3213544122013914,4.620662652985098
2026,3,2026_03_NE_JAX,00-0037816,Romeo Doubs,WR,NE,JAX,receptions,2.3091783571986975,2.3091783571986975,2.0666666666666664,1.0,1.921,2,NOT_LISTED,True,,,,-3.0,46.5,21.75,3.5,0.13792337318284023,-0.21625265784259895,5.773288325539911
2026,3,2026_03_TEN_NYG,00-0037838,Isaiah Likely,TE,NYG,TEN,receptions,3.96546775853596,3.96546775853596,4.466666666666667,1.0,1.921,2,NOT_LISTED,True,,,,2.5,37.5,20.0,4.833333333333333,0.1729712182678714,0.2637448253876611,8.079561349422214
2026,3,2026_03_LA_DEN,00-0037840,Kyren Williams,RB,LA,DEN,receptions,2.0180791606164368,2.0180791606164368,2.5999999999999996,1.0,1.921,2,NOT_LISTED,True,,,,1.5,44.5,23.0,3.3333333333333335,0.09126033928665507,-0.13220334149319996,5.367311981367003
2026,3,2026_03_BAL_DAL,00-0038041,Jake Ferguson,TE,DAL,BAL,receptions,2.3184666389183137,2.3184666389183137,2.2666666666666666,1.0,1.921,2,NOT_LISTED,True,,,,-3.0,53.5,25.25,3.0,0.09624945271859715,0.12110709483111504,6.998002374214828
2026,3,2026_03_ATL_GB,00-0038090,Skyy Moore,WR,GB,ATL,receptions,1.7202445214142599,1.7202445214142599,1.4,1.0,1.921,3,NOT_LISTED,True,,,,4.5,43.5,24.0,2.0,0.0493343680209806,0.04409527183471819,6.5884093431633834
2026,3,2026_03_KC_MIA,00-0038104,Tyquan Thornton,WR,KC,MIA,receptions,1.7725722704179532,1.7725722704179532,1.7333333333333334,1.0,1.921,2,NOT_LISTED,True,,,,10.0,45.5,27.75,2.0,0.05995455760491847,0.19644870863920197,7.724095341715023
2026,3,2026_03_TEN_NYG,00-0038115,Daniel Bellinger,TE,TEN,NYG,receptions,1.2744525243417382,1.2744525243417382,1.1333333333333333,1.0,1.921,2,LIMITED,True,,Limited Participation in Practice,,-2.5,37.5,17.5,2.1666666666666665,0.07173678858516587,0.04696950411862127,7.179857950124495
2026,3,2026_03_TEN_NYG,00-0038117,Wan'Dale Robinson,WR,TEN,NYG,receptions,4.375912937763408,4.375912937763408,5.533333333333333,1.0,1.921,2,NOT_LISTED,True,,,,-2.5,37.5,17.5,7.5,0.3047529061727845,0.04696950411862127,7.179857950124495
2026,3,2026_03_NYJ_DET,00-0038120,Breece Hall,RB,NYJ,DET,receptions,2.5418025499065946,2.5418025499065946,2.6666666666666665,1.0,1.921,2,NOT_LISTED,True,,,,-7.0,49.5,21.25,2.6666666666666665,0.08359678412427773,0.08251010435421066,6.638245519369171
2026,3,2026_03_ATL_GB,00-0038124,Christian Watson,WR,GB,ATL,receptions,4.821574127173798,4.821574127173798,5.2,1.0,1.921,3,NOT_LISTED,True,,,,4.5,43.5,24.0,7.666666666666667,0.23404627751483734,0.04409527183471819,6.5884093431633834
2026,3,2026_03_MIN_TB,00-0038129,Cade Otton,TE,TB,MIN,receptions,3.611381173453579,3.611381173453579,4.6,1.0,1.921,2,NOT_LISTED,True,,,,-1.5,42.5,20.5,5.0,0.181643418310085,-0.39206113325193925,4.875093858613679
2026,3,2026_03_KC_MIA,00-0038134,Kenneth Walker III,RB,KC,MIA,receptions,4.125412248043507,4.125412248043507,3.8666666666666663,1.0,1.921,2,NOT_LISTED,True,,,,10.0,45.5,27.75,4.333333333333333,0.13840076569258863,0.19644870863920197,7.724095341715023
2026,3,2026_03_LA_DEN,00-0038359,Xavier Smith,WR,LA,DEN,receptions,0.8149343909674831,0.8149343909674831,0.6666666666666667,1.0,1.921,2,NOT_LISTED,True,,,,1.5,44.5,23.0,1.8333333333333333,0.04928678678678678,-0.13220334149319996,5.367311981367003
2026,3,2026_03_PHI_CHI,00-0038393,Dontayvion Wicks,WR,PHI,CHI,receptions,2.9954819220154376,2.9954819220154376,2.7333333333333334,1.0,1.921,2,NOT_LISTED,True,,,,4.5,41.5,23.0,3.6666666666666665,0.12975949488119873,0.13520879635727642,7.414350257940411
2026,3,2026_03_ATL_GB,00-0038542,Bijan Robinson,RB,ATL,GB,receptions,4.5072670203469345,4.5072670203469345,4.466666666666667,1.0,1.921,3,NOT_LISTED,True,,,,-4.5,43.5,19.5,6.333333333333333,0.2609723301736728,0.20452516411601107,6.882638075432193
2026,3,2026_03_SEA_WAS,00-0038543,Jaxon Smith-Njigba,WR,SEA,WAS,receptions,6.992590554134329,6.992590554134329,7.7333333333333325,1.0,1.921,2,NOT_LISTED,True,,,,8.5,40.5,24.5,10.666666666666666,0.3904538561796626,0.177249707292282,6.714870452273207
2026,3,2026_03_LAC_BUF,00-0038544,Quentin Johnston,WR,LAC,BUF,receptions,3.0624059714812146,3.0624059714812146,2.7333333333333334,1.0,1.921,2,NOT_LISTED,True,,,,-7.0,50.5,21.75,5.0,0.1874096307827023,-0.10135847527851205,5.510087261314727
2026,3,2026_03_CIN_PIT,00-0038558,Darnell Washington,TE,PIT,CIN,receptions,1.6627093551585044,1.6627093551585044,1.8,1.0,1.921,2,NOT_LISTED,True,,,,-3.5,42.5,19.5,2.5,0.07431274975134623,-0.041728589769477256,6.866920380465325
2026,3,2026_03_ARI_SF,00-0038559,Michael Wilson,WR,ARI,SF,receptions,4.253047199464339,4.253047199464339,4.0,1.0,1.921,2,NOT_LISTED,True,,,,-7.5,48.5,20.5,7.666666666666667,0.2371284149868542,0.016085585143643485,6.518459342801448
2026,3,2026_03_LV_NO,00-0038563,Tre Tucker,WR,LV,NO,receptions,3.306851882583649,3.306851882583649,3.0,1.0,1.921,2,NOT_LISTED,True,,,,-3.5,43.5,20.0,5.166666666666667,0.1952730028592098,-0.1147346961968356,5.442485583145638
2026,3,2026_03_CIN_PIT,00-0038597,Chase Brown,RB,CIN,PIT,receptions,3.4811509192066294,3.4811509192066294,4.133333333333333,1.0,1.921,2,NOT_LISTED,True,,,,3.5,42.5,23.0,5.166666666666667,0.15167357351268268,-0.011718475554776432,7.269036656436184
2026,3,2026_03_NE_JAX,00-0038606,Parker Washington,WR,JAX,NE,receptions,5.316931871365467,5.316931871365467,5.666666666666667,1.0,1.921,2,NOT_LISTED,True,,,,3.0,46.5,24.75,8.333333333333334,0.2779559513430481,-0.11169973814326586,5.728818523430593
2026,3,2026_03_HOU_IND,00-0038608,Kayshon Boutte,WR,HOU,IND,receptions,1.9625965395909257,1.9625965395909257,2.0,1.0,1.921,2,NOT_LISTED,True,,,,1.5,41.5,21.5,3.3333333333333335,0.10626730626730628,0.2535808651871585,8.015731907346971
2026,3,2026_03_HOU_IND,00-0038618,Xavier Hutchinson,WR,HOU,IND,receptions,3.244225016907116,3.244225016907116,3.1999999999999997,1.0,1.921,2,NOT_LISTED,True,,,,1.5,41.5,21.5,5.166666666666667,0.1524536592183651,0.2535808651871585,8.015731907346971
2026,3,2026_03_CIN_PIT,00-0038619,Andrei Iosivas,WR,CIN,PIT,receptions,1.3849051507536774,1.3849051507536774,1.6666666666666667,1.0,1.921,2,OUT,False,Out,Did Not Participate In Practice,Thumb,3.5,42.5,23.0,2.5,0.07354912519448621,-0.011718475554776432,7.269036656436184
2026,3,2026_03_NE_JAX,00-0038621,DeMario Douglas,WR,NE,JAX,receptions,2.3779415204689283,2.3779415204689283,2.2666666666666666,1.0,1.921,2,NOT_LISTED,True,,,,-3.0,46.5,21.75,2.6666666666666665,0.09977726574500768,-0.21625265784259895,5.773288325539911
2026,3,2026_03_HOU_IND,00-0038728,Jared Wayne,WR,HOU,IND,receptions,1.7310643894111464,1.7310643894111464,1.6666666666666667,1.0,1.921,2,NOT_LISTED,True,,,,1.5,41.5,21.5,3.3333333333333335,0.07321953532479848,0.2535808651871585,8.015731907346971
2026,3,2026_03_LA_DEN,00-0038783,Nate Adkins,TE,DEN,LA,receptions,1.3618286795131989,1.3618286795131989,1.0666666666666667,1.0,1.921,2,NOT_LISTED,True,,,,-1.5,44.5,21.5,1.6666666666666667,0.050062001675480645,0.0894779537442274,6.699550988062944
2026,3,2026_03_LAC_BUF,00-0038933,Dalton Kincaid,TE,BUF,LAC,receptions,4.099636851017681,4.099636851017681,4.466666666666667,1.0,1.921,2,NOT_LISTED,True,,,,7.0,50.5,28.75,4.5,0.16695495862162527,-0.016755209667629334,6.801711491120214
2026,3,2026_03_NE_JAX,00-0038935,Brenton Strange,TE,JAX,NE,receptions,2.7838714484209115,2.7838714484209115,3.2666666666666666,1.0,1.921,2,NOT_LISTED,True,,,,3.0,46.5,24.75,4.333333333333333,0.14168534894341345,-0.11169973814326586,5.728818523430593
2026,3,2026_03_LA_DEN,00-0038976,Marvin Mims Jr.,WR,DEN,LA,receptions,1.3028246132796852,1.3028246132796852,1.8666666666666667,1.0,1.921,1,QUESTIONABLE,True,Questionable,Limited Participation in Practice,Foot,-1.5,44.5,21.5,2.8333333333333335,0.08650634329982156,0.0894779537442274,6.699550988062944
2026,3,2026_03_MIN_TB,00-0038994,Jordan Addison,WR,MIN,TB,receptions,2.420829495420385,2.420829495420385,1.0666666666666667,1.0,1.921,2,NOT_LISTED,True,,,,1.5,42.5,22.0,2.6666666666666665,0.12255185064109549,0.16811077653967452,7.074224300227337
2026,3,2026_03_ATL_GB,00-0038996,Tucker Kraft,TE,GB,ATL,receptions,3.8146061636104474,3.8146061636104474,3.333333333333333,1.0,1.921,3,NOT_LISTED,True,,,,4.5,43.5,24.0,6.5,0.1850518368266847,0.04409527183471819,6.5884093431633834
2026,3,2026_03_HOU_IND,00-0038997,Josh Downs,WR,IND,HOU,receptions,4.073988763961777,4.073988763961777,4.133333333333333,1.0,1.921,2,NOT_LISTED,True,,,,-1.5,41.5,20.0,6.0,0.19564410685100342,-0.029050199888240563,7.032044628818822
2026,3,2026_03_TEN_NYG,00-0039032,Tyjae Spears,RB,TEN,NYG,receptions,2.6154884655444812,2.6154884655444812,3.4666666666666663,1.0,1.921,2,QUESTIONABLE,True,Questionable,Limited Participation in Practice,Ankle,-2.5,37.5,17.5,3.6666666666666665,0.13150458836733347,0.04696950411862127,7.179857950124495
2026,3,2026_03_KC_MIA,00-0039040,De'Von Achane,RB,MIA,KC,receptions,3.4254845078969036,3.4254845078969036,3.3333333333333335,1.0,1.921,2,NOT_LISTED,True,,,,-10.0,45.5,17.75,4.0,0.16070915683609335,-0.014461983071213255,5.911831584285608
2026,3,2026_03_ARI_SF,00-0039041,Elijah Higgins,TE,ARI,SF,receptions,1.2272452687162563,1.2272452687162563,1.4,1.0,1.921,1,NOT_LISTED,True,,,,-7.5,48.5,20.5,2.5,0.0811558677257407,0.016085585143643485,6.518459342801448
2026,3,2026_03_BAL_DAL,00-0039064,Zay Flowers,WR,BAL,DAL,receptions,5.078447607126162,5.078447607126162,4.666666666666666,1.0,1.921,1,QUESTIONABLE,True,Questionable,Limited Participation in Practice,Hamstring,3.0,53.5,28.25,6.666666666666667,0.3254901960784314,0.42990659843334866,8.014247063088831
2026,3,2026_03_NYJ_DET,00-0039065,Sam LaPorta,TE,DET,NYJ,receptions,4.9970700704212625,4.9970700704212625,5.199999999999999,1.0,1.921,2,NOT_LISTED,True,,,,7.0,49.5,28.25,6.166666666666667,0.18286267217188268,0.337387465014253,7.220190990999079
2026,3,2026_03_LV_NO,00-0039066,Michael Mayer,TE,LV,NO,receptions,3.608337976499455,3.608337976499455,3.8666666666666667,1.0,1.921,2,NOT_LISTED,True,,,,-3.5,43.5,20.0,4.833333333333333,0.177520755106962,-0.1147346961968356,5.442485583145638
2026,3,2026_03_KC_MIA,00-0039067,Rashee Rice,WR,KC,MIA,receptions,4.857747923522269,4.857747923522269,4.8,1.0,1.921,2,NOT_LISTED,True,,Full Participation in Practice,,10.0,45.5,27.75,8.5,0.2526888977991624,0.19644870863920197,7.724095341715023
2026,3,2026_03_LA_DEN,00-0039074,Davis Allen,TE,LA,DEN,receptions,1.1651567161850782,1.1651567161850782,1.0,1.0,1.921,2,NOT_LISTED,True,,,,1.5,44.5,23.0,2.3333333333333335,0.06189055849850983,-0.13220334149319996,5.367311981367003
2026,3,2026_03_LA_DEN,00-0039075,Puka Nacua,WR,LA,DEN,receptions,6.1072779866882465,6.1072779866882465,7.2,1.0,1.921,1,DOUBTFUL,False,Doubtful,Did Not Participate In Practice,Hip,1.5,44.5,23.0,11.333333333333334,0.31434235593828125,-0.13220334149319996,5.367311981367003
2026,3,2026_03_NYJ_DET,00-0039139,Jahmyr Gibbs,RB,DET,NYJ,receptions,4.4356398002384,4.4356398002384,4.800000000000001,1.0,1.921,2,NOT_LISTED,True,,,,7.0,49.5,28.25,6.833333333333333,0.16921318917689154,0.337387465014253,7.220190990999079
2026,3,2026_03_ATL_GB,00-0039146,Jayden Reed,WR,GB,ATL,receptions,2.8158214510244712,2.8158214510244712,2.9333333333333336,1.0,1.921,2,OUT,False,Out,Did Not Participate In Practice,Neck,4.5,43.5,24.0,4.166666666666667,0.13917707812760285,0.04409527183471819,6.5884093431633834
2026,3,2026_03_TEN_NYG,00-0039337,Malik Nabers,WR,NYG,TEN,receptions,3.868388494254125,3.868388494254125,3.466666666666667,1.0,1.921,2,NOT_LISTED,True,,Full Participation in Practice,,2.5,37.5,20.0,8.0,0.25311302681992337,0.2637448253876611,8.079561349422214
2026,3,2026_03_CAR_CLE,00-0039342,Xavier Legette,WR,CAR,CLE,receptions,1.7528459003922068,1.7528459003922068,1.6,1.0,1.921,2,QUESTIONABLE,True,Questionable,Limited Participation in Practice,Knee,2.5,41.5,22.0,2.8333333333333335,0.10192501731875546,-0.05907408342206537,6.053959523693425
2026,3,2026_03_HOU_IND,00-0039359,Cade Stover,TE,HOU,IND,receptions,1.2612286786513263,1.2612286786513263,1.4,1.0,1.921,1,NOT_LISTED,True,,,,1.5,41.5,21.5,2.1666666666666665,0.07266734656440539,0.2535808651871585,8.015731907346971
2026,3,2026_03_MIN_TB,00-0039361,Bucky Irving,RB,TB,MIN,receptions,3.040473928717484,3.040473928717484,3.6,1.0,1.921,2,NOT_LISTED,True,,,,-1.5,42.5,20.5,3.6666666666666665,0.11691568462401797,-0.39206113325193925,4.875093858613679
2026,3,2026_03_TEN_NYG,00-0039384,Tyrone Tracy Jr.,RB,NYG,TEN,receptions,1.5817377930448457,1.5817377930448457,2.533333333333333,1.0,1.921,2,NOT_LISTED,True,,,,2.5,37.5,20.0,2.8333333333333335,0.10252879703310737,0.2637448253876611,8.079561349422214
2026,3,2026_03_BAL_DAL,00-0039410,Ryan Flournoy,WR,DAL,BAL,receptions,4.067323993099903,4.067323993099903,4.2,1.0,1.921,2,NOT_LISTED,True,,,,-3.0,53.5,25.25,6.166666666666667,0.185530405675843,0.12110709483111504,6.998002374214828
2026,3,2026_03_LV_NO,00-0039424,Devaughn Vele,WR,NO,LV,receptions,4.723798592074161,4.723798592074161,5.466666666666667,1.0,1.921,2,NOT_LISTED,True,,,,3.5,43.5,23.5,7.0,0.20557668758252912,0.09467377023976183,6.4518704601854076
2026,3,2026_03_NYJ_DET,00-0039451,Isaiah Williams,WR,NYJ,DET,receptions,3.2704221526960744,3.2704221526960744,4.133333333333333,1.0,1.921,2,NOT_LISTED,True,,,,-7.0,49.5,21.25,5.0,0.17016230075692992,0.08251010435421066,6.638245519369171
2026,3,2026_03_CAR_CLE,00-0039491,Jalen Coker,WR,CAR,CLE,receptions,4.965068607351363,4.965068607351363,6.466666666666667,1.0,1.921,2,QUESTIONABLE,True,Questionable,Limited Participation in Practice,Ankle,2.5,41.5,22.0,6.0,0.20596960558416913,-0.05907408342206537,6.053959523693425
2026,3,2026_03_CIN_PIT,00-0039739,Roman Wilson,WR,PIT,CIN,receptions,2.555035241690211,2.555035241690211,2.333333333333333,1.0,1.921,2,NOT_LISTED,True,,,,-3.5,42.5,19.5,3.5,0.10711023961858224,-0.041728589769477256,6.866920380465325
2026,3,2026_03_SEA_WAS,00-0039793,AJ Barner,TE,SEA,WAS,receptions,1.921784085937451,1.921784085937451,2.0,1.0,1.921,2,NOT_LISTED,True,,,,8.5,40.5,24.5,3.5,0.12132177857984311,0.177249707292282,6.714870452273207
2026,3,2026_03_ATL_GB,00-0039811,MarShawn Lloyd,RB,GB,ATL,receptions,1.3712554863615973,1.3712554863615973,1.2999999999999998,1.0,1.921,3,NOT_LISTED,True,,,,4.5,43.5,24.0,1.75,0.05742803089405524,0.04409527183471819,6.5884093431633834
2026,3,2026_03_CIN_PIT,00-0039814,Erick All,TE,CIN,PIT,receptions,1.7232335868298225,1.7232335868298225,1.8666666666666667,1.0,1.921,1,NOT_LISTED,True,,,,3.5,42.5,23.0,2.1666666666666665,0.07162788395256837,-0.011718475554776432,7.269036656436184
2026,3,2026_03_TEN_NYG,00-0039847,Theo Johnson,TE,NYG,TEN,receptions,1.8925197234524371,1.8925197234524371,0.8666666666666667,1.0,1.921,2,NOT_LISTED,True,,,,2.5,37.5,20.0,4.0,0.15080536340678327,0.2637448253876611,8.079561349422214
2026,3,2026_03_ARI_SF,00-0039849,Marvin Harrison Jr.,WR,ARI,SF,receptions,1.5846065069734445,1.5846065069734445,0.9333333333333333,1.0,1.921,2,NOT_LISTED,True,,,,-7.5,48.5,20.5,4.5,0.1189131309820965,0.016085585143643485,6.518459342801448
2026,3,2026_03_LA_DEN,00-0039868,Troy Franklin,WR,DEN,LA,receptions,1.5545467765410468,1.5545467765410468,1.2,1.0,1.921,2,NOT_LISTED,True,,,,-1.5,44.5,21.5,3.1666666666666665,0.09229742923833378,0.0894779537442274,6.699550988062944
2026,3,2026_03_KC_MIA,00-0039880,Malik Washington,WR,MIA,KC,receptions,3.2057399254231016,3.2057399254231016,2.8666666666666667,1.0,1.921,2,NOT_LISTED,True,,,,-10.0,45.5,17.75,3.6666666666666665,0.14827703345944224,-0.014461983071213255,5.911831584285608
2026,3,2026_03_NYJ_DET,00-0039890,Adonai Mitchell,WR,NYJ,DET,receptions,3.977176300589367,3.977176300589367,3.2,1.0,1.921,2,QUESTIONABLE,True,Questionable,Limited Participation in Practice,Finger,-7.0,49.5,21.25,7.0,0.22318372342349324,0.08251010435421066,6.638245519369171
2026,3,2026_03_NE_JAX,00-0039893,Brian Thomas Jr.,WR,JAX,NE,receptions,3.3515541135473104,3.3515541135473104,3.0666666666666664,1.0,1.921,2,NOT_LISTED,True,,,,3.0,46.5,24.75,5.5,0.18579420434259145,-0.11169973814326586,5.728818523430593
2026,3,2026_03_KC_MIA,00-0039894,Xavier Worthy,WR,KC,MIA,receptions,3.2720365350230103,3.2720365350230103,2.5999999999999996,1.0,1.921,2,NOT_LISTED,True,,,,10.0,45.5,27.75,4.5,0.16006978364235783,0.19644870863920197,7.724095341715023
2026,3,2026_03_LAC_BUF,00-0039901,Keon Coleman,WR,BUF,LAC,receptions,2.7377550902494443,2.7377550902494443,2.8666666666666663,1.0,1.921,2,QUESTIONABLE,True,Questionable,Limited Participation in Practice,Ankle,7.0,50.5,28.75,4.166666666666667,0.13992187361752578,-0.016755209667629334,6.801711491120214
2026,3,2026_03_SEA_WAS,00-0039912,Ben Sinnott,TE,WAS,SEA,receptions,1.2593800252498264,1.2593800252498264,1.8,1.0,1.921,1,NOT_LISTED,True,,,,-8.5,40.5,16.0,1.8333333333333333,0.08960851884613495,-0.3213544122013914,4.620662652985098
2026,3,2026_03_LAC_BUF,00-0039915,Ladd McConkey,WR,LAC,BUF,receptions,3.0128847759548973,3.0128847759548973,2.8666666666666663,1.0,1.921,2,NOT_LISTED,True,,Full Participation in Practice,,-7.0,50.5,21.75,4.333333333333333,0.16437027294904807,-0.10135847527851205,5.510087261314727
2026,3,2026_03_PHI_CHI,00-0039919,Rome Odunze,WR,CHI,PHI,receptions,2.7504261126676033,2.7504261126676033,2.6000000000000005,1.0,1.921,2,NOT_LISTED,True,,,,-4.5,41.5,18.5,6.333333333333333,0.20471357346357347,-0.18142734002187402,5.187511362654284
2026,3,2026_03_PHI_CHI,00-0040024,Darius Cooper,WR,PHI,CHI,receptions,1.3233432162471117,1.3233432162471117,1.6,1.0,1.921,2,NOT_LISTED,True,,,,4.5,41.5,23.0,2.0,0.0696959272810666,0.13520879635727642,7.414350257940411
2026,3,2026_03_KC_MIA,00-0040078,Brashard Smith,RB,KC,MIA,receptions,1.1973334224942045,1.1973334224942045,1.4,1.0,1.921,1,NOT_LISTED,True,,,,10.0,45.5,27.75,1.5,0.06313131313131314,0.19644870863920197,7.724095341715023
2026,3,2026_03_LV_NO,00-0040122,Ashton Jeanty,RB,LV,NO,receptions,3.500921353631961,3.500921353631961,3.933333333333333,1.0,1.921,2,NOT_LISTED,True,,,,-3.5,43.5,20.0,4.666666666666667,0.17382020278572,-0.1147346961968356,5.442485583145638
2026,3,2026_03_CAR_CLE,00-0040124,Tetairoa McMillan,WR,CAR,CLE,receptions,4.3942277788054795,4.3942277788054795,4.333333333333334,1.0,1.921,2,NOT_LISTED,True,,,,2.5,41.5,22.0,7.0,0.24347515888075663,-0.05907408342206537,6.053959523693425
2026,3,2026_03_PHI_CHI,00-0040126,Colston Loveland,TE,CHI,PHI,receptions,2.929543353948696,2.929543353948696,3.8,1.0,1.921,2,NOT_LISTED,True,,,,-4.5,41.5,18.5,6.333333333333333,0.2065346956151554,-0.18142734002187402,5.187511362654284
2026,3,2026_03_HOU_IND,00-0040128,Tyler Warren,TE,IND,HOU,receptions,4.146714736567074,4.146714736567074,4.466666666666667,1.0,1.921,2,NOT_LISTED,True,,,,-1.5,41.5,20.0,6.666666666666667,0.21689239878895053,-0.029050199888240563,7.032044628818822
2026,3,2026_03_MIN_TB,00-0040129,Emeka Egbuka,WR,TB,MIN,receptions,2.9510636653094333,2.9510636653094333,2.9333333333333336,1.0,1.921,2,NOT_LISTED,True,,,,-1.5,42.5,20.5,4.666666666666667,0.15374789562289562,-0.39206113325193925,4.875093858613679
2026,3,2026_03_NE_JAX,00-0040131,Kyle Williams,WR,NE,JAX,receptions,0.9988259411343938,0.9988259411343938,0.6,1.0,1.921,2,NOT_LISTED,True,,,,-3.0,46.5,21.75,1.6666666666666667,0.061111111111111116,-0.21625265784259895,5.773288325539911
2026,3,2026_03_LA_DEN,00-0040134,Pat Bryant,WR,DEN,LA,receptions,3.12898563010757,3.12898563010757,2.9333333333333336,1.0,1.921,2,NOT_LISTED,True,,,,-1.5,44.5,21.5,5.166666666666667,0.15365185624242142,0.0894779537442274,6.699550988062944
2026,3,2026_03_HOU_IND,00-0040138,Jaylin Noel,WR,HOU,IND,receptions,1.6152987168682167,1.6152987168682167,1.2666666666666666,1.0,1.921,2,NOT_LISTED,True,,,,1.5,41.5,21.5,2.0,0.05726908226908226,0.2535808651871585,8.015731907346971
2026,3,2026_03_CAR_CLE,00-0040162,Dylan Sampson,RB,CLE,CAR,receptions,1.2212387323528924,1.2212387323528924,1.8,1.0,1.921,1,NOT_LISTED,True,,,,-2.5,41.5,19.5,2.5,0.0996422214957684,0.003381293981345925,6.580790749555341
2026,3,2026_03_TEN_NYG,00-0040170,Elic Ayomanor,WR,TEN,NYG,receptions,2.590439538704385,2.590439538704385,2.1333333333333333,1.0,1.921,2,NOT_LISTED,True,,,,-2.5,37.5,17.5,4.666666666666667,0.16197148893227326,0.04696950411862127,7.179857950124495
2026,3,2026_03_CAR_CLE,00-0040187,Mitchell Evans,TE,CAR,CLE,receptions,1.1767461793747502,1.1767461793747502,1.0666666666666667,1.0,1.921,2,NOT_LISTED,True,,,,2.5,41.5,22.0,1.6666666666666667,0.05812541414415229,-0.05907408342206537,6.053959523693425
2026,3,2026_03_LAC_BUF,00-0040189,Oronde Gadsden II,TE,LAC,BUF,receptions,2.027165549823827,2.027165549823827,2.1333333333333333,1.0,1.921,2,NOT_LISTED,True,,,,-7.0,50.5,21.75,3.0,0.10419984917721192,-0.10135847527851205,5.510087261314727
2026,3,2026_03_PHI_CHI,00-0040236,Kyle Monangai,RB,CHI,PHI,receptions,1.6269645362114367,1.6269645362114367,1.7333333333333334,1.0,1.921,2,NOT_LISTED,True,,Full Participation in Practice,,-4.5,41.5,18.5,2.5,0.08210695222189475,-0.18142734002187402,5.187511362654284
2026,3,2026_03_MIN_TB,00-0040237,Tez Johnson,WR,TB,MIN,receptions,1.1574264751784962,1.1574264751784962,0.7333333333333334,1.0,1.921,2,NOT_LISTED,True,,,,-1.5,42.5,20.5,1.6666666666666667,0.053401374859708195,-0.39206113325193925,4.875093858613679
2026,3,2026_03_PHI_CHI,00-0040277,Jahdae Walker,WR,CHI,PHI,receptions,1.0624108555104463,1.0624108555104463,1.4666666666666668,1.0,1.921,1,NOT_LISTED,True,,,,-4.5,41.5,18.5,1.8333333333333333,0.057987032124963166,-0.18142734002187402,5.187511362654284
2026,3,2026_03_HOU_IND,00-0040583,Woody Marks,RB,HOU,IND,receptions,1.9062028402826052,1.9062028402826052,2.4,1.0,1.921,2,NOT_LISTED,True,,,,1.5,41.5,21.5,2.6666666666666665,0.0801109351109351,0.2535808651871585,8.015731907346971
2026,3,2026_03_TEN_NYG,00-0040584,Gunnar Helm,TE,TEN,NYG,receptions,2.435245633550109,2.435245633550109,2.3333333333333335,1.0,1.921,2,NOT_LISTED,True,,,,-2.5,37.5,17.5,3.0,0.11543676729951241,0.04696950411862127,7.179857950124495
2026,3,2026_03_LA_DEN,00-0040590,Konata Mumpfield,WR,LA,DEN,receptions,1.0825009913382733,1.0825009913382733,0.6,1.0,1.921,2,NOT_LISTED,True,,,,1.5,44.5,23.0,3.0,0.07710034595999508,-0.13220334149319996,5.367311981367003
2026,3,2026_03_CAR_CLE,00-0040663,Harold Fannin Jr.,TE,CLE,CAR,receptions,4.012827221507539,4.012827221507539,3.666666666666667,1.0,1.921,2,NOT_LISTED,True,,,,-2.5,41.5,19.5,7.0,0.23110482796022033,0.003381293981345925,6.580790749555341
2026,3,2026_03_LAC_BUF,00-0040666,Omarion Hampton,RB,LAC,BUF,receptions,1.7869087184220542,1.7869087184220542,2.9333333333333336,1.0,1.921,2,NOT_LISTED,True,,,,-7.0,50.5,21.75,2.5,0.08863903744689157,-0.10135847527851205,5.510087261314727
2026,3,2026_03_ATL_GB,00-0040667,Matthew Golden,WR,GB,ATL,receptions,4.162994085391989,4.162994085391989,4.133333333333334,1.0,1.921,3,NOT_LISTED,True,,,,4.5,43.5,24.0,6.166666666666667,0.20064288933964392,0.04409527183471819,6.5884093431633834
2026,3,2026_03_NYJ_DET,00-0040669,Isaac TeSlaa,WR,DET,NYJ,receptions,1.7021157750052254,1.7021157750052254,1.2666666666666666,1.0,1.921,2,NOT_LISTED,True,,,,7.0,49.5,28.25,3.1666666666666665,0.08064332655984198,0.337387465014253,7.220190990999079
2026,3,2026_03_TEN_NYG,00-0040705,Chimere Dike,WR,TEN,NYG,receptions,1.426068938272716,1.426068938272716,1.7999999999999998,1.0,1.921,2,NOT_LISTED,True,,,,-2.5,37.5,17.5,3.3333333333333335,0.11169232002565337,0.04696950411862127,7.179857950124495
2026,3,2026_03_TEN_NYG,00-0040715,Cam Skattebo,RB,NYG,TEN,receptions,2.0188025998016195,2.0188025998016195,2.0666666666666664,1.0,1.921,2,NOT_LISTED,True,,,,2.5,37.5,20.0,3.5,0.10902292152292152,0.2637448253876611,8.079561349422214
2026,3,2026_03_LAC_BUF,00-0040727,Tre Harris,WR,LAC,BUF,receptions,2.80191182809189,2.80191182809189,2.1333333333333333,1.0,1.921,2,NOT_LISTED,True,,,,-7.0,50.5,21.75,4.333333333333333,0.1497731266406988,-0.10135847527851205,5.510087261314727
2026,3,2026_03_LV_NO,00-0040729,Jack Bech,WR,LV,NO,receptions,2.0666360510925696,2.0666360510925696,2.0,1.0,1.921,2,NOT_LISTED,True,,,,-3.5,43.5,20.0,3.3333333333333335,0.12574482988276095,-0.1147346961968356,5.442485583145638
2026,3,2026_03_LA_DEN,00-0040730,RJ Harvey,RB,DEN,LA,receptions,3.005194503273154,3.005194503273154,3.3333333333333335,1.0,1.921,1,NOT_LISTED,True,,Full Participation in Practice,,-1.5,44.5,21.5,4.333333333333333,0.13180594543819182,0.0894779537442274,6.699550988062944
2026,3,2026_03_PHI_CHI,00-0040735,Luther Burden III,WR,CHI,PHI,receptions,3.9364845647419093,3.9364845647419093,4.133333333333333,1.0,1.921,2,NOT_LISTED,True,,,,-4.5,41.5,18.5,6.333333333333333,0.21131437740633144,-0.18142734002187402,5.187511362654284
2026,3,2026_03_NYJ_DET,00-0040736,Mason Taylor,TE,NYJ,DET,receptions,2.6940596397268894,2.6940596397268894,2.9333333333333336,1.0,1.921,1,OUT,False,Out,Did Not Participate In Practice,Thumb,-7.0,49.5,21.25,4.333333333333333,0.17171942692045541,0.08251010435421066,6.638245519369171
2026,3,2026_03_LA_DEN,00-0040737,Terrance Ferguson,TE,LA,DEN,receptions,2.3825843785896703,2.3825843785896703,2.4,1.0,1.921,2,NOT_LISTED,True,,Full Participation in Practice,,1.5,44.5,23.0,3.5,0.10272852082416316,-0.13220334149319996,5.367311981367003
2026,3,2026_03_CAR_CLE,00-0040782,Isaiah Bond,WR,CLE,CAR,receptions,1.2267622845640314,1.2267622845640314,0.9333333333333333,1.0,1.921,1,NOT_LISTED,True,,,,-2.5,41.5,19.5,1.6666666666666667,0.058952254408813055,0.003381293981345925,6.580790749555341
2026,3,2026_03_CAR_CLE,00-0040784,Quinshon Judkins,RB,CLE,CAR,receptions,2.7707541970921095,2.7707541970921095,3.6666666666666665,1.0,1.921,2,NOT_LISTED,True,,Full Participation in Practice,,-2.5,41.5,19.5,3.8333333333333335,0.13636873148204068,0.003381293981345925,6.580790749555341
2026,3,2026_03_PHI_CHI,00-0040867,Makai Lemon,WR,PHI,CHI,receptions,1.7512696069209635,1.7512696069209635,2.0,1.0,1.921,2,NOT_LISTED,True,,,,4.5,41.5,23.0,2.5,0.10561497326203209,0.13520879635727642,7.414350257940411
2026,3,2026_03_LV_NO,00-0040894,Malik Benson,WR,LV,NO,receptions,0.9726459046291671,0.9726459046291671,0.5,1.0,1.921,2,NOT_LISTED,True,,,,-3.5,43.5,20.0,1.5,0.05172413793103448,-0.1147346961968356,5.442485583145638
2026,3,2026_03_ATL_GB,00-0040948,J. Michael Sturdivant,WR,GB,ATL,receptions,1.2537214549304379,1.2537214549304379,1.5,1.0,1.921,2,NOT_LISTED,True,,,,4.5,43.5,24.0,1.5,0.029411764705882353,0.04409527183471819,6.5884093431633834
2026,3,2026_03_KC_MIA,00-0041013,Emmett Johnson,RB,KC,MIA,receptions,2.0141936317784594,2.0141936317784594,2.0,1.0,1.921,2,NOT_LISTED,True,,,,10.0,45.5,27.75,2.0,0.06325581395348837,0.19644870863920197,7.724095341715023
2026,3,2026_03_ARI_SF,00-0041027,Jeremiyah Love,RB,ARI,SF,receptions,2.4376843307235134,2.4376843307235134,2.5,1.0,1.921,2,NOT_LISTED,True,,,,-7.5,48.5,20.5,3.5,0.11174636174636175,0.016085585143643485,6.518459342801448
2026,3,2026_03_NYJ_DET,00-0041032,Kenyon Sadiq,TE,NYJ,DET,receptions,2.5302595285407943,2.5302595285407943,2.5,1.0,1.921,2,NOT_LISTED,True,,,,-7.0,49.5,21.25,3.0,0.1068840579710145,0.08251010435421066,6.638245519369171
2026,3,2026_03_CAR_CLE,00-0041037,Denzel Boston,WR,CLE,CAR,receptions,3.86001541000176,3.86001541000176,3.5,1.0,1.921,2,NOT_LISTED,True,,,,-2.5,41.5,19.5,5.5,0.20757575757575758,0.003381293981345925,6.580790749555341
2026,3,2026_03_SEA_WAS,00-0041040,Antonio Williams,WR,WAS,SEA,receptions,2.783943792944454,2.783943792944454,3.5,1.0,1.921,2,NOT_LISTED,True,,,,-8.5,40.5,16.0,3.5,0.11308316430020285,-0.3213544122013914,4.620662652985098
2026,3,2026_03_TEN_NYG,00-0041042,Malachi Fields,WR,NYG,TEN,receptions,2.5038339649569057,2.5038339649569057,2.0,1.0,1.921,2,NOT_LISTED,True,,,,2.5,37.5,20.0,5.0,0.1627155172413793,0.2637448253876611,8.079561349422214
2026,3,2026_03_MIN_TB,00-0041048,Ted Hurst III,WR,TB,MIN,receptions,2.5333543527914304,2.5333543527914304,2.5,1.0,1.921,2,NOT_LISTED,True,,,,-1.5,42.5,20.5,5.0,0.1616161616161616,-0.39206113325193925,4.875093858613679
2026,3,2026_03_LV_NO,00-0041067,Bryce Lance,WR,NO,LV,receptions,1.6392954816661227,1.6392954816661227,2.0,1.0,1.921,2,NOT_LISTED,True,,,,3.5,43.5,23.5,2.5,0.054086538461538464,0.09467377023976183,6.4518704601854076
2026,3,2026_03_TEN_NYG,00-0041438,Carnell Tate,WR,TEN,NYG,receptions,3.721279862074857,3.721279862074857,3.5,1.0,1.921,2,NOT_LISTED,True,,,,-2.5,37.5,17.5,5.5,0.2542016806722689,0.04696950411862127,7.179857950124495
2026,3,2026_03_LA_DEN,00-0041496,Jonah Coleman,RB,DEN,LA,receptions,1.2548589616807555,1.2548589616807555,1.5,1.0,1.921,2,OUT,False,Out,Did Not Participate In Practice,Ankle,-1.5,44.5,21.5,1.5,0.05172413793103448,0.0894779537442274,6.699550988062944
2026,3,2026_03_SEA_WAS,00-0041512,Jadarian Price,RB,SEA,WAS,receptions,1.5392251389183977,1.5392251389183977,1.5,1.0,1.921,2,NOT_LISTED,True,,Full Participation in Practice,,8.5,40.5,24.5,2.0,0.08012820512820512,0.177249707292282,6.714870452273207
2026,3,2026_03_KC_MIA,00-0041523,Caleb Douglas,WR,MIA,KC,receptions,3.5673229876843155,3.5673229876843155,3.5,1.0,1.921,2,OUT,False,Out,Did Not Participate In Practice,Ankle,-10.0,45.5,17.75,5.0,0.19484702093397743,-0.014461983071213255,5.911831584285608
2026,3,2026_03_KC_MIA,00-0041525,Chris Bell,WR,MIA,KC,receptions,1.0483294349206167,1.0483294349206167,0.5,1.0,1.921,2,NOT_LISTED,True,,Full Participation in Practice,,-10.0,45.5,17.75,1.5,0.05877616747181964,-0.014461983071213255,5.911831584285608
2026,3,2026_03_CAR_CLE,00-0041547,KC Concepcion,WR,CLE,CAR,receptions,4.087597564918841,4.087597564918841,5.0,1.0,1.921,2,NOT_LISTED,True,,,,-2.5,41.5,19.5,5.5,0.21363636363636362,0.003381293981345925,6.580790749555341
2026,3,2026_03_ARI_SF,00-0029892,Kyle Juszczyk,FB,SF,ARI,receiving_yards,16.103483791337233,16.103483791337233,14.533333333333333,1.0,26.765,1,NOT_LISTED,True,,,,7.5,48.5,28.0,1.5,0.05876483956194101,0.31951568094901506,7.511676582698416
2026,3,2026_03_HOU_IND,00-0030279,Keenan Allen,WR,IND,HOU,receiving_yards,38.12455333288371,38.12455333288371,25.93333333333333,1.0,26.765,2,NOT_LISTED,True,,Full Participation in Practice,,-1.5,41.5,20.0,6.5,0.2100408121498807,-0.029050199888240563,7.032044628818822
2026,3,2026_03_KC_MIA,00-0030506,Travis Kelce,TE,KC,MIA,receiving_yards,58.72628509303303,58.72628509303303,56.53333333333333,1.0,26.765,2,NOT_LISTED,True,,,,10.0,45.5,27.75,6.833333333333333,0.23960535588442564,0.19644870863920197,7.724095341715023
2026,3,2026_03_LA_DEN,00-0031381,Davante Adams,WR,LA,DEN,receiving_yards,65.4179566544609,65.4179566544609,87.8,1.0,26.765,2,NOT_LISTED,True,,,,1.5,44.5,23.0,7.333333333333333,0.23440422512462192,-0.13220334149319996,5.367311981367003
2026,3,2026_03_ARI_SF,00-0031408,Mike Evans,WR,SF,ARI,receiving_yards,52.92967111849134,52.92967111849134,49.46666666666667,1.0,26.765,2,QUESTIONABLE,True,Questionable,Limited Participation in Practice,Hip,7.5,48.5,28.0,6.666666666666667,0.22228991596638656,0.31951568094901506,7.511676582698416
2026,3,2026_03_SEA_WAS,00-0031588,Stefon Diggs,WR,WAS,SEA,receiving_yards,48.8541886056139,48.8541886056139,56.33333333333333,1.0,26.765,2,NOT_LISTED,True,,,,-8.5,40.5,16.0,6.333333333333333,0.21612147262248682,-0.3213544122013914,4.620662652985098
2026,3,2026_03_CAR_CLE,00-0031610,Darren Waller,TE,CAR,CLE,receiving_yards,26.49308372678098,26.49308372678098,24.2,1.0,26.765,2,NOT_LISTED,True,,Full Participation in Practice,,2.5,41.5,22.0,4.0,0.15198340157138332,-0.05907408342206537,6.053959523693425
2026,3,2026_03_NE_JAX,00-0032104,Ameer Abdullah,RB,JAX,NE,receiving_yards,9.362883333986009,9.362883333986009,9.6,1.0,26.765,2,NOT_LISTED,True,,,,3.0,46.5,24.75,1.8333333333333333,0.06641793710759228,-0.11169973814326586,5.728818523430593
2026,3,2026_03_ATL_GB,00-0032392,Austin Hooper,TE,ATL,GB,receiving_yards,19.51729295371145,19.51729295371145,15.2,1.0,26.765,2,NOT_LISTED,True,,,,-4.5,43.5,19.5,2.8333333333333335,0.09373983270897716,0.20452516411601107,6.882638075432193
2026,3,2026_03_BAL_DAL,00-0032398,Chris Moore,WR,BAL,DAL,receiving_yards,23.03186045268179,23.03186045268179,21.6,1.0,26.765,2,NOT_LISTED,True,,Full Participation in Practice,,3.0,53.5,28.25,1.8333333333333333,0.06780240831964969,0.42990659843334866,8.014247063088831
2026,3,2026_03_PHI_CHI,00-0032464,Kalif Raymond,WR,CHI,PHI,receiving_yards,39.42615577647355,39.42615577647355,52.733333333333334,1.0,26.765,2,NOT_LISTED,True,,,,-4.5,41.5,18.5,4.166666666666667,0.13126483317045928,-0.18142734002187402,5.187511362654284
2026,3,2026_03_ARI_SF,00-0032775,Demarcus Robinson,WR,SF,ARI,receiving_yards,31.525325987156812,31.525325987156812,34.733333333333334,1.0,26.765,2,OUT,False,Out,Did Not Participate In Practice,Ankle,7.5,48.5,28.0,2.6666666666666665,0.09531354629393844,0.31951568094901506,7.511676582698416
2026,3,2026_03_NE_JAX,00-0033090,Hunter Henry,TE,NE,JAX,receiving_yards,35.979354613558684,35.979354613558684,39.333333333333336,1.0,26.765,2,NOT_LISTED,True,,,,-3.0,46.5,21.75,4.333333333333333,0.16798328911232138,-0.21625265784259895,5.773288325539911
2026,3,2026_03_LA_DEN,00-0033110,Tyler Higbee,TE,LA,DEN,receiving_yards,24.633785283546544,24.633785283546544,37.93333333333334,1.0,26.765,1,NOT_LISTED,True,,,,1.5,44.5,23.0,3.8333333333333335,0.1182326740517759,-0.13220334149319996,5.367311981367003
2026,3,2026_03_PHI_CHI,00-0033246,Johnny Mundt,TE,PHI,CHI,receiving_yards,14.659313200332711,14.659313200332711,10.266666666666666,1.0,26.765,1,NOT_LISTED,True,,,,4.5,41.5,23.0,2.0,0.07291786840503943,0.13520879635727642,7.414350257940411
2026,3,2026_03_ARI_SF,00-0033280,Christian McCaffrey,RB,SF,ARI,receiving_yards,38.552258167408816,38.552258167408816,31.46666666666667,1.0,26.765,2,NOT_LISTED,True,,Full Participation in Practice,,7.5,48.5,28.0,5.666666666666667,0.1908310462232031,0.31951568094901506,7.511676582698416
2026,3,2026_03_ARI_SF,00-0033288,George Kittle,TE,SF,ARI,receiving_yards,54.44551835866389,54.44551835866389,50.266666666666666,1.0,26.765,2,NOT_LISTED,True,,,,7.5,48.5,28.0,6.333333333333333,0.22967306524425024,0.31951568094901506,7.511676582698416
2026,3,2026_03_MIN_TB,00-0033293,Aaron Jones,RB,MIN,TB,receiving_yards,10.503953834541182,10.503953834541182,5.266666666666667,1.0,26.765,2,NOT_LISTED,True,,Full Participation in Practice,,1.5,42.5,22.0,2.0,0.10468426501035195,0.16811077653967452,7.074224300227337
2026,3,2026_03_ARI_SF,00-0033307,Kendrick Bourne,WR,ARI,SF,receiving_yards,31.202580390729796,31.202580390729796,27.53333333333333,1.0,26.765,2,NOT_LISTED,True,,,,-7.5,48.5,20.5,3.5,0.10959981793315128,0.016085585143643485,6.518459342801448
2026,3,2026_03_CIN_PIT,00-0033526,Samaje Perine,RB,CIN,PIT,receiving_yards,12.701795388841163,12.701795388841163,16.6,1.0,26.765,2,NOT_LISTED,True,,,,3.5,42.5,23.0,2.1666666666666665,0.06343525302628468,-0.011718475554776432,7.269036656436184
2026,3,2026_03_NE_JAX,00-0033555,Mack Hollins,WR,NE,JAX,receiving_yards,41.0091711422266,41.0091711422266,43.06666666666666,1.0,26.765,2,NOT_LISTED,True,,,,-3.0,46.5,21.75,5.666666666666667,0.19160033514872224,-0.21625265784259895,5.773288325539911
2026,3,2026_03_ATL_GB,00-0033858,Jonnu Smith,TE,GB,ATL,receiving_yards,21.575348116986873,21.575348116986873,20.133333333333333,1.0,26.765,2,NOT_LISTED,True,,,,4.5,43.5,24.0,2.6666666666666665,0.06913384559153393,0.04409527183471819,6.5884093431633834
2026,3,2026_03_LA_DEN,00-0033881,Evan Engram,TE,DEN,LA,receiving_yards,30.760018898160794,30.760018898160794,32.6,1.0,26.765,2,NOT_LISTED,True,,,,-1.5,44.5,21.5,3.5,0.11373260285522903,0.0894779537442274,6.699550988062944
2026,3,2026_03_LAC_BUF,00-0033885,David Njoku,TE,LAC,BUF,receiving_yards,22.380705481080206,22.380705481080206,20.266666666666666,1.0,26.765,2,NOT_LISTED,True,,,,-7.0,50.5,21.75,2.5,0.09272368529710252,-0.10135847527851205,5.510087261314727
2026,3,2026_03_LV_NO,00-0033906,Alvin Kamara,RB,NO,LV,receiving_yards,18.36417808572088,18.36417808572088,13.333333333333332,1.0,26.765,1,NOT_LISTED,True,,,,3.5,43.5,23.5,3.1666666666666665,0.10186173947332987,0.09467377023976183,6.4518704601854076
2026,3,2026_03_SEA_WAS,00-0033908,Cooper Kupp,WR,SEA,WAS,receiving_yards,28.16116262069083,28.16116262069083,28.46666666666667,1.0,26.765,2,LIMITED,True,,Limited Participation in Practice,,8.5,40.5,24.5,3.6666666666666665,0.12897429631300603,0.177249707292282,6.714870452273207
2026,3,2026_03_MIN_TB,00-0033921,Chris Godwin Jr.,WR,TB,MIN,receiving_yards,30.777608600216034,30.777608600216034,35.599999999999994,1.0,26.765,2,NOT_LISTED,True,,,,-1.5,42.5,20.5,4.5,0.14376332772166106,-0.39206113325193925,4.875093858613679
2026,3,2026_03_LA_DEN,00-0034348,Courtland Sutton,WR,DEN,LA,receiving_yards,40.87425965646463,40.87425965646463,26.866666666666667,1.0,26.765,2,NOT_LISTED,True,,,,-1.5,44.5,21.5,7.166666666666667,0.20895209614912266,0.0894779537442274,6.699550988062944
2026,3,2026_03_PHI_CHI,00-0034351,Dallas Goedert,TE,PHI,CHI,receiving_yards,37.77465393971988,37.77465393971988,35.733333333333334,1.0,26.765,2,OUT,False,Out,Did Not Participate In Practice,Knee,4.5,41.5,23.0,5.5,0.21905309814992746,0.13520879635727642,7.414350257940411
2026,3,2026_03_LV_NO,00-0034365,Ian Thomas,TE,LV,NO,receiving_yards,11.739438596552661,11.739438596552661,13.933333333333334,1.0,26.765,1,NOT_LISTED,True,,,,-3.5,43.5,20.0,1.6666666666666667,0.04976013097610194,-0.1147346961968356,5.442485583145638
2026,3,2026_03_HOU_IND,00-0034383,Dalton Schultz,TE,HOU,IND,receiving_yards,56.66114877502949,56.66114877502949,74.80000000000001,1.0,26.765,2,DNP,True,,Did Not Participate In Practice,,1.5,41.5,21.5,7.333333333333333,0.2143553637671285,0.2535808651871585,8.015731907346971
2026,3,2026_03_CIN_PIT,00-0034613,Tanner Hudson,TE,CIN,PIT,receiving_yards,11.464146947839676,11.464146947839676,13.133333333333333,1.0,26.765,1,NOT_LISTED,True,,,,3.5,42.5,23.0,2.0,0.055732850324880685,-0.011718475554776432,7.269036656436184
2026,3,2026_03_BAL_DAL,00-0034753,Mark Andrews,TE,BAL,DAL,receiving_yards,44.98796426404642,44.98796426404642,34.333333333333336,1.0,26.765,2,NOT_LISTED,True,,,,3.0,53.5,28.25,4.333333333333333,0.21130831643002032,0.42990659843334866,8.014247063088831
2026,3,2026_03_LAC_BUF,00-0034827,DJ Moore,WR,BUF,LAC,receiving_yards,42.04508227242111,42.04508227242111,41.13333333333333,1.0,26.765,2,QUESTIONABLE,True,Questionable,Limited Participation in Practice,Shoulder,7.0,50.5,28.75,4.5,0.15304852661174498,-0.016755209667629334,6.801711491120214
2026,3,2026_03_CIN_PIT,00-0034829,Mike Gesicki,TE,CIN,PIT,receiving_yards,40.30066165260916,40.30066165260916,45.599999999999994,1.0,26.765,1,NOT_LISTED,True,,,,3.5,42.5,23.0,3.8333333333333335,0.11172907879689065,-0.011718475554776432,7.269036656436184
2026,3,2026_03_TEN_NYG,00-0034837,Calvin Ridley,WR,TEN,NYG,receiving_yards,27.637640287325237,27.637640287325237,30.133333333333333,1.0,26.765,1,NOT_LISTED,True,,,,-2.5,37.5,17.5,4.0,0.130237334521222,0.04696950411862127,7.179857950124495
2026,3,2026_03_PHI_CHI,00-0034844,Saquon Barkley,RB,PHI,CHI,receiving_yards,10.54559921834848,10.54559921834848,3.0666666666666664,1.0,26.765,2,NOT_LISTED,True,,Full Participation in Practice,,4.5,41.5,23.0,1.8333333333333333,0.072999397196045,0.13520879635727642,7.414350257940411
2026,3,2026_03_NE_JAX,00-0034960,Jakobi Meyers,WR,JAX,NE,receiving_yards,34.301904720512375,34.301904720512375,40.2,1.0,26.765,2,NOT_LISTED,True,,Full Participation in Practice,,3.0,46.5,24.75,5.5,0.17438590664397122,-0.11169973814326586,5.728818523430593
2026,3,2026_03_HOU_IND,00-0034981,Foster Moreau,TE,HOU,IND,receiving_yards,14.083441827682528,14.083441827682528,16.333333333333332,1.0,26.765,2,NOT_LISTED,True,,,,1.5,41.5,21.5,1.5,0.041234998860664666,0.2535808651871585,8.015731907346971
2026,3,2026_03_ATL_GB,00-0035208,Olamide Zaccheaus,WR,ATL,GB,receiving_yards,17.54379706660888,17.54379706660888,7.2,1.0,26.765,3,NOT_LISTED,True,,,,-4.5,43.5,19.5,2.8333333333333335,0.10450500926538375,0.20452516411601107,6.882638075432193
2026,3,2026_03_MIN_TB,00-0035229,T.J. Hockenson,TE,MIN,TB,receiving_yards,35.458709583257175,35.458709583257175,27.0,1.0,26.765,2,NOT_LISTED,True,,,,1.5,42.5,22.0,4.0,0.1695100914455053,0.16811077653967452,7.074224300227337
2026,3,2026_03_MIN_TB,00-0035249,Josh Oliver,TE,MIN,TB,receiving_yards,18.511843007893837,18.511843007893837,23.0,1.0,26.765,2,NOT_LISTED,True,,,,1.5,42.5,22.0,2.1666666666666665,0.10136164687080018,0.16811077653967452,7.074224300227337
2026,3,2026_03_TEN_NYG,00-0035250,Devin Singletary,RB,NYG,TEN,receiving_yards,11.009218144218673,11.009218144218673,7.533333333333333,1.0,26.765,2,NOT_LISTED,True,,,,2.5,37.5,20.0,1.8333333333333333,0.06863548727772865,0.2637448253876611,8.079561349422214
2026,3,2026_03_TEN_NYG,00-0035261,Tony Pollard,RB,TEN,NYG,receiving_yards,9.337388907603628,9.337388907603628,5.733333333333333,1.0,26.765,2,LIMITED,True,,Limited Participation in Practice,,-2.5,37.5,17.5,1.6666666666666667,0.05872968716105972,0.04696950411862127,7.179857950124495
2026,3,2026_03_LA_DEN,00-0035406,Lil'Jordan Humphrey,WR,DEN,LA,receiving_yards,14.681743245000867,14.681743245000867,13.133333333333333,1.0,26.765,1,NOT_LISTED,True,,,,-1.5,44.5,21.5,2.6666666666666665,0.07411421698536862,0.0894779537442274,6.699550988062944
2026,3,2026_03_LAC_BUF,00-0035500,Greg Dortch,WR,BUF,LAC,receiving_yards,10.414303872051242,10.414303872051242,11.666666666666668,1.0,26.765,2,NOT_LISTED,True,,,,7.0,50.5,28.75,2.8333333333333335,0.059474847518325775,-0.016755209667629334,6.801711491120214
2026,3,2026_03_CIN_PIT,00-0035631,Drew Sample,TE,CIN,PIT,receiving_yards,15.51289120591742,15.51289120591742,15.533333333333331,1.0,26.765,1,NOT_LISTED,True,,,,3.5,42.5,23.0,2.1666666666666665,0.060501987147348175,-0.011718475554776432,7.269036656436184
2026,3,2026_03_CIN_PIT,00-0035640,DK Metcalf,WR,PIT,CIN,receiving_yards,55.65373549736875,55.65373549736875,44.733333333333334,1.0,26.765,2,NOT_LISTED,True,,,,-3.5,42.5,19.5,8.0,0.2420626367994789,-0.041728589769477256,6.866920380465325
2026,3,2026_03_LV_NO,00-0035644,Noah Fant,TE,NO,LV,receiving_yards,13.389134216939468,13.389134216939468,11.333333333333334,1.0,26.765,2,NOT_LISTED,True,,,,3.5,43.5,23.5,2.3333333333333335,0.05191251243882824,0.09467377023976183,6.4518704601854076
2026,3,2026_03_SEA_WAS,00-0035659,Terry McLaurin,WR,WAS,SEA,receiving_yards,44.509257109837364,44.509257109837364,44.6,1.0,26.765,2,NOT_LISTED,True,,,,-8.5,40.5,16.0,5.333333333333333,0.23274942765975112,-0.3213544122013914,4.620662652985098
2026,3,2026_03_PHI_CHI,00-0035662,Marquise Brown,WR,PHI,CHI,receiving_yards,18.595100990028868,18.595100990028868,24.06666666666667,1.0,26.765,1,OUT,False,Out,Did Not Participate In Practice,Ankle,4.5,41.5,23.0,2.6666666666666665,0.10297152560083596,0.13520879635727642,7.414350257940411
2026,3,2026_03_NE_JAX,00-0035676,A.J. Brown,WR,NE,JAX,receiving_yards,59.269263346132846,59.269263346132846,68.6,1.0,26.765,1,NOT_LISTED,True,,,,-3.0,46.5,21.75,8.333333333333334,0.28570392566060265,-0.21625265784259895,5.773288325539911
2026,3,2026_03_HOU_IND,00-0035685,David Montgomery,RB,HOU,IND,receiving_yards,10.14514588037993,10.14514588037993,13.266666666666666,1.0,26.765,2,NOT_LISTED,True,,,,1.5,41.5,21.5,1.5,0.04069002759565373,0.2535808651871585,8.015731907346971
2026,3,2026_03_LAC_BUF,00-0035689,Dawson Knox,TE,BUF,LAC,receiving_yards,16.580308776248913,16.580308776248913,14.733333333333333,1.0,26.765,2,NOT_LISTED,True,,,,7.0,50.5,28.75,2.6666666666666665,0.09917397417397417,-0.016755209667629334,6.801711491120214
2026,3,2026_03_ARI_SF,00-0035719,Deebo Samuel Sr.,WR,SF,ARI,receiving_yards,46.11831480922024,46.11831480922024,36.13333333333334,1.0,26.765,2,NOT_LISTED,True,,,,7.5,48.5,28.0,4.833333333333333,0.2270821047717332,0.31951568094901506,7.511676582698416
2026,3,2026_03_LV_NO,00-0036040,Juwan Johnson,TE,NO,LV,receiving_yards,41.16414874421752,41.16414874421752,62.53333333333333,1.0,26.765,2,NOT_LISTED,True,,,,3.5,43.5,23.5,5.5,0.14589066267659803,0.09467377023976183,6.4518704601854076
2026,3,2026_03_CIN_PIT,00-0036139,Rico Dowdle,RB,PIT,CIN,receiving_yards,15.772503817792947,15.772503817792947,14.333333333333332,1.0,26.765,2,OUT,False,Out,Did Not Participate In Practice,Toe,-3.5,42.5,19.5,3.5,0.1229165801746447,-0.041728589769477256,6.866920380465325
2026,3,2026_03_HOU_IND,00-0036223,Jonathan Taylor,RB,IND,HOU,receiving_yards,23.034333505671867,23.034333505671867,24.333333333333332,1.0,26.765,2,NOT_LISTED,True,,Full Participation in Practice,,-1.5,41.5,20.0,3.8333333333333335,0.12932441122096294,-0.029050199888240563,7.032044628818822
2026,3,2026_03_LA_DEN,00-0036244,Colby Parkinson,TE,LA,DEN,receiving_yards,23.567561223411136,23.567561223411136,25.133333333333333,1.0,26.765,2,QUESTIONABLE,True,Questionable,Did Not Participate In Practice,Knee,1.5,44.5,23.0,4.833333333333333,0.13198637233724955,-0.13220334149319996,5.367311981367003
2026,3,2026_03_CIN_PIT,00-0036252,Michael Pittman,WR,PIT,CIN,receiving_yards,30.392563801502,30.392563801502,31.8,1.0,26.765,1,QUESTIONABLE,True,Questionable,Limited Participation in Practice,Foot,-3.5,42.5,19.5,5.333333333333333,0.1617118987808643,-0.041728589769477256,6.866920380465325
2026,3,2026_03_MIN_TB,00-0036259,Jauan Jennings,WR,MIN,TB,receiving_yards,26.546611660166906,26.546611660166906,30.333333333333336,1.0,26.765,1,NOT_LISTED,True,,,,1.5,42.5,22.0,4.666666666666667,0.1680286299851517,0.16811077653967452,7.074224300227337
2026,3,2026_03_PHI_CHI,00-0036275,D'Andre Swift,RB,CHI,PHI,receiving_yards,13.79894436784763,13.79894436784763,21.53333333333333,1.0,26.765,2,NOT_LISTED,True,,,,-4.5,41.5,18.5,2.3333333333333335,0.07616989226184628,-0.18142734002187402,5.187511362654284
2026,3,2026_03_PHI_CHI,00-0036290,Cole Kmet,TE,CHI,PHI,receiving_yards,17.049955097145016,17.049955097145016,17.46666666666667,1.0,26.765,2,NOT_LISTED,True,,,,-4.5,41.5,18.5,2.8333333333333335,0.09678095425221861,-0.18142734002187402,5.187511362654284
2026,3,2026_03_TEN_NYG,00-0036309,Darnell Mooney,WR,NYG,TEN,receiving_yards,29.192960276010886,29.192960276010886,31.6,1.0,26.765,2,NOT_LISTED,True,,,,2.5,37.5,20.0,3.8333333333333335,0.12520230723351858,0.2637448253876611,8.079561349422214
2026,3,2026_03_MIN_TB,00-0036322,Justin Jefferson,WR,MIN,TB,receiving_yards,74.68238183513819,74.68238183513819,75.26666666666668,1.0,26.765,2,NOT_LISTED,True,,,,1.5,42.5,22.0,7.833333333333333,0.3520104609349461,0.16811077653967452,7.074224300227337
2026,3,2026_03_BAL_DAL,00-0036358,CeeDee Lamb,WR,DAL,BAL,receiving_yards,78.89632246773175,78.89632246773175,67.46666666666667,1.0,26.765,2,NOT_LISTED,True,,,,-3.0,53.5,25.25,7.5,0.23045159527890943,0.12110709483111504,6.998002374214828
2026,3,2026_03_CAR_CLE,00-0036407,Jerry Jeudy,WR,CLE,CAR,receiving_yards,31.532518522672547,31.532518522672547,17.333333333333332,1.0,26.765,2,NOT_LISTED,True,,,,-2.5,41.5,19.5,4.333333333333333,0.1803990055275703,0.003381293981345925,6.580790749555341
2026,3,2026_03_CIN_PIT,00-0036410,Tee Higgins,WR,CIN,PIT,receiving_yards,64.13768926269722,64.13768926269722,72.53333333333333,1.0,26.765,2,NOT_LISTED,True,,,,3.5,42.5,23.0,7.333333333333333,0.21495637321313943,-0.011718475554776432,7.269036656436184
2026,3,2026_03_LA_DEN,00-0036422,Adam Trautman,TE,DEN,LA,receiving_yards,17.77593431975248,17.77593431975248,17.6,1.0,26.765,1,NOT_LISTED,True,,,,-1.5,44.5,21.5,2.5,0.06778985760279997,0.0894779537442274,6.699550988062944
2026,3,2026_03_BAL_DAL,00-0036550,Rashod Bateman,WR,BAL,DAL,receiving_yards,32.44616531421159,32.44616531421159,26.866666666666667,1.0,26.765,2,NOT_LISTED,True,,,,3.0,53.5,28.25,2.8333333333333335,0.10437565308254963,0.42990659843334866,8.014247063088831
2026,3,2026_03_HOU_IND,00-0036554,Nico Collins,WR,HOU,IND,receiving_yards,65.818460944995,65.818460944995,71.19999999999999,1.0,26.765,1,OUT,False,Out,Did Not Participate In Practice,Hamstring,1.5,41.5,21.5,7.5,0.24191079276863592,0.2535808651871585,8.015731907346971
2026,3,2026_03_CAR_CLE,00-0036555,Chuba Hubbard,RB,CAR,CLE,receiving_yards,14.891879709800655,14.891879709800655,16.400000000000002,1.0,26.765,2,NOT_LISTED,True,,,,2.5,41.5,22.0,2.0,0.0737528613595976,-0.05907408342206537,6.053959523693425
2026,3,2026_03_LA_DEN,00-0036613,Jaylen Waddle,WR,DEN,LA,receiving_yards,55.44038619445605,55.44038619445605,47.2,1.0,26.765,2,NOT_LISTED,True,,,,-1.5,44.5,21.5,5.666666666666667,0.21648625958970788,0.0894779537442274,6.699550988062944
2026,3,2026_03_SEA_WAS,00-0036626,Dyami Brown,WR,WAS,SEA,receiving_yards,16.623297333279538,16.623297333279538,7.733333333333333,1.0,26.765,2,NOT_LISTED,True,,,,-8.5,40.5,16.0,1.8333333333333333,0.06110449605281885,-0.3213544122013914,4.620662652985098
2026,3,2026_03_SEA_WAS,00-0036628,John Bates,TE,WAS,SEA,receiving_yards,12.06597833407741,12.06597833407741,8.799999999999999,1.0,26.765,1,NOT_LISTED,True,,,,-8.5,40.5,16.0,1.5,0.06094264636687504,-0.3213544122013914,4.620662652985098
2026,3,2026_03_KC_MIA,00-0036637,Noah Gray,TE,KC,MIA,receiving_yards,13.112728264062168,13.112728264062168,10.399999999999999,1.0,26.765,2,NOT_LISTED,True,,,,10.0,45.5,27.75,1.8333333333333333,0.06389512608037066,0.19644870863920197,7.724095341715023
2026,3,2026_03_NYJ_DET,00-0036754,Brock Wright,TE,DET,NYJ,receiving_yards,11.564373766877132,11.564373766877132,10.333333333333334,1.0,26.765,2,NOT_LISTED,True,,,,7.0,49.5,28.25,2.3333333333333335,0.06406273429299746,0.337387465014253,7.220190990999079
2026,3,2026_03_LA_DEN,00-0036849,Tutu Atwell,WR,LA,DEN,receiving_yards,19.488669410014207,19.488669410014207,21.4,1.0,26.765,1,NOT_LISTED,True,,,,1.5,44.5,23.0,2.3333333333333335,0.06085227103533739,-0.13220334149319996,5.367311981367003
2026,3,2026_03_NE_JAX,00-0036875,Rhamondre Stevenson,RB,NE,JAX,receiving_yards,23.39957850667043,23.39957850667043,25.666666666666664,1.0,26.765,2,NOT_LISTED,True,,,,-3.0,46.5,21.75,3.5,0.13276311502117952,-0.21625265784259895,5.773288325539911
2026,3,2026_03_TEN_NYG,00-0036893,Najee Harris,RB,NYG,TEN,receiving_yards,5.761478565254275,5.761478565254275,7.466666666666667,1.0,26.765,1,NOT_LISTED,True,,,,2.5,37.5,20.0,2.0,0.0650308910281865,0.2637448253876611,8.079561349422214
2026,3,2026_03_CIN_PIT,00-0036894,Pat Freiermuth,TE,PIT,CIN,receiving_yards,37.61259153492067,37.61259153492067,42.93333333333334,1.0,26.765,2,NOT_LISTED,True,,,,-3.5,42.5,19.5,4.833333333333333,0.13491501868694852,-0.041728589769477256,6.866920380465325
2026,3,2026_03_CIN_PIT,00-0036900,Ja'Marr Chase,WR,CIN,PIT,receiving_yards,63.301460025552615,63.301460025552615,68.86666666666667,1.0,26.765,2,NOT_LISTED,True,,,,3.5,42.5,23.0,9.833333333333334,0.29052299350911154,-0.011718475554776432,7.269036656436184
2026,3,2026_03_PHI_CHI,00-0036912,DeVonta Smith,WR,PHI,CHI,receiving_yards,58.83754348291332,58.83754348291332,67.0,1.0,26.765,2,NOT_LISTED,True,,Full Participation in Practice,,4.5,41.5,23.0,6.333333333333333,0.23116219667943805,0.13520879635727642,7.414350257940411
2026,3,2026_03_MIN_TB,00-0036919,Kenny Gainwell,RB,TB,MIN,receiving_yards,20.436739725397487,20.436739725397487,28.266666666666666,1.0,26.765,2,NOT_LISTED,True,,,,-1.5,42.5,20.5,5.333333333333333,0.15239541774629492,-0.39206113325193925,4.875093858613679
2026,3,2026_03_NYJ_DET,00-0036963,Amon-Ra St. Brown,WR,DET,NYJ,receiving_yards,91.71662545504799,91.71662545504799,111.86666666666667,1.0,26.765,2,NOT_LISTED,True,,,,7.0,49.5,28.25,13.666666666666666,0.3687972140785208,0.337387465014253,7.220190990999079
2026,3,2026_03_ATL_GB,00-0036970,Kyle Pitts,TE,ATL,GB,receiving_yards,24.074315613838532,24.074315613838532,14.066666666666668,1.0,26.765,3,NOT_LISTED,True,,,,-4.5,43.5,19.5,4.5,0.15851136276463784,0.20452516411601107,6.882638075432193
2026,3,2026_03_LV_NO,00-0036973,Travis Etienne,RB,NO,LV,receiving_yards,19.67090614558891,19.67090614558891,18.733333333333334,1.0,26.765,2,NOT_LISTED,True,,Full Participation in Practice,,3.5,43.5,23.5,4.0,0.10577172573140314,0.09467377023976183,6.4518704601854076
2026,3,2026_03_LAC_BUF,00-0036988,Josh Palmer,WR,BUF,LAC,receiving_yards,24.35471017646257,24.35471017646257,22.8,1.0,26.765,2,NOT_LISTED,True,,,,7.0,50.5,28.75,2.1666666666666665,0.07979982979982979,-0.016755209667629334,6.801711491120214
2026,3,2026_03_BAL_DAL,00-0036997,Javonte Williams,RB,DAL,BAL,receiving_yards,21.07993817386405,21.07993817386405,14.2,1.0,26.765,2,NOT_LISTED,True,,,,-3.0,53.5,25.25,3.0,0.08835181054424363,0.12110709483111504,6.998002374214828
2026,3,2026_03_ARI_SF,00-0037004,Hunter Long,TE,ARI,SF,receiving_yards,7.285139501141031,7.285139501141031,4.133333333333334,1.0,26.765,2,NOT_LISTED,True,,,,-7.5,48.5,20.5,1.6666666666666667,0.04436124159528415,0.016085585143643485,6.518459342801448
2026,3,2026_03_CAR_CLE,00-0037005,Tommy Tremble,TE,CAR,CLE,receiving_yards,20.609934155586977,20.609934155586977,19.53333333333333,1.0,26.765,2,NOT_LISTED,True,,,,2.5,41.5,22.0,2.8333333333333335,0.10379487816632028,-0.05907408342206537,6.053959523693425
2026,3,2026_03_LA_DEN,00-0037085,Tyler Badie,RB,DEN,LA,receiving_yards,13.251051583613068,13.251051583613068,15.466666666666669,1.0,26.765,1,NOT_LISTED,True,,,,-1.5,44.5,21.5,1.6666666666666667,0.052441661113887504,0.0894779537442274,6.699550988062944
2026,3,2026_03_ARI_SF,00-0037157,Bam Knight,RB,ARI,SF,receiving_yards,7.7000970181352155,7.7000970181352155,9.933333333333334,1.0,26.765,1,NOT_LISTED,True,,,,-7.5,48.5,20.5,3.0,0.06626149017453366,0.016085585143643485,6.518459342801448
2026,3,2026_03_CIN_PIT,00-0037228,Jaylen Warren,RB,PIT,CIN,receiving_yards,19.33097013089273,19.33097013089273,26.599999999999998,1.0,26.765,2,QUESTIONABLE,True,Questionable,Limited Participation in Practice,Shoulder,-3.5,42.5,19.5,3.3333333333333335,0.09127488732751891,-0.041728589769477256,6.866920380465325
2026,3,2026_03_LV_NO,00-0037231,Kevin Austin Jr.,WR,NO,LV,receiving_yards,22.130382463163023,22.130382463163023,29.0,1.0,26.765,1,NOT_LISTED,True,,,,3.5,43.5,23.5,4.0,0.1217752368758755,0.09467377023976183,6.4518704601854076
2026,3,2026_03_ATL_GB,00-0037238,Drake London,WR,ATL,GB,receiving_yards,63.024854378281596,63.024854378281596,80.33333333333333,1.0,26.765,3,NOT_LISTED,True,,,,-4.5,43.5,19.5,6.166666666666667,0.2347600052299161,0.20452516411601107,6.882638075432193
2026,3,2026_03_LV_NO,00-0037239,Chris Olave,WR,NO,LV,receiving_yards,81.52031583046869,81.52031583046869,120.73333333333332,1.0,26.765,2,NOT_LISTED,True,,,,3.5,43.5,23.5,10.666666666666666,0.30844258666124375,0.09467377023976183,6.4518704601854076
2026,3,2026_03_NYJ_DET,00-0037240,Jameson Williams,WR,DET,NYJ,receiving_yards,58.207829457839665,58.207829457839665,56.6,1.0,26.765,2,NOT_LISTED,True,,,,7.0,49.5,28.25,7.166666666666667,0.18298961742700395,0.337387465014253,7.220190990999079
2026,3,2026_03_BAL_DAL,00-0037247,George Pickens,WR,DAL,BAL,receiving_yards,54.36261000205758,54.36261000205758,36.6,1.0,26.765,2,NOT_LISTED,True,,,,-3.0,53.5,25.25,6.166666666666667,0.19667779317586473,0.12110709483111504,6.998002374214828
2026,3,2026_03_LAC_BUF,00-0037248,James Cook,RB,BUF,LAC,receiving_yards,16.434445487333385,16.434445487333385,5.866666666666667,1.0,26.765,2,NOT_LISTED,True,,,,7.0,50.5,28.75,2.6666666666666665,0.09961797461797461,-0.016755209667629334,6.801711491120214
2026,3,2026_03_KC_MIA,00-0037252,Greg Dulcich,TE,MIA,KC,receiving_yards,21.902489235817466,21.902489235817466,27.6,1.0,26.765,2,NOT_LISTED,True,,,,-10.0,45.5,17.75,3.3333333333333335,0.13737902481030917,-0.014461983071213255,5.911831584285608
2026,3,2026_03_SEA_WAS,00-0037256,Rachaad White,RB,WAS,SEA,receiving_yards,14.03938437756538,14.03938437756538,18.666666666666664,1.0,26.765,2,NOT_LISTED,True,,,,-8.5,40.5,16.0,2.5,0.08217495697338496,-0.3213544122013914,4.620662652985098
2026,3,2026_03_LAC_BUF,00-0037261,Khalil Shakir,WR,BUF,LAC,receiving_yards,47.07009256714086,47.07009256714086,40.46666666666667,1.0,26.765,2,NOT_LISTED,True,,,,7.0,50.5,28.75,5.333333333333333,0.20364820364820366,-0.016755209667629334,6.801711491120214
2026,3,2026_03_LV_NO,00-0037291,Jalen Nailor,WR,LV,NO,receiving_yards,28.44555300136839,28.44555300136839,25.8,1.0,26.765,2,NOT_LISTED,True,,,,-3.5,43.5,20.0,3.1666666666666665,0.12376341591109206,-0.1147346961968356,5.442485583145638
2026,3,2026_03_SEA_WAS,00-0037545,Rashid Shaheed,WR,SEA,WAS,receiving_yards,29.219422792319126,29.219422792319126,16.4,1.0,26.765,2,NOT_LISTED,True,,,,8.5,40.5,24.5,3.1666666666666665,0.11284526405494148,0.177249707292282,6.714870452273207
2026,3,2026_03_CAR_CLE,00-0037614,John Metchie III,WR,CAR,CLE,receiving_yards,18.308068411956455,18.308068411956455,20.46666666666667,1.0,26.765,1,NOT_LISTED,True,,,,2.5,41.5,22.0,4.166666666666667,0.13814616755793227,-0.05907408342206537,6.053959523693425
2026,3,2026_03_HOU_IND,00-0037664,Alec Pierce,WR,IND,HOU,receiving_yards,39.85170998932122,39.85170998932122,61.2,1.0,26.765,2,OUT,False,Out,Did Not Participate In Practice,Heel,-1.5,41.5,20.0,4.0,0.12905625664246353,-0.029050199888240563,7.032044628818822
2026,3,2026_03_NYJ_DET,00-0037740,Garrett Wilson,WR,NYJ,DET,receiving_yards,62.79440094511415,62.79440094511415,47.333333333333336,1.0,26.765,2,NOT_LISTED,True,,,,-7.0,49.5,21.25,7.166666666666667,0.2991814278046162,0.08251010435421066,6.638245519369171
2026,3,2026_03_ATL_GB,00-0037741,Jahan Dotson,WR,ATL,GB,receiving_yards,29.76060198032907,29.76060198032907,14.466666666666665,1.0,26.765,3,NOT_LISTED,True,,,,-4.5,43.5,19.5,3.6666666666666665,0.13359311941316507,0.20452516411601107,6.882638075432193
2026,3,2026_03_SEA_WAS,00-0037742,Treylon Burks,WR,WAS,SEA,receiving_yards,14.92823780814248,14.92823780814248,8.133333333333333,1.0,26.765,1,NOT_LISTED,True,,,,-8.5,40.5,16.0,2.5,0.12669602928890852,-0.3213544122013914,4.620662652985098
2026,3,2026_03_ARI_SF,00-0037744,Trey McBride,TE,ARI,SF,receiving_yards,76.34420924911359,76.34420924911359,69.4,1.0,26.765,2,NOT_LISTED,True,,,,-7.5,48.5,20.5,10.833333333333334,0.33517948753883414,0.016085585143643485,6.518459342801448
2026,3,2026_03_BAL_DAL,00-0037801,KaVontae Turpin,WR,DAL,BAL,receiving_yards,14.401690643678643,14.401690643678643,9.466666666666667,1.0,26.765,2,NOT_LISTED,True,,,,-3.0,53.5,25.25,1.5,0.04778870485392225,0.12110709483111504,6.998002374214828
2026,3,2026_03_NYJ_DET,00-0037805,Jeremy Ruckert,TE,NYJ,DET,receiving_yards,13.263427957932766,13.263427957932766,6.0,1.0,26.765,2,NOT_LISTED,True,,,,-7.0,49.5,21.25,2.3333333333333335,0.0728781850904613,0.08251010435421066,6.638245519369171
2026,3,2026_03_SEA_WAS,00-0037809,Chig Okonkwo,TE,WAS,SEA,receiving_yards,26.449319056348763,26.449319056348763,25.93333333333333,1.0,26.765,1,OUT,False,Out,Did Not Participate In Practice,Hamstring,-8.5,40.5,16.0,5.166666666666667,0.1755803243159565,-0.3213544122013914,4.620662652985098
2026,3,2026_03_NE_JAX,00-0037816,Romeo Doubs,WR,NE,JAX,receiving_yards,38.879631433825345,38.879631433825345,50.13333333333333,1.0,26.765,2,NOT_LISTED,True,,,,-3.0,46.5,21.75,3.5,0.13792337318284023,-0.21625265784259895,5.773288325539911
2026,3,2026_03_TEN_NYG,00-0037838,Isaiah Likely,TE,NYG,TEN,receiving_yards,41.20254243758532,41.20254243758532,41.599999999999994,1.0,26.765,2,NOT_LISTED,True,,,,2.5,37.5,20.0,4.833333333333333,0.1729712182678714,0.2637448253876611,8.079561349422214
2026,3,2026_03_LA_DEN,00-0037840,Kyren Williams,RB,LA,DEN,receiving_yards,16.058845408249866,16.058845408249866,19.4,1.0,26.765,2,NOT_LISTED,True,,,,1.5,44.5,23.0,3.3333333333333335,0.09126033928665507,-0.13220334149319996,5.367311981367003
2026,3,2026_03_BAL_DAL,00-0038041,Jake Ferguson,TE,DAL,BAL,receiving_yards,24.174132338460048,24.174132338460048,17.133333333333333,1.0,26.765,2,NOT_LISTED,True,,,,-3.0,53.5,25.25,3.0,0.09624945271859715,0.12110709483111504,6.998002374214828
2026,3,2026_03_ATL_GB,00-0038090,Skyy Moore,WR,GB,ATL,receiving_yards,20.237678867713882,20.237678867713882,11.4,1.0,26.765,3,NOT_LISTED,True,,,,4.5,43.5,24.0,2.0,0.0493343680209806,0.04409527183471819,6.5884093431633834
2026,3,2026_03_KC_MIA,00-0038104,Tyquan Thornton,WR,KC,MIA,receiving_yards,29.14054336660621,29.14054336660621,36.733333333333334,1.0,26.765,2,NOT_LISTED,True,,,,10.0,45.5,27.75,2.0,0.05995455760491847,0.19644870863920197,7.724095341715023
2026,3,2026_03_TEN_NYG,00-0038115,Daniel Bellinger,TE,TEN,NYG,receiving_yards,11.029609228306033,11.029609228306033,15.066666666666666,1.0,26.765,2,LIMITED,True,,Limited Participation in Practice,,-2.5,37.5,17.5,2.1666666666666665,0.07173678858516587,0.04696950411862127,7.179857950124495
2026,3,2026_03_TEN_NYG,00-0038117,Wan'Dale Robinson,WR,TEN,NYG,receiving_yards,48.273407980843956,48.273407980843956,49.8,1.0,26.765,2,NOT_LISTED,True,,,,-2.5,37.5,17.5,7.5,0.3047529061727845,0.04696950411862127,7.179857950124495
2026,3,2026_03_NYJ_DET,00-0038120,Breece Hall,RB,NYJ,DET,receiving_yards,20.111865958070048,20.111865958070048,27.400000000000002,1.0,26.765,2,NOT_LISTED,True,,,,-7.0,49.5,21.25,2.6666666666666665,0.08359678412427773,0.08251010435421066,6.638245519369171
2026,3,2026_03_ATL_GB,00-0038124,Christian Watson,WR,GB,ATL,receiving_yards,64.89687378819177,64.89687378819177,86.33333333333334,1.0,26.765,3,NOT_LISTED,True,,,,4.5,43.5,24.0,7.666666666666667,0.23404627751483734,0.04409527183471819,6.5884093431633834
2026,3,2026_03_MIN_TB,00-0038129,Cade Otton,TE,TB,MIN,receiving_yards,38.0244200458755,38.0244200458755,46.599999999999994,1.0,26.765,2,NOT_LISTED,True,,,,-1.5,42.5,20.5,5.0,0.181643418310085,-0.39206113325193925,4.875093858613679
2026,3,2026_03_KC_MIA,00-0038134,Kenneth Walker III,RB,KC,MIA,receiving_yards,32.28073809298569,32.28073809298569,35.46666666666667,1.0,26.765,2,NOT_LISTED,True,,,,10.0,45.5,27.75,4.333333333333333,0.13840076569258863,0.19644870863920197,7.724095341715023
2026,3,2026_03_LA_DEN,00-0038359,Xavier Smith,WR,LA,DEN,receiving_yards,10.285540235714993,10.285540235714993,9.866666666666667,1.0,26.765,2,NOT_LISTED,True,,,,1.5,44.5,23.0,1.8333333333333333,0.04928678678678678,-0.13220334149319996,5.367311981367003
2026,3,2026_03_PHI_CHI,00-0038393,Dontayvion Wicks,WR,PHI,CHI,receiving_yards,40.59568329603924,40.59568329603924,48.53333333333333,1.0,26.765,2,NOT_LISTED,True,,,,4.5,41.5,23.0,3.6666666666666665,0.12975949488119873,0.13520879635727642,7.414350257940411
2026,3,2026_03_ATL_GB,00-0038542,Bijan Robinson,RB,ATL,GB,receiving_yards,38.54722971620265,38.54722971620265,40.53333333333333,1.0,26.765,3,NOT_LISTED,True,,,,-4.5,43.5,19.5,6.333333333333333,0.2609723301736728,0.20452516411601107,6.882638075432193
2026,3,2026_03_SEA_WAS,00-0038543,Jaxon Smith-Njigba,WR,SEA,WAS,receiving_yards,86.5693466154122,86.5693466154122,115.0,1.0,26.765,2,NOT_LISTED,True,,,,8.5,40.5,24.5,10.666666666666666,0.3904538561796626,0.177249707292282,6.714870452273207
2026,3,2026_03_LAC_BUF,00-0038544,Quentin Johnston,WR,LAC,BUF,receiving_yards,46.66237699291969,46.66237699291969,41.53333333333333,1.0,26.765,2,NOT_LISTED,True,,,,-7.0,50.5,21.75,5.0,0.1874096307827023,-0.10135847527851205,5.510087261314727
2026,3,2026_03_CIN_PIT,00-0038558,Darnell Washington,TE,PIT,CIN,receiving_yards,13.803863943111748,13.803863943111748,15.533333333333333,1.0,26.765,2,NOT_LISTED,True,,,,-3.5,42.5,19.5,2.5,0.07431274975134623,-0.041728589769477256,6.866920380465325
2026,3,2026_03_ARI_SF,00-0038559,Michael Wilson,WR,ARI,SF,receiving_yards,62.905070438734846,62.905070438734846,59.133333333333326,1.0,26.765,2,NOT_LISTED,True,,,,-7.5,48.5,20.5,7.666666666666667,0.2371284149868542,0.016085585143643485,6.518459342801448
2026,3,2026_03_LV_NO,00-0038563,Tre Tucker,WR,LV,NO,receiving_yards,49.680238538984725,49.680238538984725,53.06666666666666,1.0,26.765,2,NOT_LISTED,True,,,,-3.5,43.5,20.0,5.166666666666667,0.1952730028592098,-0.1147346961968356,5.442485583145638
2026,3,2026_03_CIN_PIT,00-0038597,Chase Brown,RB,CIN,PIT,receiving_yards,25.08214699788622,25.08214699788622,19.200000000000003,1.0,26.765,2,NOT_LISTED,True,,,,3.5,42.5,23.0,5.166666666666667,0.15167357351268268,-0.011718475554776432,7.269036656436184
2026,3,2026_03_NE_JAX,00-0038606,Parker Washington,WR,JAX,NE,receiving_yards,78.34161284659318,78.34161284659318,92.33333333333333,1.0,26.765,2,NOT_LISTED,True,,,,3.0,46.5,24.75,8.333333333333334,0.2779559513430481,-0.11169973814326586,5.728818523430593
2026,3,2026_03_HOU_IND,00-0038608,Kayshon Boutte,WR,HOU,IND,receiving_yards,27.649730868814828,27.649730868814828,27.266666666666666,1.0,26.765,2,NOT_LISTED,True,,,,1.5,41.5,21.5,3.3333333333333335,0.10626730626730628,0.2535808651871585,8.015731907346971
2026,3,2026_03_HOU_IND,00-0038618,Xavier Hutchinson,WR,HOU,IND,receiving_yards,39.76451394660761,39.76451394660761,43.53333333333333,1.0,26.765,2,NOT_LISTED,True,,,,1.5,41.5,21.5,5.166666666666667,0.1524536592183651,0.2535808651871585,8.015731907346971
2026,3,2026_03_CIN_PIT,00-0038619,Andrei Iosivas,WR,CIN,PIT,receiving_yards,15.909391451946407,15.909391451946407,11.866666666666667,1.0,26.765,2,OUT,False,Out,Did Not Participate In Practice,Thumb,3.5,42.5,23.0,2.5,0.07354912519448621,-0.011718475554776432,7.269036656436184
2026,3,2026_03_NE_JAX,00-0038621,DeMario Douglas,WR,NE,JAX,receiving_yards,24.38856242362015,24.38856242362015,16.53333333333333,1.0,26.765,2,NOT_LISTED,True,,,,-3.0,46.5,21.75,2.6666666666666665,0.09977726574500768,-0.21625265784259895,5.773288325539911
2026,3,2026_03_HOU_IND,00-0038728,Jared Wayne,WR,HOU,IND,receiving_yards,22.965297767545735,22.965297767545735,21.666666666666668,1.0,26.765,2,NOT_LISTED,True,,,,1.5,41.5,21.5,3.3333333333333335,0.07321953532479848,0.2535808651871585,8.015731907346971
2026,3,2026_03_LA_DEN,00-0038783,Nate Adkins,TE,DEN,LA,receiving_yards,14.008108548663007,14.008108548663007,11.399999999999999,1.0,26.765,2,NOT_LISTED,True,,,,-1.5,44.5,21.5,1.6666666666666667,0.050062001675480645,0.0894779537442274,6.699550988062944
2026,3,2026_03_LAC_BUF,00-0038933,Dalton Kincaid,TE,BUF,LAC,receiving_yards,53.33502567620826,53.33502567620826,77.80000000000001,1.0,26.765,2,NOT_LISTED,True,,,,7.0,50.5,28.75,4.5,0.16695495862162527,-0.016755209667629334,6.801711491120214
2026,3,2026_03_NE_JAX,00-0038935,Brenton Strange,TE,JAX,NE,receiving_yards,29.043237866675625,29.043237866675625,32.46666666666667,1.0,26.765,2,NOT_LISTED,True,,,,3.0,46.5,24.75,4.333333333333333,0.14168534894341345,-0.11169973814326586,5.728818523430593
2026,3,2026_03_LA_DEN,00-0038976,Marvin Mims Jr.,WR,DEN,LA,receiving_yards,11.599532118809677,11.599532118809677,9.333333333333334,1.0,26.765,1,QUESTIONABLE,True,Questionable,Limited Participation in Practice,Foot,-1.5,44.5,21.5,2.8333333333333335,0.08650634329982156,0.0894779537442274,6.699550988062944
2026,3,2026_03_MIN_TB,00-0038994,Jordan Addison,WR,MIN,TB,receiving_yards,33.673283344329704,33.673283344329704,13.866666666666667,1.0,26.765,2,NOT_LISTED,True,,,,1.5,42.5,22.0,2.6666666666666665,0.12255185064109549,0.16811077653967452,7.074224300227337
2026,3,2026_03_ATL_GB,00-0038996,Tucker Kraft,TE,GB,ATL,receiving_yards,40.77233329347592,40.77233329347592,43.0,1.0,26.765,3,NOT_LISTED,True,,,,4.5,43.5,24.0,6.5,0.1850518368266847,0.04409527183471819,6.5884093431633834
2026,3,2026_03_HOU_IND,00-0038997,Josh Downs,WR,IND,HOU,receiving_yards,54.828524023527166,54.828524023527166,52.8,1.0,26.765,2,NOT_LISTED,True,,,,-1.5,41.5,20.0,6.0,0.19564410685100342,-0.029050199888240563,7.032044628818822
2026,3,2026_03_TEN_NYG,00-0039032,Tyjae Spears,RB,TEN,NYG,receiving_yards,16.465837624735773,16.465837624735773,16.933333333333334,1.0,26.765,2,QUESTIONABLE,True,Questionable,Limited Participation in Practice,Ankle,-2.5,37.5,17.5,3.6666666666666665,0.13150458836733347,0.04696950411862127,7.179857950124495
2026,3,2026_03_KC_MIA,00-0039040,De'Von Achane,RB,MIA,KC,receiving_yards,27.27291320864701,27.27291320864701,26.733333333333334,1.0,26.765,2,NOT_LISTED,True,,,,-10.0,45.5,17.75,4.0,0.16070915683609335,-0.014461983071213255,5.911831584285608
2026,3,2026_03_ARI_SF,00-0039041,Elijah Higgins,TE,ARI,SF,receiving_yards,11.058116691144434,11.058116691144434,13.733333333333334,1.0,26.765,1,NOT_LISTED,True,,,,-7.5,48.5,20.5,2.5,0.0811558677257407,0.016085585143643485,6.518459342801448
2026,3,2026_03_BAL_DAL,00-0039064,Zay Flowers,WR,BAL,DAL,receiving_yards,69.2539331822522,69.2539331822522,103.19999999999999,1.0,26.765,1,QUESTIONABLE,True,Questionable,Limited Participation in Practice,Hamstring,3.0,53.5,28.25,6.666666666666667,0.3254901960784314,0.42990659843334866,8.014247063088831
2026,3,2026_03_NYJ_DET,00-0039065,Sam LaPorta,TE,DET,NYJ,receiving_yards,48.16540580658346,48.16540580658346,51.93333333333334,1.0,26.765,2,NOT_LISTED,True,,,,7.0,49.5,28.25,6.166666666666667,0.18286267217188268,0.337387465014253,7.220190990999079
2026,3,2026_03_LV_NO,00-0039066,Michael Mayer,TE,LV,NO,receiving_yards,34.6109843548028,34.6109843548028,33.8,1.0,26.765,2,NOT_LISTED,True,,,,-3.5,43.5,20.0,4.833333333333333,0.177520755106962,-0.1147346961968356,5.442485583145638
2026,3,2026_03_KC_MIA,00-0039067,Rashee Rice,WR,KC,MIA,receiving_yards,53.75426560254729,53.75426560254729,58.599999999999994,1.0,26.765,2,NOT_LISTED,True,,Full Participation in Practice,,10.0,45.5,27.75,8.5,0.2526888977991624,0.19644870863920197,7.724095341715023
2026,3,2026_03_LA_DEN,00-0039074,Davis Allen,TE,LA,DEN,receiving_yards,11.229193241913181,11.229193241913181,10.066666666666666,1.0,26.765,2,NOT_LISTED,True,,,,1.5,44.5,23.0,2.3333333333333335,0.06189055849850983,-0.13220334149319996,5.367311981367003
2026,3,2026_03_LA_DEN,00-0039075,Puka Nacua,WR,LA,DEN,receiving_yards,83.48231776495652,83.48231776495652,90.73333333333335,1.0,26.765,1,DOUBTFUL,False,Doubtful,Did Not Participate In Practice,Hip,1.5,44.5,23.0,11.333333333333334,0.31434235593828125,-0.13220334149319996,5.367311981367003
2026,3,2026_03_NYJ_DET,00-0039139,Jahmyr Gibbs,RB,DET,NYJ,receiving_yards,37.62232614951987,37.62232614951987,40.333333333333336,1.0,26.765,2,NOT_LISTED,True,,,,7.0,49.5,28.25,6.833333333333333,0.16921318917689154,0.337387465014253,7.220190990999079
2026,3,2026_03_ATL_GB,00-0039146,Jayden Reed,WR,GB,ATL,receiving_yards,29.82021074933716,29.82021074933716,25.4,1.0,26.765,2,OUT,False,Out,Did Not Participate In Practice,Neck,4.5,43.5,24.0,4.166666666666667,0.13917707812760285,0.04409527183471819,6.5884093431633834
2026,3,2026_03_TEN_NYG,00-0039337,Malik Nabers,WR,NYG,TEN,receiving_yards,51.60471155124942,51.60471155124942,40.733333333333334,1.0,26.765,2,NOT_LISTED,True,,Full Participation in Practice,,2.5,37.5,20.0,8.0,0.25311302681992337,0.2637448253876611,8.079561349422214
2026,3,2026_03_CAR_CLE,00-0039342,Xavier Legette,WR,CAR,CLE,receiving_yards,24.845336972282794,24.845336972282794,26.53333333333333,1.0,26.765,2,QUESTIONABLE,True,Questionable,Limited Participation in Practice,Knee,2.5,41.5,22.0,2.8333333333333335,0.10192501731875546,-0.05907408342206537,6.053959523693425
2026,3,2026_03_HOU_IND,00-0039359,Cade Stover,TE,HOU,IND,receiving_yards,11.593232936966835,11.593232936966835,6.2666666666666675,1.0,26.765,1,NOT_LISTED,True,,,,1.5,41.5,21.5,2.1666666666666665,0.07266734656440539,0.2535808651871585,8.015731907346971
2026,3,2026_03_MIN_TB,00-0039361,Bucky Irving,RB,TB,MIN,receiving_yards,20.122137597305205,20.122137597305205,18.200000000000003,1.0,26.765,2,NOT_LISTED,True,,,,-1.5,42.5,20.5,3.6666666666666665,0.11691568462401797,-0.39206113325193925,4.875093858613679
2026,3,2026_03_TEN_NYG,00-0039384,Tyrone Tracy Jr.,RB,NYG,TEN,receiving_yards,10.27417744438057,10.27417744438057,16.866666666666667,1.0,26.765,2,NOT_LISTED,True,,,,2.5,37.5,20.0,2.8333333333333335,0.10252879703310737,0.2637448253876611,8.079561349422214
2026,3,2026_03_BAL_DAL,00-0039410,Ryan Flournoy,WR,DAL,BAL,receiving_yards,45.050017845229235,45.050017845229235,41.666666666666664,1.0,26.765,2,NOT_LISTED,True,,,,-3.0,53.5,25.25,6.166666666666667,0.185530405675843,0.12110709483111504,6.998002374214828
2026,3,2026_03_LV_NO,00-0039424,Devaughn Vele,WR,NO,LV,receiving_yards,58.202133711381734,58.202133711381734,65.2,1.0,26.765,2,NOT_LISTED,True,,,,3.5,43.5,23.5,7.0,0.20557668758252912,0.09467377023976183,6.4518704601854076
2026,3,2026_03_NYJ_DET,00-0039451,Isaiah Williams,WR,NYJ,DET,receiving_yards,31.916001852465815,31.916001852465815,24.53333333333333,1.0,26.765,2,NOT_LISTED,True,,,,-7.0,49.5,21.25,5.0,0.17016230075692992,0.08251010435421066,6.638245519369171
2026,3,2026_03_CAR_CLE,00-0039491,Jalen Coker,WR,CAR,CLE,receiving_yards,64.0419294610084,64.0419294610084,75.13333333333334,1.0,26.765,2,QUESTIONABLE,True,Questionable,Limited Participation in Practice,Ankle,2.5,41.5,22.0,6.0,0.20596960558416913,-0.05907408342206537,6.053959523693425
2026,3,2026_03_CIN_PIT,00-0039739,Roman Wilson,WR,PIT,CIN,receiving_yards,31.50251455745747,31.50251455745747,17.866666666666667,1.0,26.765,2,NOT_LISTED,True,,,,-3.5,42.5,19.5,3.5,0.10711023961858224,-0.041728589769477256,6.866920380465325
2026,3,2026_03_SEA_WAS,00-0039793,AJ Barner,TE,SEA,WAS,receiving_yards,19.83126567754751,19.83126567754751,17.266666666666666,1.0,26.765,2,NOT_LISTED,True,,,,8.5,40.5,24.5,3.5,0.12132177857984311,0.177249707292282,6.714870452273207
2026,3,2026_03_ATL_GB,00-0039811,MarShawn Lloyd,RB,GB,ATL,receiving_yards,11.180741729549958,11.180741729549958,4.199999999999999,1.0,26.765,3,NOT_LISTED,True,,,,4.5,43.5,24.0,1.75,0.05742803089405524,0.04409527183471819,6.5884093431633834
2026,3,2026_03_CIN_PIT,00-0039814,Erick All,TE,CIN,PIT,receiving_yards,15.798673928431544,15.798673928431544,17.6,1.0,26.765,1,NOT_LISTED,True,,,,3.5,42.5,23.0,2.1666666666666665,0.07162788395256837,-0.011718475554776432,7.269036656436184
2026,3,2026_03_TEN_NYG,00-0039847,Theo Johnson,TE,NYG,TEN,receiving_yards,21.18176890690254,21.18176890690254,14.26666666666667,1.0,26.765,2,NOT_LISTED,True,,,,2.5,37.5,20.0,4.0,0.15080536340678327,0.2637448253876611,8.079561349422214
2026,3,2026_03_ARI_SF,00-0039849,Marvin Harrison Jr.,WR,ARI,SF,receiving_yards,23.13252457553199,23.13252457553199,16.53333333333333,1.0,26.765,2,NOT_LISTED,True,,,,-7.5,48.5,20.5,4.5,0.1189131309820965,0.016085585143643485,6.518459342801448
2026,3,2026_03_LA_DEN,00-0039868,Troy Franklin,WR,DEN,LA,receiving_yards,20.304942213373238,20.304942213373238,18.4,1.0,26.765,2,NOT_LISTED,True,,,,-1.5,44.5,21.5,3.1666666666666665,0.09229742923833378,0.0894779537442274,6.699550988062944
2026,3,2026_03_KC_MIA,00-0039880,Malik Washington,WR,MIA,KC,receiving_yards,37.77364904928188,37.77364904928188,29.666666666666664,1.0,26.765,2,NOT_LISTED,True,,,,-10.0,45.5,17.75,3.6666666666666665,0.14827703345944224,-0.014461983071213255,5.911831584285608
2026,3,2026_03_NYJ_DET,00-0039890,Adonai Mitchell,WR,NYJ,DET,receiving_yards,55.96348116819891,55.96348116819891,41.0,1.0,26.765,2,QUESTIONABLE,True,Questionable,Limited Participation in Practice,Finger,-7.0,49.5,21.25,7.0,0.22318372342349324,0.08251010435421066,6.638245519369171
2026,3,2026_03_NE_JAX,00-0039893,Brian Thomas Jr.,WR,JAX,NE,receiving_yards,47.807343033445925,47.807343033445925,42.6,1.0,26.765,2,NOT_LISTED,True,,,,3.0,46.5,24.75,5.5,0.18579420434259145,-0.11169973814326586,5.728818523430593
2026,3,2026_03_KC_MIA,00-0039894,Xavier Worthy,WR,KC,MIA,receiving_yards,37.38962864828723,37.38962864828723,20.200000000000003,1.0,26.765,2,NOT_LISTED,True,,,,10.0,45.5,27.75,4.5,0.16006978364235783,0.19644870863920197,7.724095341715023
2026,3,2026_03_LAC_BUF,00-0039901,Keon Coleman,WR,BUF,LAC,receiving_yards,34.381954678234024,34.381954678234024,34.86666666666667,1.0,26.765,2,QUESTIONABLE,True,Questionable,Limited Participation in Practice,Ankle,7.0,50.5,28.75,4.166666666666667,0.13992187361752578,-0.016755209667629334,6.801711491120214
2026,3,2026_03_SEA_WAS,00-0039912,Ben Sinnott,TE,WAS,SEA,receiving_yards,11.9037341226697,11.9037341226697,13.4,1.0,26.765,1,NOT_LISTED,True,,,,-8.5,40.5,16.0,1.8333333333333333,0.08960851884613495,-0.3213544122013914,4.620662652985098
2026,3,2026_03_LAC_BUF,00-0039915,Ladd McConkey,WR,LAC,BUF,receiving_yards,41.79321367617271,41.79321367617271,44.46666666666667,1.0,26.765,2,NOT_LISTED,True,,Full Participation in Practice,,-7.0,50.5,21.75,4.333333333333333,0.16437027294904807,-0.10135847527851205,5.510087261314727
2026,3,2026_03_PHI_CHI,00-0039919,Rome Odunze,WR,CHI,PHI,receiving_yards,39.16100838510094,39.16100838510094,39.46666666666667,1.0,26.765,2,NOT_LISTED,True,,,,-4.5,41.5,18.5,6.333333333333333,0.20471357346357347,-0.18142734002187402,5.187511362654284
2026,3,2026_03_PHI_CHI,00-0040024,Darius Cooper,WR,PHI,CHI,receiving_yards,16.78862538535198,16.78862538535198,19.200000000000003,1.0,26.765,2,NOT_LISTED,True,,,,4.5,41.5,23.0,2.0,0.0696959272810666,0.13520879635727642,7.414350257940411
2026,3,2026_03_KC_MIA,00-0040078,Brashard Smith,RB,KC,MIA,receiving_yards,7.997809924247937,7.997809924247937,2.1333333333333337,1.0,26.765,1,NOT_LISTED,True,,,,10.0,45.5,27.75,1.5,0.06313131313131314,0.19644870863920197,7.724095341715023
2026,3,2026_03_LV_NO,00-0040122,Ashton Jeanty,RB,LV,NO,receiving_yards,29.207434650732285,29.207434650732285,23.2,1.0,26.765,2,NOT_LISTED,True,,,,-3.5,43.5,20.0,4.666666666666667,0.17382020278572,-0.1147346961968356,5.442485583145638
2026,3,2026_03_CAR_CLE,00-0040124,Tetairoa McMillan,WR,CAR,CLE,receiving_yards,69.41431802624425,69.41431802624425,76.46666666666667,1.0,26.765,2,NOT_LISTED,True,,,,2.5,41.5,22.0,7.0,0.24347515888075663,-0.05907408342206537,6.053959523693425
2026,3,2026_03_PHI_CHI,00-0040126,Colston Loveland,TE,CHI,PHI,receiving_yards,34.342714107706016,34.342714107706016,37.53333333333333,1.0,26.765,2,NOT_LISTED,True,,,,-4.5,41.5,18.5,6.333333333333333,0.2065346956151554,-0.18142734002187402,5.187511362654284
2026,3,2026_03_HOU_IND,00-0040128,Tyler Warren,TE,IND,HOU,receiving_yards,37.13401054794407,37.13401054794407,22.133333333333333,1.0,26.765,2,NOT_LISTED,True,,,,-1.5,41.5,20.0,6.666666666666667,0.21689239878895053,-0.029050199888240563,7.032044628818822
2026,3,2026_03_MIN_TB,00-0040129,Emeka Egbuka,WR,TB,MIN,receiving_yards,40.67346740815108,40.67346740815108,31.466666666666665,1.0,26.765,2,NOT_LISTED,True,,,,-1.5,42.5,20.5,4.666666666666667,0.15374789562289562,-0.39206113325193925,4.875093858613679
2026,3,2026_03_NE_JAX,00-0040131,Kyle Williams,WR,NE,JAX,receiving_yards,11.519965845513276,11.519965845513276,7.066666666666666,1.0,26.765,2,NOT_LISTED,True,,,,-3.0,46.5,21.75,1.6666666666666667,0.061111111111111116,-0.21625265784259895,5.773288325539911
2026,3,2026_03_LA_DEN,00-0040134,Pat Bryant,WR,DEN,LA,receiving_yards,37.0903442914523,37.0903442914523,27.2,1.0,26.765,2,NOT_LISTED,True,,,,-1.5,44.5,21.5,5.166666666666667,0.15365185624242142,0.0894779537442274,6.699550988062944
2026,3,2026_03_HOU_IND,00-0040138,Jaylin Noel,WR,HOU,IND,receiving_yards,22.22859196143595,22.22859196143595,29.46666666666667,1.0,26.765,2,NOT_LISTED,True,,,,1.5,41.5,21.5,2.0,0.05726908226908226,0.2535808651871585,8.015731907346971
2026,3,2026_03_CAR_CLE,00-0040162,Dylan Sampson,RB,CLE,CAR,receiving_yards,8.381387237605304,8.381387237605304,11.4,1.0,26.765,1,NOT_LISTED,True,,,,-2.5,41.5,19.5,2.5,0.0996422214957684,0.003381293981345925,6.580790749555341
2026,3,2026_03_TEN_NYG,00-0040170,Elic Ayomanor,WR,TEN,NYG,receiving_yards,36.496092326531574,36.496092326531574,42.13333333333334,1.0,26.765,2,NOT_LISTED,True,,,,-2.5,37.5,17.5,4.666666666666667,0.16197148893227326,0.04696950411862127,7.179857950124495
2026,3,2026_03_CAR_CLE,00-0040187,Mitchell Evans,TE,CAR,CLE,receiving_yards,10.97041811649294,10.97041811649294,9.066666666666666,1.0,26.765,2,NOT_LISTED,True,,,,2.5,41.5,22.0,1.6666666666666667,0.05812541414415229,-0.05907408342206537,6.053959523693425
2026,3,2026_03_LAC_BUF,00-0040189,Oronde Gadsden II,TE,LAC,BUF,receiving_yards,21.8692246199074,21.8692246199074,26.133333333333333,1.0,26.765,2,NOT_LISTED,True,,,,-7.0,50.5,21.75,3.0,0.10419984917721192,-0.10135847527851205,5.510087261314727
2026,3,2026_03_PHI_CHI,00-0040236,Kyle Monangai,RB,CHI,PHI,receiving_yards,11.621320190546285,11.621320190546285,16.8,1.0,26.765,2,NOT_LISTED,True,,Full Participation in Practice,,-4.5,41.5,18.5,2.5,0.08210695222189475,-0.18142734002187402,5.187511362654284
2026,3,2026_03_MIN_TB,00-0040237,Tez Johnson,WR,TB,MIN,receiving_yards,18.72454395700762,18.72454395700762,18.8,1.0,26.765,2,NOT_LISTED,True,,,,-1.5,42.5,20.5,1.6666666666666667,0.053401374859708195,-0.39206113325193925,4.875093858613679
2026,3,2026_03_PHI_CHI,00-0040277,Jahdae Walker,WR,CHI,PHI,receiving_yards,12.890321647731596,12.890321647731596,19.266666666666666,1.0,26.765,1,NOT_LISTED,True,,,,-4.5,41.5,18.5,1.8333333333333333,0.057987032124963166,-0.18142734002187402,5.187511362654284
2026,3,2026_03_HOU_IND,00-0040583,Woody Marks,RB,HOU,IND,receiving_yards,14.146294097129587,14.146294097129587,8.0,1.0,26.765,2,NOT_LISTED,True,,,,1.5,41.5,21.5,2.6666666666666665,0.0801109351109351,0.2535808651871585,8.015731907346971
2026,3,2026_03_TEN_NYG,00-0040584,Gunnar Helm,TE,TEN,NYG,receiving_yards,18.750565125797284,18.750565125797284,15.600000000000001,1.0,26.765,2,NOT_LISTED,True,,,,-2.5,37.5,17.5,3.0,0.11543676729951241,0.04696950411862127,7.179857950124495
2026,3,2026_03_LA_DEN,00-0040590,Konata Mumpfield,WR,LA,DEN,receiving_yards,14.130031933304561,14.130031933304561,6.533333333333333,1.0,26.765,2,NOT_LISTED,True,,,,1.5,44.5,23.0,3.0,0.07710034595999508,-0.13220334149319996,5.367311981367003
2026,3,2026_03_CAR_CLE,00-0040663,Harold Fannin Jr.,TE,CLE,CAR,receiving_yards,43.31121801621383,43.31121801621383,41.06666666666666,1.0,26.765,2,NOT_LISTED,True,,,,-2.5,41.5,19.5,7.0,0.23110482796022033,0.003381293981345925,6.580790749555341
2026,3,2026_03_LAC_BUF,00-0040666,Omarion Hampton,RB,LAC,BUF,receiving_yards,11.728021619147988,11.728021619147988,15.533333333333331,1.0,26.765,2,NOT_LISTED,True,,,,-7.0,50.5,21.75,2.5,0.08863903744689157,-0.10135847527851205,5.510087261314727
2026,3,2026_03_ATL_GB,00-0040667,Matthew Golden,WR,GB,ATL,receiving_yards,59.6009342547915,59.6009342547915,68.8,1.0,26.765,3,NOT_LISTED,True,,,,4.5,43.5,24.0,6.166666666666667,0.20064288933964392,0.04409527183471819,6.5884093431633834
2026,3,2026_03_NYJ_DET,00-0040669,Isaac TeSlaa,WR,DET,NYJ,receiving_yards,23.281922948732166,23.281922948732166,18.46666666666667,1.0,26.765,2,NOT_LISTED,True,,,,7.0,49.5,28.25,3.1666666666666665,0.08064332655984198,0.337387465014253,7.220190990999079
2026,3,2026_03_TEN_NYG,00-0040705,Chimere Dike,WR,TEN,NYG,receiving_yards,12.932573417975693,12.932573417975693,16.533333333333335,1.0,26.765,2,NOT_LISTED,True,,,,-2.5,37.5,17.5,3.3333333333333335,0.11169232002565337,0.04696950411862127,7.179857950124495
2026,3,2026_03_TEN_NYG,00-0040715,Cam Skattebo,RB,NYG,TEN,receiving_yards,13.911741864229503,13.911741864229503,15.933333333333334,1.0,26.765,2,NOT_LISTED,True,,,,2.5,37.5,20.0,3.5,0.10902292152292152,0.2637448253876611,8.079561349422214
2026,3,2026_03_LAC_BUF,00-0040727,Tre Harris,WR,LAC,BUF,receiving_yards,35.509277041063726,35.509277041063726,34.333333333333336,1.0,26.765,2,NOT_LISTED,True,,,,-7.0,50.5,21.75,4.333333333333333,0.1497731266406988,-0.10135847527851205,5.510087261314727
2026,3,2026_03_LV_NO,00-0040729,Jack Bech,WR,LV,NO,receiving_yards,24.540405267903093,24.540405267903093,20.133333333333333,1.0,26.765,2,NOT_LISTED,True,,,,-3.5,43.5,20.0,3.3333333333333335,0.12574482988276095,-0.1147346961968356,5.442485583145638
2026,3,2026_03_LA_DEN,00-0040730,RJ Harvey,RB,DEN,LA,receiving_yards,21.32589688360185,21.32589688360185,22.666666666666668,1.0,26.765,1,NOT_LISTED,True,,Full Participation in Practice,,-1.5,44.5,21.5,4.333333333333333,0.13180594543819182,0.0894779537442274,6.699550988062944
2026,3,2026_03_PHI_CHI,00-0040735,Luther Burden III,WR,CHI,PHI,receiving_yards,52.54411347230384,52.54411347230384,53.93333333333334,1.0,26.765,2,NOT_LISTED,True,,,,-4.5,41.5,18.5,6.333333333333333,0.21131437740633144,-0.18142734002187402,5.187511362654284
2026,3,2026_03_NYJ_DET,00-0040736,Mason Taylor,TE,NYJ,DET,receiving_yards,28.194323262839056,28.194323262839056,22.333333333333332,1.0,26.765,1,OUT,False,Out,Did Not Participate In Practice,Thumb,-7.0,49.5,21.25,4.333333333333333,0.17171942692045541,0.08251010435421066,6.638245519369171
2026,3,2026_03_LA_DEN,00-0040737,Terrance Ferguson,TE,LA,DEN,receiving_yards,28.26989275940428,28.26989275940428,31.4,1.0,26.765,2,NOT_LISTED,True,,Full Participation in Practice,,1.5,44.5,23.0,3.5,0.10272852082416316,-0.13220334149319996,5.367311981367003
2026,3,2026_03_CAR_CLE,00-0040782,Isaiah Bond,WR,CLE,CAR,receiving_yards,16.250543608485586,16.250543608485586,17.733333333333334,1.0,26.765,1,NOT_LISTED,True,,,,-2.5,41.5,19.5,1.6666666666666667,0.058952254408813055,0.003381293981345925,6.580790749555341
2026,3,2026_03_CAR_CLE,00-0040784,Quinshon Judkins,RB,CLE,CAR,receiving_yards,19.176313704860632,19.176313704860632,24.266666666666666,1.0,26.765,2,NOT_LISTED,True,,Full Participation in Practice,,-2.5,41.5,19.5,3.8333333333333335,0.13636873148204068,0.003381293981345925,6.580790749555341
2026,3,2026_03_PHI_CHI,00-0040867,Makai Lemon,WR,PHI,CHI,receiving_yards,15.429890133583788,15.429890133583788,4.5,1.0,26.765,2,NOT_LISTED,True,,,,4.5,41.5,23.0,2.5,0.10561497326203209,0.13520879635727642,7.414350257940411
2026,3,2026_03_LV_NO,00-0040894,Malik Benson,WR,LV,NO,receiving_yards,13.232154359429494,13.232154359429494,3.0,1.0,26.765,2,NOT_LISTED,True,,,,-3.5,43.5,20.0,1.5,0.05172413793103448,-0.1147346961968356,5.442485583145638
2026,3,2026_03_ATL_GB,00-0040948,J. Michael Sturdivant,WR,GB,ATL,receiving_yards,14.231520205662726,14.231520205662726,11.0,1.0,26.765,2,NOT_LISTED,True,,,,4.5,43.5,24.0,1.5,0.029411764705882353,0.04409527183471819,6.5884093431633834
2026,3,2026_03_KC_MIA,00-0041013,Emmett Johnson,RB,KC,MIA,receiving_yards,17.00443710650653,17.00443710650653,32.0,1.0,26.765,2,NOT_LISTED,True,,,,10.0,45.5,27.75,2.0,0.06325581395348837,0.19644870863920197,7.724095341715023
2026,3,2026_03_ARI_SF,00-0041027,Jeremiyah Love,RB,ARI,SF,receiving_yards,18.006526024626055,18.006526024626055,12.5,1.0,26.765,2,NOT_LISTED,True,,,,-7.5,48.5,20.5,3.5,0.11174636174636175,0.016085585143643485,6.518459342801448
2026,3,2026_03_NYJ_DET,00-0041032,Kenyon Sadiq,TE,NYJ,DET,receiving_yards,21.12418690765457,21.12418690765457,19.0,1.0,26.765,2,NOT_LISTED,True,,,,-7.0,49.5,21.25,3.0,0.1068840579710145,0.08251010435421066,6.638245519369171
2026,3,2026_03_CAR_CLE,00-0041037,Denzel Boston,WR,CLE,CAR,receiving_yards,57.987005405772884,57.987005405772884,77.0,1.0,26.765,2,NOT_LISTED,True,,,,-2.5,41.5,19.5,5.5,0.20757575757575758,0.003381293981345925,6.580790749555341
2026,3,2026_03_SEA_WAS,00-0041040,Antonio Williams,WR,WAS,SEA,receiving_yards,34.9306020071745,34.9306020071745,44.0,1.0,26.765,2,NOT_LISTED,True,,,,-8.5,40.5,16.0,3.5,0.11308316430020285,-0.3213544122013914,4.620662652985098
2026,3,2026_03_TEN_NYG,00-0041042,Malachi Fields,WR,NYG,TEN,receiving_yards,36.481768954049535,36.481768954049535,27.5,1.0,26.765,2,NOT_LISTED,True,,,,2.5,37.5,20.0,5.0,0.1627155172413793,0.2637448253876611,8.079561349422214
2026,3,2026_03_MIN_TB,00-0041048,Ted Hurst III,WR,TB,MIN,receiving_yards,36.669405865809686,36.669405865809686,31.5,1.0,26.765,2,NOT_LISTED,True,,,,-1.5,42.5,20.5,5.0,0.1616161616161616,-0.39206113325193925,4.875093858613679
2026,3,2026_03_LV_NO,00-0041067,Bryce Lance,WR,NO,LV,receiving_yards,18.994234364208516,18.994234364208516,25.0,1.0,26.765,2,NOT_LISTED,True,,,,3.5,43.5,23.5,2.5,0.054086538461538464,0.09467377023976183,6.4518704601854076
2026,3,2026_03_TEN_NYG,00-0041438,Carnell Tate,WR,TEN,NYG,receiving_yards,46.05168168967123,46.05168168967123,32.5,1.0,26.765,2,NOT_LISTED,True,,,,-2.5,37.5,17.5,5.5,0.2542016806722689,0.04696950411862127,7.179857950124495
2026,3,2026_03_LA_DEN,00-0041496,Jonah Coleman,RB,DEN,LA,receiving_yards,9.29376785729225,9.29376785729225,9.5,1.0,26.765,2,OUT,False,Out,Did Not Participate In Practice,Ankle,-1.5,44.5,21.5,1.5,0.05172413793103448,0.0894779537442274,6.699550988062944
2026,3,2026_03_SEA_WAS,00-0041512,Jadarian Price,RB,SEA,WAS,receiving_yards,12.186709577014494,12.186709577014494,7.0,1.0,26.765,2,NOT_LISTED,True,,Full Participation in Practice,,8.5,40.5,24.5,2.0,0.08012820512820512,0.177249707292282,6.714870452273207
2026,3,2026_03_KC_MIA,00-0041523,Caleb Douglas,WR,MIA,KC,receiving_yards,42.844774504670596,42.844774504670596,56.5,1.0,26.765,2,OUT,False,Out,Did Not Participate In Practice,Ankle,-10.0,45.5,17.75,5.0,0.19484702093397743,-0.014461983071213255,5.911831584285608
2026,3,2026_03_KC_MIA,00-0041525,Chris Bell,WR,MIA,KC,receiving_yards,15.111570161892853,15.111570161892853,12.5,1.0,26.765,2,NOT_LISTED,True,,Full Participation in Practice,,-10.0,45.5,17.75,1.5,0.05877616747181964,-0.014461983071213255,5.911831584285608
2026,3,2026_03_CAR_CLE,00-0041547,KC Concepcion,WR,CLE,CAR,receiving_yards,43.124247649810066,43.124247649810066,35.5,1.0,26.765,2,NOT_LISTED,True,,,,-2.5,41.5,19.5,5.5,0.21363636363636362,0.003381293981345925,6.580790749555341
