season,week,player_id,player_name,position,team,opponent,is_home,matchup_index,projected_ppr
2026,4,00-0039139,Jahmyr Gibbs,RB,DET,CAR,0,123.87469126468068,23.495801549633477
2026,4,00-0038134,Kenneth Walker III,RB,KC,LV,0,91.45370230354352,22.84338895058792
2026,4,00-0038542,Bijan Robinson,RB,ATL,NO,0,115.80976863753214,22.420193114023782
2026,4,00-0037248,James Cook,RB,BUF,NE,1,100.40576641967841,16.62108570387517
2026,4,00-0032764,Derrick Henry,RB,BAL,TEN,1,100.00252028832098,16.599093078601825
2026,4,00-0040122,Ashton Jeanty,RB,LV,KC,1,96.05070820101822,16.403187788149875
2026,4,00-0037228,Jaylen Warren,RB,PIT,CLE,0,91.29240385100057,16.257142027270945
2026,4,00-0036223,Jonathan Taylor,RB,IND,WAS,0,79.67891526790665,15.793828833212395
2026,4,00-0033293,Aaron Jones,RB,MIN,MIA,1,120.81002066636425,15.37613331482508
2026,4,00-0036555,Chuba Hubbard,RB,CAR,DET,1,97.6636927264479,15.322637937753546
2026,4,00-0033280,Christian McCaffrey,RB,SF,DEN,1,119.3583345934775,15.036740279595932
2026,4,00-0038597,Chase Brown,RB,CIN,JAX,1,90.56656081455719,14.885168502384495
2026,4,00-0039361,Bucky Irving,RB,TB,GB,1,124.19728816976661,14.00919415427036
2026,4,00-0036997,Javonte Williams,RB,DAL,HOU,0,78.63047532637735,13.33539787761708
2026,4,00-0036275,D'Andre Swift,RB,CHI,NYJ,1,106.6964060688543,13.22245781154237
2026,4,00-0037840,Kyren Williams,RB,LA,PHI,0,90.56656081455719,13.024130140179215
2026,4,00-0038120,Breece Hall,RB,NYJ,CHI,0,97.58304350017642,12.771497602303329
2026,4,00-0040784,Quinshon Judkins,RB,CLE,PIT,1,101.85745249256514,12.426514862364227
2026,4,00-0040715,Cam Skattebo,RB,NYG,ARI,1,89.67941932557083,11.927773554905308
2026,4,00-0034844,Saquon Barkley,RB,PHI,LA,1,92.0988961137154,11.429048281650667
2026,4,00-0041027,Jeremiyah Love,RB,ARI,NYG,0,102.90589243409447,10.820577980332011
2026,4,00-0040242,Jacory Croskey-Merritt,RB,WAS,IND,1,117.98729774686225,10.74500600696413
2026,4,00-0040719,Bhayshul Tuten,RB,JAX,CIN,0,95.64746206966078,10.616169138460243
2026,4,00-0035261,Tony Pollard,RB,TEN,BAL,0,99.67992338323506,10.486332642054297
2026,4,00-0040666,Omarion Hampton,RB,LAC,SEA,0,89.27617319421343,10.460753673133375
2026,4,00-0040730,RJ Harvey,RB,DEN,SF,0,104.84147386461011,10.447728779197089
2026,4,00-0036875,Rhamondre Stevenson,RB,NE,BUF,0,116.53561167397551,9.918618398807531
2026,4,00-0036158,J.K. Dobbins,RB,DEN,SF,0,104.84147386461011,9.82470077035253
2026,4,00-0036973,Travis Etienne,RB,NO,ATL,1,80.96930288825041,9.46129860595137
2026,4,00-0039040,De'Von Achane,RB,MIA,MIN,0,80.72735520943597,9.42089934681727
2026,4,00-0037256,Rachaad White,RB,WAS,IND,1,117.98729774686225,8.702495986556013
2026,4,00-0035685,David Montgomery,RB,HOU,DAL,1,110.4869197036141,8.632528739454404
2026,4,00-0039299,George Holani,RB,SEA,LAC,1,99.51862493069207,7.683563089355886
2026,4,00-0040583,Woody Marks,RB,HOU,DAL,1,110.4869197036141,7.619466751280163
2026,4,00-0039738,Blake Corum,RB,LA,PHI,0,90.56656081455719,7.457012825163065
2026,4,00-0039811,MarShawn Lloyd,RB,GB,TB,0,93.14733605524474,7.1809448263481706
2026,4,00-0037746,Brian Robinson,RB,ATL,NO,0,115.80976863753214,6.927019459389896
2026,4,00-0040466,Raheim Sanders,RB,CLE,PIT,1,101.85745249256514,6.801343403995763
2026,4,00-0038797,Emanuel Wilson,RB,SEA,LAC,1,99.51862493069207,6.698722895421717
2026,4,00-0041512,Jadarian Price,RB,SEA,LAC,1,99.51862493069207,6.597311746163395
2026,4,00-0036919,Kenny Gainwell,RB,TB,GB,1,124.19728816976661,6.461196795651616
2026,4,00-0037263,Tyler Allgeier,RB,ARI,NYG,0,102.90589243409447,6.452043226300944
2026,4,00-0041052,Kaelon Black,RB,SF,DEN,1,119.3583345934775,6.224053514572354
2026,4,00-0039794,Braelon Allen,RB,NYJ,CHI,0,97.58304350017642,6.218814368395236
2026,4,00-0041013,Emmett Johnson,RB,KC,LV,0,91.45370230354352,6.166776065459507
2026,4,00-0040236,Kyle Monangai,RB,CHI,NYJ,1,106.6964060688543,6.0152008642013755
2026,4,00-0040734,TreVeyon Henderson,RB,NE,BUF,0,116.53561167397551,5.9724704352810996
2026,4,00-0036139,Rico Dowdle,RB,PIT,CLE,0,91.29240385100057,5.928591395789439
2026,4,00-0033906,Alvin Kamara,RB,NO,ATL,1,80.96930288825041,5.861378398488579
2026,4,00-0038611,Chris Rodriguez Jr.,RB,JAX,CIN,0,95.64746206966078,5.824026461925859
2026,4,00-0039032,Tyjae Spears,RB,TEN,BAL,0,99.67992338323506,5.798688193802793
2026,4,00-0040198,Ollie Gordon II,RB,MIA,MIN,0,80.72735520943597,5.227414996824175
2026,4,00-0036893,Najee Harris,RB,NYG,ARI,1,89.67941932557083,5.193045083156433
2026,4,00-0039364,Sione Vaki,RB,DET,CAR,0,123.87469126468068,5.167864837340836
2026,4,00-0034975,Justice Hill,RB,BAL,TEN,1,100.00252028832098,5.072877174997259
2026,4,00-0038454,Keaton Mitchell,RB,LAC,SEA,0,89.27617319421343,5.0685665892475225
2026,4,00-0037085,Tyler Badie,RB,DEN,SF,0,104.84147386461011,5.052831456420067
2026,4,00-0033526,Samaje Perine,RB,CIN,JAX,1,90.56656081455719,4.8342913080523084
2026,4,00-0038685,Chris Brooks,RB,GB,TB,0,93.14733605524474,4.734530349981895
2026,4,00-0039746,Will Shipley,RB,PHI,LA,1,92.0988961137154,4.355362735700508
2026,4,00-0035250,Devin Singletary,RB,NYG,ARI,1,89.67941932557083,4.323194459824946
2026,4,00-0040878,Mike Washington Jr.,RB,LV,KC,1,96.05070820101822,4.088880149012694
2026,4,00-0039344,Jonathon Brooks,RB,CAR,DET,1,97.6636927264479,4.077211865561873
2026,4,00-0036265,AJ Dillon,RB,CAR,DET,1,97.6636927264479,4.070104588542177
2026,4,00-0041496,Jonah Coleman,RB,DEN,SF,0,104.84147386461011,4.030812319781143
2026,4,00-0041096,Kaytron Allen,RB,WAS,IND,1,117.98729774686225,3.8810946620265936
2026,4,00-0040142,Kaleb Johnson,RB,GB,TB,0,93.14733605524474,3.848958022667286
2026,4,00-0041104,Demond Claiborne,RB,MIN,MIA,1,120.81002066636425,3.8461964828581445
2026,4,00-0038555,Tank Bigsby,RB,PHI,LA,1,92.0988961137154,3.6723105434193686
2026,4,00-0040556,Corey Kiner,RB,NE,BUF,0,116.53561167397551,3.605554082673459
2026,4,00-0032104,Ameer Abdullah,RB,JAX,CIN,0,95.64746206966078,3.585566962545634
2026,4,00-0038551,Kendre Miller,RB,NO,ATL,1,80.96930288825041,2.8943276016422406
2026,4,00-0041125,Seth McGowan,RB,IND,WAS,0,79.67891526790665,2.6401745952914575
2026,4,00-0038705,Emari Demercado,RB,DAL,HOU,0,78.63047532637735,2.2613804614066684
2026,4,00-0041326,CJ Donaldson,RB,NO,ATL,1,80.96930288825041,2.1338738780506175
2026,4,00-0039391,Kimani Vidal,RB,LAC,SEA,0,89.27617319421343,2.071106721507513
2026,5,00-0039139,Jahmyr Gibbs,RB,DET,ARI,0,89.67941932557083,23.8026163847194
2026,5,00-0038542,Bijan Robinson,RB,ATL,BAL,1,99.67992338323506,21.382824798878346
2026,5,00-0036223,Jonathan Taylor,RB,IND,PIT,0,101.85745249256514,16.855680642813418
2026,5,00-0037228,Jaylen Warren,RB,PIT,IND,1,117.98729774686225,16.49471387582683
2026,5,00-0040122,Ashton Jeanty,RB,LV,NE,0,100.40576641967841,16.405080365861597
2026,5,00-0038597,Chase Brown,RB,CIN,MIA,0,120.81002066636425,16.307552447397885
2026,5,00-0037248,James Cook,RB,BUF,LA,0,92.0988961137154,15.583696857969862
2026,5,00-0032764,Derrick Henry,RB,BAL,ATL,0,80.96930288825041,14.627036872217747
2026,5,00-0039361,Bucky Irving,RB,TB,DAL,0,110.4869197036141,14.41206029151121
2026,5,00-0033280,Christian McCaffrey,RB,SF,SEA,0,89.27617319421343,13.934909904463233
2026,5,00-0036997,Javonte Williams,RB,DAL,TB,1,93.14733605524474,13.9344631871976
2026,5,00-0033293,Aaron Jones,RB,MIN,NO,0,115.80976863753214,13.911572891370398
2026,5,00-0038120,Breece Hall,RB,NYJ,CLE,1,91.29240385100057,13.709777620202876
2026,5,00-0037840,Kyren Williams,RB,LA,BUF,1,116.53561167397551,13.384212915784468
2026,5,00-0036275,D'Andre Swift,RB,CHI,GB,0,124.19728816976661,13.369217027018859
2026,5,00-0040784,Quinshon Judkins,RB,CLE,NYJ,0,106.6964060688543,13.088280744392671
2026,5,00-0040666,Omarion Hampton,RB,LAC,DEN,1,119.3583345934775,11.8432626545812
2026,5,00-0040719,Bhayshul Tuten,RB,JAX,PHI,1,90.56656081455719,10.956334825741534
2026,5,00-0034844,Saquon Barkley,RB,PHI,JAX,0,90.56656081455719,10.88671398059519
2026,5,00-0040715,Cam Skattebo,RB,NYG,WAS,0,79.67891526790665,10.866916941962526
2026,5,00-0041027,Jeremiyah Love,RB,ARI,DET,1,97.6636927264479,10.747556647573605
2026,5,00-0035261,Tony Pollard,RB,TEN,HOU,1,78.63047532637735,10.40613822884464
2026,5,00-0036875,Rhamondre Stevenson,RB,NE,LV,1,91.45370230354352,10.131134653403787
2026,5,00-0040242,Jacory Croskey-Merritt,RB,WAS,NYG,1,102.90589243409447,9.93865135465138
2026,5,00-0036973,Travis Etienne,RB,NO,MIN,1,80.72735520943597,9.716697115799448
2026,5,00-0039040,De'Von Achane,RB,MIA,CIN,1,95.64746206966078,9.680167817514363
2026,5,00-0040730,RJ Harvey,RB,DEN,LAC,0,99.51862493069207,9.646405840475847
2026,5,00-0036158,J.K. Dobbins,RB,DEN,LAC,0,99.51862493069207,9.274586649397687
2026,5,00-0035685,David Montgomery,RB,HOU,TEN,0,100.00252028832098,8.221366661183609
2026,5,00-0037256,Rachaad White,RB,WAS,NYG,1,102.90589243409447,8.076783194247321
2026,5,00-0039738,Blake Corum,RB,LA,BUF,1,116.53561167397551,8.04810396090626
2026,5,00-0039299,George Holani,RB,SEA,SF,1,104.84147386461011,8.024829919619634
2026,5,00-0039811,MarShawn Lloyd,RB,GB,CHI,1,97.58304350017642,7.506871759146932
2026,5,00-0038797,Emanuel Wilson,RB,SEA,SF,1,104.84147386461011,6.937611192999543
2026,5,00-0040466,Raheim Sanders,RB,CLE,NYJ,0,106.6964060688543,6.83025736018727
2026,5,00-0040583,Woody Marks,RB,HOU,TEN,0,100.00252028832098,6.776783825131824
2026,5,00-0041512,Jadarian Price,RB,SEA,SF,1,104.84147386461011,6.697119036488646
2026,5,00-0036919,Kenny Gainwell,RB,TB,DAL,0,110.4869197036141,6.4277177854129395
2026,5,00-0036139,Rico Dowdle,RB,PIT,IND,1,117.98729774686225,6.394339885098743
2026,5,00-0038454,Keaton Mitchell,RB,LAC,DEN,1,119.3583345934775,6.264653234689314
2026,5,00-0040236,Kyle Monangai,RB,CHI,GB,0,124.19728816976661,6.176175444178915
2026,5,00-0037263,Tyler Allgeier,RB,ARI,DET,1,97.6636927264479,6.174490955931951
2026,5,00-0039794,Braelon Allen,RB,NYJ,CLE,1,91.29240385100057,6.0873683760225
2026,5,00-0037746,Brian Robinson,RB,ATL,BAL,1,99.67992338323506,6.082393510669741
2026,5,00-0033906,Alvin Kamara,RB,NO,MIN,1,80.72735520943597,6.059074776120118
2026,5,00-0038611,Chris Rodriguez Jr.,RB,JAX,PHI,1,90.56656081455719,5.988593518814209
2026,5,00-0040198,Ollie Gordon II,RB,MIA,CIN,1,95.64746206966078,5.892646542367078
2026,5,00-0033526,Samaje Perine,RB,CIN,MIA,0,120.81002066636425,5.530890613783299
2026,5,00-0040734,TreVeyon Henderson,RB,NE,LV,1,91.45370230354352,5.514870951754852
2026,5,00-0039032,Tyjae Spears,RB,TEN,HOU,1,78.63047532637735,5.171098064249712
2026,5,00-0038685,Chris Brooks,RB,GB,CHI,1,97.58304350017642,5.121772124892747
2026,5,00-0041052,Kaelon Black,RB,SF,SEA,0,89.27617319421343,5.084547707312732
2026,5,00-0037085,Tyler Badie,RB,DEN,LAC,0,99.51862493069207,4.909092591160249
2026,5,00-0040142,Kaleb Johnson,RB,GB,CHI,1,97.58304350017642,4.407302486147558
2026,5,00-0039364,Sione Vaki,RB,DET,ARI,0,89.67941932557083,4.290141607335937
2026,5,00-0036893,Najee Harris,RB,NYG,WAS,0,79.67891526790665,4.086501404724366
2026,5,00-0032104,Ameer Abdullah,RB,JAX,PHI,1,90.56656081455719,4.013291065356423
2026,5,00-0039746,Will Shipley,RB,PHI,JAX,0,90.56656081455719,4.000881897252482
2026,5,00-0040878,Mike Washington Jr.,RB,LV,NE,0,100.40576641967841,3.9926143708141684
2026,5,00-0034975,Justice Hill,RB,BAL,ATL,0,80.96930288825041,3.7835440987653097
2026,5,00-0041104,Demond Claiborne,RB,MIN,NO,0,115.80976863753214,3.7221256915541954
2026,5,00-0041496,Jonah Coleman,RB,DEN,LAC,0,99.51862493069207,3.6859022799994676
2026,5,00-0038555,Tank Bigsby,RB,PHI,JAX,0,90.56656081455719,3.515085174727316
2026,5,00-0041125,Seth McGowan,RB,IND,PIT,0,101.85745249256514,3.4035511471288555
2026,5,00-0035250,Devin Singletary,RB,NYG,WAS,0,79.67891526790665,3.3380955827852095
2026,5,00-0041096,Kaytron Allen,RB,WAS,NYG,1,102.90589243409447,3.3025230138586927
2026,5,00-0040556,Corey Kiner,RB,NE,LV,1,91.45370230354352,3.1606865573915113
2026,5,00-0039391,Kimani Vidal,RB,LAC,DEN,1,119.3583345934775,2.8643937408346867
2026,5,00-0038551,Kendre Miller,RB,NO,MIN,1,80.72735520943597,2.7882224406417064
2026,5,00-0041326,CJ Donaldson,RB,NO,MIN,1,80.72735520943597,2.034803662475009
2026,5,00-0038705,Emari Demercado,RB,DAL,TB,1,93.14733605524474,2.0070318860400516
2026,6,00-0038134,Kenneth Walker III,RB,KC,LAC,1,99.51862493069207,22.0173960377683
2026,6,00-0038542,Bijan Robinson,RB,ATL,CHI,1,97.58304350017642,21.03132205381446
2026,6,00-0036223,Jonathan Taylor,RB,IND,TEN,1,100.00252028832098,16.85401500960687
2026,6,00-0040122,Ashton Jeanty,RB,LV,BUF,1,116.53561167397551,15.738112437056499
2026,6,00-0037248,James Cook,RB,BUF,LV,0,91.45370230354352,15.73701868809448
2026,6,00-0037228,Jaylen Warren,RB,PIT,TB,0,93.14733605524474,15.181921574164218
2026,6,00-0032764,Derrick Henry,RB,BAL,CLE,0,91.29240385100057,15.084071003190246
2026,6,00-0036555,Chuba Hubbard,RB,CAR,PHI,0,90.56656081455719,13.71212324857567
2026,6,00-0033280,Christian McCaffrey,RB,SF,WAS,1,79.67891526790665,13.291083886083523
2026,6,00-0039361,Bucky Irving,RB,TB,PIT,1,101.85745249256514,13.192090464804672
2026,6,00-0036997,Javonte Williams,RB,DAL,GB,0,124.19728816976661,12.507489161869852
2026,6,00-0038120,Breece Hall,RB,NYJ,NE,0,100.40576641967841,12.449331420451255
2026,6,00-0037840,Kyren Williams,RB,LA,ARI,1,89.67941932557083,12.165501380161388
2026,6,00-0040715,Cam Skattebo,RB,NYG,NO,1,115.80976863753214,12.025398069992299
2026,6,00-0036275,D'Andre Swift,RB,CHI,ATL,0,80.96930288825041,11.910175651569546
2026,6,00-0040784,Quinshon Judkins,RB,CLE,BAL,1,99.67992338323506,11.711647909740398
2026,6,00-0034844,Saquon Barkley,RB,PHI,CAR,1,123.87469126468068,11.709115679433356
2026,6,00-0040666,Omarion Hampton,RB,LAC,KC,0,96.05070820101822,10.303022298514914
2026,6,00-0035261,Tony Pollard,RB,TEN,IND,0,117.98729774686225,10.258779962531706
2026,6,00-0041027,Jeremiyah Love,RB,ARI,LA,0,92.0988961137154,10.085442743755934
2026,6,00-0040730,RJ Harvey,RB,DEN,SEA,1,89.27617319421343,9.544190464567516
2026,6,00-0040242,Jacory Croskey-Merritt,RB,WAS,SF,0,104.84147386461011,9.496912421533256
2026,6,00-0036973,Travis Etienne,RB,NO,NYG,0,102.90589243409447,9.424040633638022
2026,6,00-0040719,Bhayshul Tuten,RB,JAX,HOU,1,78.63047532637735,9.31172282984304
2026,6,00-0036875,Rhamondre Stevenson,RB,NE,NYJ,1,106.6964060688543,9.147360578921855
2026,6,00-0036158,J.K. Dobbins,RB,DEN,SEA,1,89.27617319421343,8.562082724248786
2026,6,00-0039299,George Holani,RB,SEA,DEN,0,119.3583345934775,8.404510101977802
2026,6,00-0039811,MarShawn Lloyd,RB,GB,DAL,1,110.4869197036141,8.014545619984094
2026,6,00-0037256,Rachaad White,RB,WAS,SF,0,104.84147386461011,7.959514980939293
2026,6,00-0039738,Blake Corum,RB,LA,ARI,1,89.67941932557083,7.265556321532593
2026,6,00-0035685,David Montgomery,RB,HOU,JAX,0,90.56656081455719,6.7995996703061286
2026,6,00-0038797,Emanuel Wilson,RB,SEA,DEN,0,119.3583345934775,6.796949300427922
2026,6,00-0041013,Emmett Johnson,RB,KC,LAC,1,99.51862493069207,6.783224910451377
2026,6,00-0041512,Jadarian Price,RB,SEA,DEN,0,119.3583345934775,6.5785002805982895
2026,6,00-0039032,Tyjae Spears,RB,TEN,IND,0,117.98729774686225,6.544127499834854
2026,6,00-0033906,Alvin Kamara,RB,NO,NYG,0,102.90589243409447,6.47383345791199
2026,6,00-0040583,Woody Marks,RB,HOU,JAX,0,90.56656081455719,6.187212934601966
2026,6,00-0036919,Kenny Gainwell,RB,TB,PIT,1,101.85745249256514,6.1645020235880095
2026,6,00-0037746,Brian Robinson,RB,ATL,CHI,1,97.58304350017642,6.039409466961887
2026,6,00-0040466,Raheim Sanders,RB,CLE,BAL,1,99.67992338323506,6.015469788969398
2026,6,00-0039794,Braelon Allen,RB,NYJ,NE,0,100.40576641967841,5.937305128450889
2026,6,00-0038685,Chris Brooks,RB,GB,DAL,1,110.4869197036141,5.675428600351546
2026,6,00-0040734,TreVeyon Henderson,RB,NE,NYJ,1,106.6964060688543,5.649674060938678
2026,6,00-0038611,Chris Rodriguez Jr.,RB,JAX,HOU,1,78.63047532637735,5.600414267633477
2026,6,00-0037263,Tyler Allgeier,RB,ARI,LA,0,92.0988961137154,5.522961338192312
2026,6,00-0036893,Najee Harris,RB,NYG,NO,1,115.80976863753214,5.414504580589648
2026,6,00-0036139,Rico Dowdle,RB,PIT,TB,0,93.14733605524474,5.353519085992438
2026,6,00-0040236,Kyle Monangai,RB,CHI,ATL,0,80.96930288825041,5.311372410594965
2026,6,00-0040142,Kaleb Johnson,RB,GB,DAL,1,110.4869197036141,5.1193713153260285
2026,6,00-0039746,Will Shipley,RB,PHI,CAR,1,123.87469126468068,5.043427836126455
2026,6,00-0038454,Keaton Mitchell,RB,LAC,KC,0,96.05070820101822,4.797616142880212
2026,6,00-0035250,Devin Singletary,RB,NYG,NO,1,115.80976863753214,4.711670647774197
2026,6,00-0041052,Kaelon Black,RB,SF,WAS,1,79.67891526790665,4.628942889585478
2026,6,00-0038555,Tank Bigsby,RB,PHI,CAR,1,123.87469126468068,4.4732145662001095
2026,6,00-0039344,Jonathon Brooks,RB,CAR,PHI,0,90.56656081455719,4.468090131910975
2026,6,00-0034975,Justice Hill,RB,BAL,CLE,0,91.29240385100057,4.357032711639814
2026,6,00-0040878,Mike Washington Jr.,RB,LV,BUF,1,116.53561167397551,4.267929349395204
2026,6,00-0036265,AJ Dillon,RB,CAR,PHI,0,90.56656081455719,4.00305354429201
2026,6,00-0037085,Tyler Badie,RB,DEN,SEA,1,89.27617319421343,3.885797845781946
2026,6,00-0041096,Kaytron Allen,RB,WAS,SF,0,104.84147386461011,3.7532753709639914
2026,6,00-0041496,Jonah Coleman,RB,DEN,SEA,1,89.27617319421343,3.619317906660412
2026,6,00-0038551,Kendre Miller,RB,NO,NYG,0,102.90589243409447,3.482431691748017
2026,6,00-0041125,Seth McGowan,RB,IND,TEN,1,100.00252028832098,3.4807192091606494
2026,6,00-0040556,Corey Kiner,RB,NE,NYJ,1,106.6964060688543,3.427259205446387
2026,6,00-0032104,Ameer Abdullah,RB,JAX,HOU,1,78.63047532637735,3.1383551658537505
2026,6,00-0038705,Emari Demercado,RB,DAL,GB,0,124.19728816976661,2.685172594449181
2026,6,00-0039391,Kimani Vidal,RB,LAC,KC,0,96.05070820101822,2.2518787973219068
2026,6,00-0041326,CJ Donaldson,RB,NO,NYG,0,102.90589243409447,2.1947004887004145
2026,7,00-0038542,Bijan Robinson,RB,ATL,SF,1,104.84147386461011,21.357707828794588
2026,7,00-0039139,Jahmyr Gibbs,RB,DET,GB,1,124.19728816976661,20.750466002289173
2026,7,00-0038134,Kenneth Walker III,RB,KC,SEA,0,89.27617319421343,20.248200001132012
2026,7,00-0037228,Jaylen Warren,RB,PIT,NO,0,115.80976863753214,14.95643074874495
2026,7,00-0039361,Bucky Irving,RB,TB,CAR,0,123.87469126468068,14.595393099098175
2026,7,00-0032764,Derrick Henry,RB,BAL,CIN,1,95.64746206966078,14.47616511138445
2026,7,00-0036223,Jonathan Taylor,RB,IND,MIN,0,80.72735520943597,14.359804479855164
2026,7,00-0033293,Aaron Jones,RB,MIN,IND,1,117.98729774686225,14.02419799745786
2026,7,00-0040122,Ashton Jeanty,RB,LV,LA,1,92.0988961137154,13.964662687754057
2026,7,00-0036555,Chuba Hubbard,RB,CAR,TB,1,93.14733605524474,13.537761674143335
2026,7,00-0038597,Chase Brown,RB,CIN,BAL,0,99.67992338323506,13.281302599230866
2026,7,00-0033280,Christian McCaffrey,RB,SF,ATL,0,80.96930288825041,12.999416326143187
2026,7,00-0038120,Breece Hall,RB,NYJ,MIA,1,120.81002066636425,12.9293135391125
2026,7,00-0036275,D'Andre Swift,RB,CHI,NE,1,100.40576641967841,12.738230704389217
2026,7,00-0037840,Kyren Williams,RB,LA,LV,0,91.45370230354352,12.207036255351852
2026,7,00-0036997,Javonte Williams,RB,DAL,PHI,0,90.56656081455719,11.985174568255454
2026,7,00-0040784,Quinshon Judkins,RB,CLE,TEN,0,100.00252028832098,11.904571558245657
2026,7,00-0034844,Saquon Barkley,RB,PHI,DAL,1,110.4869197036141,11.461975720749848
2026,7,00-0040715,Cam Skattebo,RB,NYG,HOU,0,78.63047532637735,11.083605944821574
2026,7,00-0041027,Jeremiyah Love,RB,ARI,DEN,1,119.3583345934775,10.35825753183807
2026,7,00-0035261,Tony Pollard,RB,TEN,CLE,1,91.29240385100057,9.85122855416342
2026,7,00-0036973,Travis Etienne,RB,NO,PIT,1,101.85745249256514,9.761170441164818
2026,7,00-0039040,De'Von Achane,RB,MIA,NYJ,0,106.6964060688543,9.571009871227442
2026,7,00-0040730,RJ Harvey,RB,DEN,ARI,0,89.67941932557083,9.305542927521865
2026,7,00-0036875,Rhamondre Stevenson,RB,NE,CHI,0,97.58304350017642,8.986673250790524
2026,7,00-0036158,J.K. Dobbins,RB,DEN,ARI,0,89.67941932557083,8.326175743973657
2026,7,00-0035685,David Montgomery,RB,HOU,NYG,1,102.90589243409447,7.539149801922144
2026,7,00-0039738,Blake Corum,RB,LA,LV,0,91.45370230354352,7.195668311604992
2026,7,00-0039811,MarShawn Lloyd,RB,GB,DET,0,97.6636927264479,7.173871842872934
2026,7,00-0036919,Kenny Gainwell,RB,TB,CAR,0,123.87469126468068,7.041480097324832
2026,7,00-0039299,George Holani,RB,SEA,KC,1,96.05070820101822,6.904635101126368
2026,7,00-0037263,Tyler Allgeier,RB,ARI,DEN,1,119.3583345934775,6.884894679570037
2026,7,00-0039794,Braelon Allen,RB,NYJ,MIA,1,120.81002066636425,6.7764829755345195
2026,7,00-0033906,Alvin Kamara,RB,NO,PIT,1,101.85745249256514,6.714861239808313
2026,7,00-0040583,Woody Marks,RB,HOU,NYG,1,102.90589243409447,6.660925392083298
2026,7,00-0040466,Raheim Sanders,RB,CLE,TEN,0,100.00252028832098,6.451207080730652
2026,7,00-0037746,Brian Robinson,RB,ATL,SF,1,104.84147386461011,6.28969396973295
2026,7,00-0038797,Emanuel Wilson,RB,SEA,KC,1,96.05070820101822,6.026118796896049
2026,7,00-0036139,Rico Dowdle,RB,PIT,NO,0,115.80976863753214,6.021209997008267
2026,7,00-0041512,Jadarian Price,RB,SEA,KC,1,96.05070820101822,5.990511776263595
2026,7,00-0040236,Kyle Monangai,RB,CHI,NE,1,100.40576641967841,5.970880244898738
2026,7,00-0041013,Emmett Johnson,RB,KC,SEA,0,89.27617319421343,5.9049705493391835
2026,7,00-0040198,Ollie Gordon II,RB,MIA,NYJ,0,106.6964060688543,5.678095593237488
2026,7,00-0039032,Tyjae Spears,RB,TEN,CLE,1,91.29240385100057,5.658023035274738
2026,7,00-0040734,TreVeyon Henderson,RB,NE,CHI,0,97.58304350017642,5.297486874037157
2026,7,00-0038685,Chris Brooks,RB,GB,DET,0,97.6636927264479,5.046827766231867
2026,7,00-0034975,Justice Hill,RB,BAL,CIN,1,95.64746206966078,4.764138962763118
2026,7,00-0041052,Kaelon Black,RB,SF,ATL,0,80.96930288825041,4.669202209252522
2026,7,00-0033526,Samaje Perine,RB,CIN,BAL,0,99.67992338323506,4.63315628675662
2026,7,00-0039364,Sione Vaki,RB,DET,GB,1,124.19728816976661,4.56861257366201
2026,7,00-0036893,Najee Harris,RB,NYG,HOU,0,78.63047532637735,4.423249134437147
2026,7,00-0039746,Will Shipley,RB,PHI,DAL,1,110.4869197036141,4.329067104963864
2026,7,00-0040142,Kaleb Johnson,RB,GB,DET,0,97.6636927264479,4.212486723513113
2026,7,00-0041104,Demond Claiborne,RB,MIN,IND,1,117.98729774686225,4.210870478587553
2026,7,00-0038555,Tank Bigsby,RB,PHI,DAL,1,110.4869197036141,4.094485313684854
2026,7,00-0037085,Tyler Badie,RB,DEN,ARI,0,89.67941932557083,4.034256628856184
2026,7,00-0040878,Mike Washington Jr.,RB,LV,LA,1,92.0988961137154,3.7458143672409188
2026,7,00-0036265,AJ Dillon,RB,CAR,TB,1,93.14733605524474,3.6439801249583406
2026,7,00-0039344,Jonathon Brooks,RB,CAR,TB,1,93.14733605524474,3.6089371588391845
2026,7,00-0038551,Kendre Miller,RB,NO,PIT,1,101.85745249256514,3.579501347838278
2026,7,00-0035250,Devin Singletary,RB,NYG,HOU,0,78.63047532637735,3.37370887721604
2026,7,00-0041496,Jonah Coleman,RB,DEN,ARI,0,89.67941932557083,3.163559154592581
2026,7,00-0040556,Corey Kiner,RB,NE,CHI,0,97.58304350017642,3.1032217373370807
2026,7,00-0041125,Seth McGowan,RB,IND,MIN,0,80.72735520943597,2.7809668396678564
2026,7,00-0038705,Emari Demercado,RB,DAL,PHI,0,90.56656081455719,2.490344135840717
2026,7,00-0041326,CJ Donaldson,RB,NO,PIT,1,101.85745249256514,2.2671628187016184
2026,8,00-0038134,Kenneth Walker III,RB,KC,DEN,0,119.3583345934775,22.615012728202927
2026,8,00-0039139,Jahmyr Gibbs,RB,DET,MIN,1,80.72735520943597,20.86996402296603
2026,8,00-0038542,Bijan Robinson,RB,ATL,TB,0,93.14733605524474,20.63662037702928
2026,8,00-0032764,Derrick Henry,RB,BAL,BUF,0,116.53561167397551,15.85093741745651
2026,8,00-0037228,Jaylen Warren,RB,PIT,CLE,1,91.29240385100057,15.416624649481303
2026,8,00-0037248,James Cook,RB,BUF,BAL,1,99.67992338323506,15.142271815309018
2026,8,00-0036223,Jonathan Taylor,RB,IND,JAX,0,90.56656081455719,15.001733994976323
2026,8,00-0040122,Ashton Jeanty,RB,LV,NYJ,0,106.6964060688543,14.16561702350395
2026,8,00-0036555,Chuba Hubbard,RB,CAR,GB,0,124.19728816976661,13.726481161692016
2026,8,00-0038597,Chase Brown,RB,CIN,TEN,1,100.00252028832098,13.570030864714301
2026,8,00-0033293,Aaron Jones,RB,MIN,DET,0,97.6636927264479,13.447185684725147
2026,8,00-0039361,Bucky Irving,RB,TB,ATL,1,80.96930288825041,12.673560483502575
2026,8,00-0038120,Breece Hall,RB,NYJ,LV,1,91.45370230354352,12.637557234551299
2026,8,00-0037840,Kyren Williams,RB,LA,LAC,1,99.51862493069207,12.364645510088922
2026,8,00-0036275,D'Andre Swift,RB,CHI,SEA,0,89.27617319421343,12.26071381424919
2026,8,00-0036997,Javonte Williams,RB,DAL,ARI,1,89.67941932557083,11.581983044475383
2026,8,00-0040784,Quinshon Judkins,RB,CLE,PIT,0,101.85745249256514,11.51931282877449
2026,8,00-0040719,Bhayshul Tuten,RB,JAX,IND,1,117.98729774686225,10.00321703081375
2026,8,00-0034844,Saquon Barkley,RB,PHI,WAS,0,79.67891526790665,9.716280200435863
2026,8,00-0041027,Jeremiyah Love,RB,ARI,DAL,0,110.4869197036141,9.715084919375462
2026,8,00-0036875,Rhamondre Stevenson,RB,NE,MIA,0,120.81002066636425,9.597585633234564
2026,8,00-0040666,Omarion Hampton,RB,LAC,LA,0,92.0988961137154,9.546117853583752
2026,8,00-0035261,Tony Pollard,RB,TEN,CIN,0,95.64746206966078,9.361196364607839
2026,8,00-0039040,De'Von Achane,RB,MIA,NE,1,100.40576641967841,9.29350838367261
2026,8,00-0040730,RJ Harvey,RB,DEN,KC,1,96.05070820101822,8.968885533171612
2026,8,00-0040242,Jacory Croskey-Merritt,RB,WAS,PHI,1,90.56656081455719,8.941200857803667
2026,8,00-0036158,J.K. Dobbins,RB,DEN,KC,1,96.05070820101822,8.205357237883383
2026,8,00-0039811,MarShawn Lloyd,RB,GB,CAR,1,123.87469126468068,7.872430408573734
2026,8,00-0039738,Blake Corum,RB,LA,LAC,1,99.51862493069207,7.612966767492036
2026,8,00-0037256,Rachaad White,RB,WAS,PHI,1,90.56656081455719,7.448489833414346
2026,8,00-0039299,George Holani,RB,SEA,CHI,1,97.58304350017642,7.118147673471676
2026,8,00-0041013,Emmett Johnson,RB,KC,DEN,0,119.3583345934775,7.003866737639362
2026,8,00-0037263,Tyler Allgeier,RB,ARI,DAL,0,110.4869197036141,6.539924988823348
2026,8,00-0040466,Raheim Sanders,RB,CLE,PIT,0,101.85745249256514,6.263357656147626
2026,8,00-0038611,Chris Rodriguez Jr.,RB,JAX,IND,1,117.98729774686225,6.209244003956382
2026,8,00-0041512,Jadarian Price,RB,SEA,CHI,1,97.58304350017642,6.0768795624764955
2026,8,00-0038685,Chris Brooks,RB,GB,CAR,1,123.87469126468068,6.059692142711656
2026,8,00-0039032,Tyjae Spears,RB,TEN,CIN,0,95.64746206966078,5.928492115452974
2026,8,00-0039794,Braelon Allen,RB,NYJ,LV,1,91.45370230354352,5.885192103670157
2026,8,00-0038797,Emanuel Wilson,RB,SEA,CHI,1,97.58304350017642,5.862476982151547
2026,8,00-0036139,Rico Dowdle,RB,PIT,CLE,1,91.29240385100057,5.808848746525808
2026,8,00-0040236,Kyle Monangai,RB,CHI,SEA,0,89.27617319421343,5.7312957502018556
2026,8,00-0037746,Brian Robinson,RB,ATL,TB,0,93.14733605524474,5.723330286822983
2026,8,00-0040734,TreVeyon Henderson,RB,NE,MIA,0,120.81002066636425,5.634060081765856
2026,8,00-0040198,Ollie Gordon II,RB,MIA,NE,1,100.40576641967841,5.558297113877151
2026,8,00-0040142,Kaleb Johnson,RB,GB,CAR,1,123.87469126468068,5.4207017901626395
2026,8,00-0033526,Samaje Perine,RB,CIN,TEN,1,100.00252028832098,5.076991859726431
2026,8,00-0034975,Justice Hill,RB,BAL,BUF,0,116.53561167397551,5.055570147400944
2026,8,00-0036919,Kenny Gainwell,RB,TB,ATL,1,80.96930288825041,4.850166219748587
2026,8,00-0038454,Keaton Mitchell,RB,LAC,LA,0,92.0988961137154,4.580947248417502
2026,8,00-0039344,Jonathon Brooks,RB,CAR,GB,0,124.19728816976661,4.210645268508772
2026,8,00-0032104,Ameer Abdullah,RB,JAX,IND,1,117.98729774686225,3.9959633176553755
2026,8,00-0040878,Mike Washington Jr.,RB,LV,NYJ,0,106.6964060688543,3.9738964076050793
2026,8,00-0037085,Tyler Badie,RB,DEN,KC,1,96.05070820101822,3.899372953269463
2026,8,00-0039364,Sione Vaki,RB,DET,MIN,1,80.72735520943597,3.886074982966761
2026,8,00-0039746,Will Shipley,RB,PHI,WAS,0,79.67891526790665,3.7243187235010007
2026,8,00-0041104,Demond Claiborne,RB,MIN,DET,0,97.6636927264479,3.716167439754317
2026,8,00-0036265,AJ Dillon,RB,CAR,GB,0,124.19728816976661,3.7036257877066854
2026,8,00-0040556,Corey Kiner,RB,NE,MIA,0,120.81002066636425,3.627579398325069
2026,8,00-0041496,Jonah Coleman,RB,DEN,KC,1,96.05070820101822,3.3727999041742294
2026,8,00-0041096,Kaytron Allen,RB,WAS,PHI,1,90.56656081455719,3.2019851769991288
2026,8,00-0038555,Tank Bigsby,RB,PHI,WAS,0,79.67891526790665,2.9018465150317008
2026,8,00-0041125,Seth McGowan,RB,IND,JAX,0,90.56656081455719,2.7873779032727364
2026,8,00-0038705,Emari Demercado,RB,DAL,ARI,1,89.67941932557083,2.304683242478517
2026,8,00-0039391,Kimani Vidal,RB,LAC,LA,0,92.0988961137154,1.8817682282364876
2026,9,00-0039139,Jahmyr Gibbs,RB,DET,MIA,0,120.81002066636425,21.101284900790866
2026,9,00-0038542,Bijan Robinson,RB,ATL,CIN,1,95.64746206966078,20.444042849388218
2026,9,00-0038134,Kenneth Walker III,RB,KC,NYJ,1,106.6964060688543,20.196956316122005
2026,9,00-0036223,Jonathan Taylor,RB,IND,DAL,1,110.4869197036141,16.460225836334942
2026,9,00-0040122,Ashton Jeanty,RB,LV,SF,0,104.84147386461011,14.051361585796915
2026,9,00-0032764,Derrick Henry,RB,BAL,JAX,1,90.56656081455719,13.814055416086305
2026,9,00-0036555,Chuba Hubbard,RB,CAR,DEN,1,119.3583345934775,13.78324126393369
2026,9,00-0037248,James Cook,RB,BUF,MIN,0,80.72735520943597,13.767030493011866
2026,9,00-0033293,Aaron Jones,RB,MIN,BUF,1,116.53561167397551,13.725563613040483
2026,9,00-0039361,Bucky Irving,RB,TB,CHI,0,97.58304350017642,13.194943200388067
2026,9,00-0033280,Christian McCaffrey,RB,SF,LV,1,91.45370230354352,12.994973340504675
2026,9,00-0036997,Javonte Williams,RB,DAL,IND,0,117.98729774686225,12.66682003544534
2026,9,00-0038597,Chase Brown,RB,CIN,ATL,0,80.96930288825041,12.48445358020751
2026,9,00-0036275,D'Andre Swift,RB,CHI,TB,1,93.14733605524474,12.4818834883429
2026,9,00-0040784,Quinshon Judkins,RB,CLE,NO,0,115.80976863753214,12.443966097615622
2026,9,00-0038120,Breece Hall,RB,NYJ,KC,0,96.05070820101822,12.129492872894524
2026,9,00-0037840,Kyren Williams,RB,LA,WAS,0,79.67891526790665,11.601211426677192
2026,9,00-0040715,Cam Skattebo,RB,NYG,PHI,0,90.56656081455719,11.494243009787045
2026,9,00-0034844,Saquon Barkley,RB,PHI,NYG,1,102.90589243409447,10.557635569950426
2026,9,00-0040730,RJ Harvey,RB,DEN,CAR,0,123.87469126468068,10.209913403274328
2026,9,00-0039040,De'Von Achane,RB,MIA,DET,1,97.6636927264479,9.586799565931615
2026,9,00-0041027,Jeremiyah Love,RB,ARI,SEA,0,89.27617319421343,9.584364147273433
2026,9,00-0040719,Bhayshul Tuten,RB,JAX,BAL,0,99.67992338323506,9.553069257926033
2026,9,00-0036875,Rhamondre Stevenson,RB,NE,GB,1,124.19728816976661,9.484724252854084
2026,9,00-0040666,Omarion Hampton,RB,LAC,HOU,1,78.63047532637735,9.386372342844105
2026,9,00-0036158,J.K. Dobbins,RB,DEN,CAR,0,123.87469126468068,9.362267501128592
2026,9,00-0040242,Jacory Croskey-Merritt,RB,WAS,LA,1,92.0988961137154,9.217615973340434
2026,9,00-0036973,Travis Etienne,RB,NO,CLE,1,91.29240385100057,9.129767160407898
2026,9,00-0037256,Rachaad White,RB,WAS,LA,1,92.0988961137154,7.454011996839017
2026,9,00-0035685,David Montgomery,RB,HOU,LAC,0,99.51862493069207,7.119929814290111
2026,9,00-0039811,MarShawn Lloyd,RB,GB,NE,0,100.40576641967841,7.045814750122192
2026,9,00-0039299,George Holani,RB,SEA,ARI,1,89.67941932557083,6.726226668769618
2026,9,00-0040466,Raheim Sanders,RB,CLE,NO,0,115.80976863753214,6.682226886849905
2026,9,00-0040583,Woody Marks,RB,HOU,LAC,0,99.51862493069207,6.3800247048281635
2026,9,00-0041013,Emmett Johnson,RB,KC,NYJ,1,106.6964060688543,6.290504736980688
2026,9,00-0033906,Alvin Kamara,RB,NO,CLE,1,91.29240385100057,6.275630048600956
2026,9,00-0039738,Blake Corum,RB,LA,WAS,0,79.67891526790665,6.071425974072152
2026,9,00-0040734,TreVeyon Henderson,RB,NE,GB,1,124.19728816976661,5.917803766901333
2026,9,00-0038797,Emanuel Wilson,RB,SEA,ARI,1,89.67941932557083,5.885481710903331
2026,9,00-0037746,Brian Robinson,RB,ATL,CIN,1,95.64746206966078,5.857711752330278
2026,9,00-0040236,Kyle Monangai,RB,CHI,TB,1,93.14733605524474,5.856841136060645
2026,9,00-0041512,Jadarian Price,RB,SEA,ARI,1,89.67941932557083,5.704802473246906
2026,9,00-0037263,Tyler Allgeier,RB,ARI,SEA,0,89.27617319421343,5.629261483776395
2026,9,00-0039794,Braelon Allen,RB,NYJ,KC,0,96.05070820101822,5.607372599737324
2026,9,00-0036919,Kenny Gainwell,RB,TB,CHI,0,97.58304350017642,5.578852964282431
2026,9,00-0041052,Kaelon Black,RB,SF,LV,1,91.45370230354352,5.559611151341253
2026,9,00-0038611,Chris Rodriguez Jr.,RB,JAX,BAL,0,99.67992338323506,5.548372032341973
2026,9,00-0040198,Ollie Gordon II,RB,MIA,DET,1,97.6636927264479,5.444369797348512
2026,9,00-0037085,Tyler Badie,RB,DEN,CAR,0,123.87469126468068,5.2218738988287186
2026,9,00-0036893,Najee Harris,RB,NYG,PHI,0,90.56656081455719,4.824183320876735
2026,9,00-0039344,Jonathon Brooks,RB,CAR,DEN,1,119.3583345934775,4.743103501602799
2026,9,00-0038685,Chris Brooks,RB,GB,NE,0,100.40576641967841,4.732036755666938
2026,9,00-0039364,Sione Vaki,RB,DET,MIA,0,120.81002066636425,4.615115089323696
2026,9,00-0034975,Justice Hill,RB,BAL,JAX,1,90.56656081455719,4.4933068990975205
2026,9,00-0039746,Will Shipley,RB,PHI,NYG,1,102.90589243409447,4.374976630435064
2026,9,00-0038454,Keaton Mitchell,RB,LAC,HOU,1,78.63047532637735,4.32345284748191
2026,9,00-0033526,Samaje Perine,RB,CIN,ATL,0,80.96930288825041,4.218901090180629
2026,9,00-0036265,AJ Dillon,RB,CAR,DEN,1,119.3583345934775,4.1688430308597715
2026,9,00-0041496,Jonah Coleman,RB,DEN,CAR,0,123.87469126468068,4.131496365400614
2026,9,00-0040142,Kaleb Johnson,RB,GB,NE,0,100.40576641967841,4.042824022300563
2026,9,00-0038555,Tank Bigsby,RB,PHI,NYG,1,102.90589243409447,3.9854741801181497
2026,9,00-0041104,Demond Claiborne,RB,MIN,BUF,1,116.53561167397551,3.9838308807724596
2026,9,00-0040878,Mike Washington Jr.,RB,LV,SF,0,104.84147386461011,3.966117093205906
2026,9,00-0035250,Devin Singletary,RB,NYG,PHI,0,90.56656081455719,3.6548343869024977
2026,9,00-0032104,Ameer Abdullah,RB,JAX,BAL,0,99.67992338323506,3.621808674310305
2026,9,00-0041125,Seth McGowan,RB,IND,DAL,1,110.4869197036141,3.4362692057681095
2026,9,00-0040556,Corey Kiner,RB,NE,GB,1,124.19728816976661,3.3454827648946734
2026,9,00-0038551,Kendre Miller,RB,NO,CLE,1,91.29240385100057,3.201198705833642
2026,9,00-0041096,Kaytron Allen,RB,WAS,LA,1,92.0988961137154,3.0000292277024485
2026,9,00-0038705,Emari Demercado,RB,DAL,IND,0,117.98729774686225,2.414238671012245
2026,9,00-0041326,CJ Donaldson,RB,NO,CLE,1,91.29240385100057,2.3268374208147415
2026,9,00-0039391,Kimani Vidal,RB,LAC,HOU,1,78.63047532637735,1.8001721489955314
2026,10,00-0039139,Jahmyr Gibbs,RB,DET,NE,1,100.40576641967841,20.851516647042935
2026,10,00-0038542,Bijan Robinson,RB,ATL,KC,1,96.05070820101822,20.007247605263068
2026,10,00-0038134,Kenneth Walker III,RB,KC,ATL,0,80.96930288825041,19.460209948417457
2026,10,00-0036223,Jonathan Taylor,RB,IND,MIA,1,120.81002066636425,15.686490476329753
2026,10,00-0037248,James Cook,RB,BUF,NYJ,0,106.6964060688543,15.4854341481548
2026,10,00-0037228,Jaylen Warren,RB,PIT,CIN,0,95.64746206966078,14.847087419655058
2026,10,00-0032764,Derrick Henry,RB,BAL,LAC,1,99.51862493069207,14.623170776075373
2026,10,00-0040122,Ashton Jeanty,RB,LV,SEA,1,89.27617319421343,14.051412610669278
2026,10,00-0038597,Chase Brown,RB,CIN,PIT,1,101.85745249256514,13.50724127172377
2026,10,00-0036555,Chuba Hubbard,RB,CAR,NO,0,115.80976863753214,13.248713957830525
2026,10,00-0033280,Christian McCaffrey,RB,SF,DAL,0,110.4869197036141,13.154076471309077
2026,10,00-0033293,Aaron Jones,RB,MIN,GB,0,124.19728816976661,12.870629398866448
2026,10,00-0038120,Breece Hall,RB,NYJ,BUF,1,116.53561167397551,12.601361776276796
2026,10,00-0036997,Javonte Williams,RB,DAL,SF,1,104.84147386461011,12.385776970329843
2026,10,00-0037840,Kyren Williams,RB,LA,ARI,0,89.67941932557083,11.598119651899964
2026,10,00-0040715,Cam Skattebo,RB,NYG,WAS,1,79.67891526790665,11.169666521712827
2026,10,00-0040784,Quinshon Judkins,RB,CLE,HOU,1,78.63047532637735,10.904291791144246
2026,10,00-0040666,Omarion Hampton,RB,LAC,BAL,0,99.67992338323506,10.382244059377499
2026,10,00-0036973,Travis Etienne,RB,NO,CAR,1,123.87469126468068,10.346965445227664
2026,10,00-0041027,Jeremiyah Love,RB,ARI,LA,1,92.0988961137154,9.899481524761352
2026,10,00-0040719,Bhayshul Tuten,RB,JAX,TEN,0,100.00252028832098,9.707939177615057
2026,10,00-0039040,De'Von Achane,RB,MIA,IND,0,117.98729774686225,9.261225568289918
2026,10,00-0036875,Rhamondre Stevenson,RB,NE,DET,0,97.6636927264479,9.21225974700144
2026,10,00-0035261,Tony Pollard,RB,TEN,JAX,1,90.56656081455719,9.148721286383925
2026,10,00-0040242,Jacory Croskey-Merritt,RB,WAS,NYG,0,102.90589243409447,8.75675958391063
2026,10,00-0033906,Alvin Kamara,RB,NO,CAR,1,123.87469126468068,7.461003368553644
2026,10,00-0037256,Rachaad White,RB,WAS,NYG,0,102.90589243409447,7.394498724977295
2026,10,00-0039811,MarShawn Lloyd,RB,GB,MIN,1,80.72735520943597,7.387703908847282
2026,10,00-0039738,Blake Corum,RB,LA,ARI,0,89.67941932557083,7.11121265855412
2026,10,00-0035685,David Montgomery,RB,HOU,CLE,0,91.29240385100057,6.932649387251104
2026,10,00-0039299,George Holani,RB,SEA,LV,0,91.45370230354352,6.768685216477229
2026,10,00-0040583,Woody Marks,RB,HOU,CLE,0,91.29240385100057,6.362920871676257
2026,10,00-0039794,Braelon Allen,RB,NYJ,BUF,1,116.53561167397551,6.348546223378547
2026,10,00-0041052,Kaelon Black,RB,SF,DAL,0,110.4869197036141,6.051855812734782
2026,10,00-0039032,Tyjae Spears,RB,TEN,JAX,1,90.56656081455719,5.783184781482571
2026,10,00-0037746,Brian Robinson,RB,ATL,KC,1,96.05070820101822,5.768841818806646
2026,10,00-0041512,Jadarian Price,RB,SEA,LV,0,91.45370230354352,5.755507112011228
2026,10,00-0038797,Emanuel Wilson,RB,SEA,LV,0,91.45370230354352,5.6772099972320795
2026,10,00-0040466,Raheim Sanders,RB,CLE,HOU,1,78.63047532637735,5.6763082862639855
2026,10,00-0041013,Emmett Johnson,RB,KC,ATL,0,80.96930288825041,5.672712056254274
2026,10,00-0038611,Chris Rodriguez Jr.,RB,JAX,TEN,0,100.00252028832098,5.543228923461811
2026,10,00-0037263,Tyler Allgeier,RB,ARI,LA,1,92.0988961137154,5.4877962514203285
2026,10,00-0040198,Ollie Gordon II,RB,MIA,IND,0,117.98729774686225,5.455683813563748
2026,10,00-0040734,TreVeyon Henderson,RB,NE,DET,0,97.6636927264479,5.237613981410131
2026,10,00-0036139,Rico Dowdle,RB,PIT,CIN,0,95.64746206966078,5.171604818945079
2026,10,00-0033526,Samaje Perine,RB,CIN,PIT,1,101.85745249256514,5.0704442980530064
2026,10,00-0034975,Justice Hill,RB,BAL,LAC,1,99.51862493069207,4.849859317429872
2026,10,00-0038454,Keaton Mitchell,RB,LAC,BAL,0,99.67992338323506,4.508186506146046
2026,10,00-0039364,Sione Vaki,RB,DET,NE,1,100.40576641967841,4.161007544293362
2026,10,00-0036893,Najee Harris,RB,NYG,WAS,1,79.67891526790665,4.1124184005786
2026,10,00-0039344,Jonathon Brooks,RB,CAR,NO,0,115.80976863753214,4.104043747430521
2026,10,00-0038685,Chris Brooks,RB,GB,MIN,1,80.72735520943597,3.9184212929785884
2026,10,00-0038551,Kendre Miller,RB,NO,CAR,1,123.87469126468068,3.8469083303516083
2026,10,00-0036265,AJ Dillon,RB,CAR,NO,0,115.80976863753214,3.666864820530855
2026,10,00-0040878,Mike Washington Jr.,RB,LV,SEA,1,89.27617319421343,3.649865298936751
2026,10,00-0041104,Demond Claiborne,RB,MIN,GB,0,124.19728816976661,3.6433750777142566
2026,10,00-0032104,Ameer Abdullah,RB,JAX,TEN,0,100.00252028832098,3.6418191832392015
2026,10,00-0040142,Kaleb Johnson,RB,GB,MIN,1,80.72735520943597,3.3337443082218963
2026,10,00-0041125,Seth McGowan,RB,IND,MIA,1,120.81002066636425,3.192554240101423
2026,10,00-0035250,Devin Singletary,RB,NYG,WAS,1,79.67891526790665,3.096031270423853
2026,10,00-0041096,Kaytron Allen,RB,WAS,NYG,0,102.90589243409447,3.02592424271584
2026,10,00-0041326,CJ Donaldson,RB,NO,CAR,1,123.87469126468068,2.769383771422527
2026,10,00-0040556,Corey Kiner,RB,NE,DET,0,97.6636927264479,2.7355381566147905
2026,10,00-0038705,Emari Demercado,RB,DAL,SF,1,104.84147386461011,2.4506650843364053
2026,10,00-0039391,Kimani Vidal,RB,LAC,BAL,0,99.67992338323506,1.776100904727683
2026,11,00-0039139,Jahmyr Gibbs,RB,DET,TB,1,93.14733605524474,20.589781016364654
2026,11,00-0038134,Kenneth Walker III,RB,KC,ARI,1,89.67941932557083,19.6215215114349
2026,11,00-0037248,James Cook,RB,BUF,MIA,1,120.81002066636425,15.931544796336869
2026,11,00-0037228,Jaylen Warren,RB,PIT,PHI,0,90.56656081455719,14.916282907804476
2026,11,00-0032764,Derrick Henry,RB,BAL,CAR,0,123.87469126468068,14.77835345821876
2026,11,00-0036223,Jonathan Taylor,RB,IND,HOU,0,78.63047532637735,13.954332703457485
2026,11,00-0036555,Chuba Hubbard,RB,CAR,BAL,1,99.67992338323506,13.628323305640123
2026,11,00-0040122,Ashton Jeanty,RB,LV,DEN,0,119.3583345934775,13.453061597815395
2026,11,00-0033280,Christian McCaffrey,RB,SF,MIN,1,80.72735520943597,13.053961126958892
2026,11,00-0039361,Bucky Irving,RB,TB,DET,0,97.6636927264479,12.886415747065215
2026,11,00-0033293,Aaron Jones,RB,MIN,SF,0,104.84147386461011,12.62588944015991
2026,11,00-0038597,Chase Brown,RB,CIN,WAS,0,79.67891526790665,12.453891537368369
2026,11,00-0038120,Breece Hall,RB,NYJ,LAC,0,99.51862493069207,12.407218888866154
2026,11,00-0036275,D'Andre Swift,RB,CHI,NO,1,115.80976863753214,11.999349056904391
2026,11,00-0036997,Javonte Williams,RB,DAL,TEN,1,100.00252028832098,11.596665410006128
2026,11,00-0040715,Cam Skattebo,RB,NYG,JAX,1,90.56656081455719,10.86379888851912
2026,11,00-0040666,Omarion Hampton,RB,LAC,NYJ,1,106.6964060688543,10.398060508255277
2026,11,00-0034844,Saquon Barkley,RB,PHI,PIT,1,101.85745249256514,10.224230211899627
2026,11,00-0035261,Tony Pollard,RB,TEN,DAL,0,110.4869197036141,9.701667362298119
2026,11,00-0040730,RJ Harvey,RB,DEN,LV,1,91.45370230354352,9.32647118074408
2026,11,00-0039040,De'Von Achane,RB,MIA,BUF,0,116.53561167397551,9.304945127600252
2026,11,00-0040719,Bhayshul Tuten,RB,JAX,NYG,0,102.90589243409447,9.30381988681346
2026,11,00-0041027,Jeremiyah Love,RB,ARI,KC,0,96.05070820101822,8.900804386233492
2026,11,00-0036973,Travis Etienne,RB,NO,CHI,0,97.58304350017642,8.867231136858955
2026,11,00-0040242,Jacory Croskey-Merritt,RB,WAS,CIN,1,95.64746206966078,8.474439406757
2026,11,00-0036158,J.K. Dobbins,RB,DEN,LV,1,91.45370230354352,8.152068130837744
2026,11,00-0035685,David Montgomery,RB,HOU,IND,1,117.98729774686225,7.537822665192781
2026,11,00-0037256,Rachaad White,RB,WAS,CIN,1,95.64746206966078,7.161598881604785
2026,11,00-0040583,Woody Marks,RB,HOU,IND,1,117.98729774686225,6.939252134624993
2026,11,00-0041013,Emmett Johnson,RB,KC,ARI,1,89.67941932557083,6.568665598889744
2026,11,00-0040236,Kyle Monangai,RB,CHI,NO,1,115.80976863753214,6.245238209076261
2026,11,00-0033906,Alvin Kamara,RB,NO,CHI,0,97.58304350017642,6.1172191813294905
2026,11,00-0039032,Tyjae Spears,RB,TEN,DAL,0,110.4869197036141,5.995518332327649
2026,11,00-0039794,Braelon Allen,RB,NYJ,LAC,0,99.51862493069207,5.827722490781445
2026,11,00-0040198,Ollie Gordon II,RB,MIA,BUF,0,116.53561167397551,5.709098646506863
2026,11,00-0038611,Chris Rodriguez Jr.,RB,JAX,NYG,0,102.90589243409447,5.519441264503096
2026,11,00-0037263,Tyler Allgeier,RB,ARI,KC,0,96.05070820101822,5.51143524460576
2026,11,00-0036919,Kenny Gainwell,RB,TB,DET,0,97.6636927264479,5.306414339189107
2026,11,00-0036139,Rico Dowdle,RB,PIT,PHI,0,90.56656081455719,5.163848264296895
2026,11,00-0034975,Justice Hill,RB,BAL,CAR,0,123.87469126468068,4.853530562992798
2026,11,00-0038454,Keaton Mitchell,RB,LAC,NYJ,1,106.6964060688543,4.7604762582918845
2026,11,00-0041052,Kaelon Black,RB,SF,MIN,1,80.72735520943597,4.601787393917005
2026,11,00-0033526,Samaje Perine,RB,CIN,WAS,0,79.67891526790665,4.369346222887639
2026,11,00-0036893,Najee Harris,RB,NYG,JAX,1,90.56656081455719,4.274652943064686
2026,11,00-0039746,Will Shipley,RB,PHI,PIT,1,101.85745249256514,4.260107494824322
2026,11,00-0039344,Jonathon Brooks,RB,CAR,BAL,1,99.67992338323506,4.170000451526496
2026,11,00-0040878,Mike Washington Jr.,RB,LV,DEN,0,119.3583345934775,4.152849063999751
2026,11,00-0037085,Tyler Badie,RB,DEN,LV,1,91.45370230354352,3.941817463120829
2026,11,00-0038555,Tank Bigsby,RB,PHI,PIT,1,101.85745249256514,3.8107281078133934
2026,11,00-0036265,AJ Dillon,RB,CAR,BAL,1,99.67992338323506,3.711353465310691
2026,11,00-0041104,Demond Claiborne,RB,MIN,SF,0,104.84147386461011,3.6858019026793145
2026,11,00-0032104,Ameer Abdullah,RB,JAX,NYG,0,102.90589243409447,3.633918552231618
2026,11,00-0039364,Sione Vaki,RB,DET,TB,1,93.14733605524474,3.590913696249163
2026,11,00-0041496,Jonah Coleman,RB,DEN,LV,1,91.45370230354352,3.412069001322797
2026,11,00-0035250,Devin Singletary,RB,NYG,JAX,1,90.56656081455719,3.2617645979153824
2026,11,00-0038551,Kendre Miller,RB,NO,CHI,0,97.58304350017642,3.034294869461995
2026,11,00-0041125,Seth McGowan,RB,IND,HOU,0,78.63047532637735,2.7815243069564737
2026,11,00-0041096,Kaytron Allen,RB,WAS,CIN,1,95.64746206966078,2.7411537950711105
2026,11,00-0038705,Emari Demercado,RB,DAL,TEN,1,100.00252028832098,2.334512083268205
2026,11,00-0039391,Kimani Vidal,RB,LAC,NYJ,1,106.6964060688543,2.0824741738384955
2026,11,00-0041326,CJ Donaldson,RB,NO,CHI,0,97.58304350017642,1.6542291662909516
2026,12,00-0039139,Jahmyr Gibbs,RB,DET,CHI,1,97.58304350017642,20.286073856754456
2026,12,00-0038134,Kenneth Walker III,RB,KC,BUF,0,116.53561167397551,19.801720816582712
2026,12,00-0038542,Bijan Robinson,RB,ATL,MIN,0,80.72735520943597,18.661836442230253
2026,12,00-0037228,Jaylen Warren,RB,PIT,DEN,1,119.3583345934775,16.072355956053848
2026,12,00-0036223,Jonathan Taylor,RB,IND,NYG,1,102.90589243409447,14.720001811269459
2026,12,00-0037248,James Cook,RB,BUF,KC,1,96.05070820101822,14.344701197476269
2026,12,00-0038597,Chase Brown,RB,CIN,NO,1,115.80976863753214,14.21481305692783
2026,12,00-0039361,Bucky Irving,RB,TB,CAR,1,123.87469126468068,13.86821194133611
2026,12,00-0032764,Derrick Henry,RB,BAL,HOU,0,78.63047532637735,13.779701556275931
2026,12,00-0040122,Ashton Jeanty,RB,LV,CLE,0,91.29240385100057,13.50361144200965
2026,12,00-0036555,Chuba Hubbard,RB,CAR,TB,0,93.14733605524474,13.001287139705742
2026,12,00-0033280,Christian McCaffrey,RB,SF,SEA,1,89.27617319421343,12.714038244574299
2026,12,00-0036275,D'Andre Swift,RB,CHI,DET,0,97.6636927264479,12.499445264307738
2026,12,00-0038120,Breece Hall,RB,NYJ,MIA,0,120.81002066636425,12.421258308439118
2026,12,00-0033293,Aaron Jones,RB,MIN,ATL,1,80.96930288825041,11.755460232669027
2026,12,00-0040784,Quinshon Judkins,RB,CLE,LV,1,91.45370230354352,11.52388804062587
2026,12,00-0040715,Cam Skattebo,RB,NYG,IND,0,117.98729774686225,11.442822919820149
2026,12,00-0036997,Javonte Williams,RB,DAL,PHI,1,90.56656081455719,11.410401025620448
2026,12,00-0034844,Saquon Barkley,RB,PHI,DAL,0,110.4869197036141,11.06881574218583
2026,12,00-0037840,Kyren Williams,RB,LA,GB,1,124.19728816976661,10.972461744874462
2026,12,00-0040666,Omarion Hampton,RB,LAC,NE,1,100.40576641967841,10.354129515349008
2026,12,00-0040719,Bhayshul Tuten,RB,JAX,TEN,1,100.00252028832098,9.830140442646588
2026,12,00-0041027,Jeremiyah Love,RB,ARI,WAS,1,79.67891526790665,9.520307588113884
2026,12,00-0040730,RJ Harvey,RB,DEN,PIT,0,101.85745249256514,9.298326368569708
2026,12,00-0036875,Rhamondre Stevenson,RB,NE,LAC,0,99.51862493069207,9.23676482051753
2026,12,00-0039040,De'Von Achane,RB,MIA,NYJ,1,106.6964060688543,9.197288652313466
2026,12,00-0035261,Tony Pollard,RB,TEN,JAX,0,90.56656081455719,8.967798239575771
2026,12,00-0040242,Jacory Croskey-Merritt,RB,WAS,ARI,0,89.67941932557083,8.862994574268015
2026,12,00-0036973,Travis Etienne,RB,NO,CIN,0,95.64746206966078,8.768369805159926
2026,12,00-0036158,J.K. Dobbins,RB,DEN,PIT,0,101.85745249256514,8.096184837323094
2026,12,00-0039738,Blake Corum,RB,LA,GB,1,124.19728816976661,7.572799232811443
2026,12,00-0035685,David Montgomery,RB,HOU,BAL,1,99.67992338323506,7.240189642079677
2026,12,00-0039811,MarShawn Lloyd,RB,GB,LA,0,92.0988961137154,7.192099654764714
2026,12,00-0039299,George Holani,RB,SEA,SF,0,104.84147386461011,7.094263191163185
2026,12,00-0037256,Rachaad White,RB,WAS,ARI,0,89.67941932557083,7.0404153318353035
2026,12,00-0036919,Kenny Gainwell,RB,TB,CAR,1,123.87469126468068,6.738616916165778
2026,12,00-0039794,Braelon Allen,RB,NYJ,MIA,0,120.81002066636425,6.278216648042838
2026,12,00-0040466,Raheim Sanders,RB,CLE,LV,1,91.45370230354352,6.2294901609218964
2026,12,00-0040236,Kyle Monangai,RB,CHI,DET,0,97.6636927264479,6.102715809585167
2026,12,00-0041013,Emmett Johnson,RB,KC,BUF,0,116.53561167397551,6.0840963595523965
2026,12,00-0041512,Jadarian Price,RB,SEA,SF,0,104.84147386461011,6.035325023767999
2026,12,00-0040583,Woody Marks,RB,HOU,BAL,1,99.67992338323506,6.018110400528224
2026,12,00-0033906,Alvin Kamara,RB,NO,CIN,0,95.64746206966078,5.946623958617934
2026,12,00-0038797,Emanuel Wilson,RB,SEA,SF,0,104.84147386461011,5.8814546965617005
2026,12,00-0036139,Rico Dowdle,RB,PIT,DEN,1,119.3583345934775,5.817944623234952
2026,12,00-0039032,Tyjae Spears,RB,TEN,JAX,0,90.56656081455719,5.5567015592513105
2026,12,00-0038611,Chris Rodriguez Jr.,RB,JAX,TEN,1,100.00252028832098,5.525149357130148
2026,12,00-0040198,Ollie Gordon II,RB,MIA,NYJ,1,106.6964060688543,5.416569085062045
2026,12,00-0037746,Brian Robinson,RB,ATL,MIN,0,80.72735520943597,5.242125463966457
2026,12,00-0040734,TreVeyon Henderson,RB,NE,LAC,0,99.51862493069207,5.20571590465788
2026,12,00-0033526,Samaje Perine,RB,CIN,NO,1,115.80976863753214,5.140214901899224
2026,12,00-0036893,Najee Harris,RB,NYG,IND,0,117.98729774686225,5.066214614606483
2026,12,00-0037263,Tyler Allgeier,RB,ARI,WAS,1,79.67891526790665,5.0585295447491445
2026,12,00-0041052,Kaelon Black,RB,SF,SEA,1,89.27617319421343,4.851203345505281
2026,12,00-0038454,Keaton Mitchell,RB,LAC,NE,1,100.40576641967841,4.754907043357738
2026,12,00-0035250,Devin Singletary,RB,NYG,IND,0,117.98729774686225,4.210784371700516
2026,12,00-0039746,Will Shipley,RB,PHI,DAL,0,110.4869197036141,4.016650255196176
2026,12,00-0034975,Justice Hill,RB,BAL,HOU,0,78.63047532637735,4.015279197771184
2026,12,00-0038685,Chris Brooks,RB,GB,LA,0,92.0988961137154,4.014449875151253
2026,12,00-0037085,Tyler Badie,RB,DEN,PIT,0,101.85745249256514,3.964668031190243
2026,12,00-0039364,Sione Vaki,RB,DET,CHI,1,97.58304350017642,3.951888219098384
2026,12,00-0032104,Ameer Abdullah,RB,JAX,TEN,1,100.00252028832098,3.7683324070359934
2026,12,00-0040878,Mike Washington Jr.,RB,LV,CLE,0,91.29240385100057,3.719076156051159
2026,12,00-0038555,Tank Bigsby,RB,PHI,DAL,0,110.4869197036141,3.713426370181054
2026,12,00-0041496,Jonah Coleman,RB,DEN,PIT,0,101.85745249256514,3.574722716408764
2026,12,00-0040142,Kaleb Johnson,RB,GB,LA,0,92.0988961137154,3.5100198326409506
2026,12,00-0036265,AJ Dillon,RB,CAR,TB,0,93.14733605524474,3.2404185160753567
2026,12,00-0039344,Jonathon Brooks,RB,CAR,TB,0,93.14733605524474,3.2186214048017234
2026,12,00-0041125,Seth McGowan,RB,IND,NYG,1,102.90589243409447,3.1325751327453255
2026,12,00-0038551,Kendre Miller,RB,NO,CIN,0,95.64746206966078,2.935433537762969
2026,12,00-0040556,Corey Kiner,RB,NE,LAC,0,99.51862493069207,2.886044588646211
2026,12,00-0041104,Demond Claiborne,RB,MIN,ATL,1,80.96930288825041,2.840871286413139
2026,12,00-0041096,Kaytron Allen,RB,WAS,ARI,0,89.67941932557083,2.690661733249797
2026,12,00-0038705,Emari Demercado,RB,DAL,PHI,1,90.56656081455719,2.306488231824825
2026,12,00-0039391,Kimani Vidal,RB,LAC,NE,1,100.40576641967841,2.0797546776544396
2026,12,00-0041326,CJ Donaldson,RB,NO,CIN,0,95.64746206966078,1.5840691215102347
2026,13,00-0038542,Bijan Robinson,RB,ATL,DET,1,97.6636927264479,21.002184943627572
2026,13,00-0039139,Jahmyr Gibbs,RB,DET,ATL,0,80.96930288825041,19.620715856112867
2026,13,00-0038134,Kenneth Walker III,RB,KC,LA,0,92.0988961137154,18.82323521070459
2026,13,00-0037248,James Cook,RB,BUF,NE,0,100.40576641967841,14.671385960286134
2026,13,00-0033293,Aaron Jones,RB,MIN,CAR,1,123.87469126468068,13.675672979060174
2026,13,00-0037228,Jaylen Warren,RB,PIT,HOU,1,78.63047532637735,13.647525547723754
2026,13,00-0038597,Chase Brown,RB,CIN,CLE,0,91.29240385100057,13.157154471370799
2026,13,00-0039361,Bucky Irving,RB,TB,LAC,1,99.51862493069207,13.09727682854449
2026,13,00-0033280,Christian McCaffrey,RB,SF,NYG,0,102.90589243409447,12.831749986509305
2026,13,00-0036555,Chuba Hubbard,RB,CAR,MIN,0,80.72735520943597,12.764414913049547
2026,13,00-0036275,D'Andre Swift,RB,CHI,JAX,1,90.56656081455719,11.945196031803619
2026,13,00-0036997,Javonte Williams,RB,DAL,SEA,0,89.27617319421343,11.727650412922127
2026,13,00-0040715,Cam Skattebo,RB,NYG,SF,1,104.84147386461011,11.337130506740994
2026,13,00-0037840,Kyren Williams,RB,LA,KC,1,96.05070820101822,11.335981406462171
2026,13,00-0040784,Quinshon Judkins,RB,CLE,CIN,1,95.64746206966078,11.253206581830959
2026,13,00-0034844,Saquon Barkley,RB,PHI,ARI,0,89.67941932557083,10.243174462146314
2026,13,00-0039040,De'Von Achane,RB,MIA,DEN,0,119.3583345934775,9.979854901895271
2026,13,00-0041027,Jeremiyah Love,RB,ARI,PHI,1,90.56656081455719,9.680759644418043
2026,13,00-0036973,Travis Etienne,RB,NO,GB,1,124.19728816976661,9.488661893988954
2026,13,00-0040666,Omarion Hampton,RB,LAC,TB,0,93.14733605524474,9.458139679354387
2026,13,00-0040730,RJ Harvey,RB,DEN,MIA,1,120.81002066636425,9.216626181694714
2026,13,00-0035261,Tony Pollard,RB,TEN,WAS,1,79.67891526790665,9.080412536337374
2026,13,00-0036875,Rhamondre Stevenson,RB,NE,BUF,1,116.53561167397551,8.996215525919721
2026,13,00-0040242,Jacory Croskey-Merritt,RB,WAS,TEN,0,100.00252028832098,8.989377416064043
2026,13,00-0040719,Bhayshul Tuten,RB,JAX,CHI,0,97.58304350017642,8.877971117972784
2026,13,00-0036158,J.K. Dobbins,RB,DEN,MIA,1,120.81002066636425,8.627422565013148
2026,13,00-0037256,Rachaad White,RB,WAS,TEN,0,100.00252028832098,7.309848590787662
2026,13,00-0039738,Blake Corum,RB,LA,KC,1,96.05070820101822,7.068269857497857
2026,13,00-0039299,George Holani,RB,SEA,DAL,1,110.4869197036141,7.050691476179181
2026,13,00-0039811,MarShawn Lloyd,RB,GB,NO,0,115.80976863753214,6.934905426724055
2026,13,00-0041512,Jadarian Price,RB,SEA,DAL,1,110.4869197036141,6.847769631309687
2026,13,00-0035685,David Montgomery,RB,HOU,PIT,0,101.85745249256514,6.702065463466942
2026,13,00-0033906,Alvin Kamara,RB,NO,GB,1,124.19728816976661,6.602847104971422
2026,13,00-0038797,Emanuel Wilson,RB,SEA,DAL,1,110.4869197036141,6.18727110043358
2026,13,00-0040583,Woody Marks,RB,HOU,PIT,0,101.85745249256514,6.171499867206418
2026,13,00-0037263,Tyler Allgeier,RB,ARI,PHI,1,90.56656081455719,6.095253013848126
2026,13,00-0040236,Kyle Monangai,RB,CHI,JAX,1,90.56656081455719,5.963996261509488
2026,13,00-0040466,Raheim Sanders,RB,CLE,CIN,1,95.64746206966078,5.784641217284037
2026,13,00-0037746,Brian Robinson,RB,ATL,DET,1,97.6636927264479,5.765907119746878
2026,13,00-0041013,Emmett Johnson,RB,KC,LA,0,92.0988961137154,5.707823082636215
2026,13,00-0041052,Kaelon Black,RB,SF,NYG,0,102.90589243409447,5.6278212029092884
2026,13,00-0040198,Ollie Gordon II,RB,MIA,DEN,0,119.3583345934775,5.622648594691761
2026,13,00-0036919,Kenny Gainwell,RB,TB,LAC,1,99.51862493069207,5.557707946323685
2026,13,00-0036139,Rico Dowdle,RB,PIT,HOU,1,78.63047532637735,5.483785039353656
2026,13,00-0040734,TreVeyon Henderson,RB,NE,BUF,1,116.53561167397551,5.376323245270193
2026,13,00-0038611,Chris Rodriguez Jr.,RB,JAX,CHI,0,97.58304350017642,5.285624100597099
2026,13,00-0039032,Tyjae Spears,RB,TEN,WAS,1,79.67891526790665,5.101451127798956
2026,13,00-0036893,Najee Harris,RB,NYG,SF,1,104.84147386461011,4.865380662628196
2026,13,00-0038685,Chris Brooks,RB,GB,NO,0,115.80976863753214,4.7876841315625605
2026,13,00-0033526,Samaje Perine,RB,CIN,CLE,0,91.29240385100057,4.72618842805913
2026,13,00-0035250,Devin Singletary,RB,NYG,SF,1,104.84147386461011,4.286455778387142
2026,13,00-0038454,Keaton Mitchell,RB,LAC,TB,0,93.14733605524474,4.145934053262154
2026,13,00-0040142,Kaleb Johnson,RB,GB,NO,0,115.80976863753214,4.027170007995548
2026,13,00-0041104,Demond Claiborne,RB,MIN,CAR,1,123.87469126468068,3.972520708523053
2026,13,00-0039344,Jonathon Brooks,RB,CAR,MIN,0,80.72735520943597,3.9230923427034083
2026,13,00-0037085,Tyler Badie,RB,DEN,MIA,1,120.81002066636425,3.8875203776281966
2026,13,00-0039746,Will Shipley,RB,PHI,ARI,0,89.67941932557083,3.714651369657311
2026,13,00-0039364,Sione Vaki,RB,DET,ATL,0,80.96930288825041,3.438056343948934
2026,13,00-0041496,Jonah Coleman,RB,DEN,MIA,1,120.81002066636425,3.367445578996131
2026,13,00-0032104,Ameer Abdullah,RB,JAX,CHI,0,97.58304350017642,3.3388202804902902
2026,13,00-0038555,Tank Bigsby,RB,PHI,ARI,0,89.67941932557083,3.3372304373370794
2026,13,00-0040556,Corey Kiner,RB,NE,BUF,1,116.53561167397551,3.156257697172004
2026,13,00-0038551,Kendre Miller,RB,NO,GB,1,124.19728816976661,3.1367167377879137
2026,13,00-0036265,AJ Dillon,RB,CAR,MIN,0,80.72735520943597,2.965281599105327
2026,13,00-0041096,Kaytron Allen,RB,WAS,TEN,0,100.00252028832098,2.8493520622770037
2026,13,00-0041326,CJ Donaldson,RB,NO,GB,1,124.19728816976661,2.1261480046145875
2026,13,00-0038705,Emari Demercado,RB,DAL,SEA,0,89.27617319421343,2.019380738443789
2026,13,00-0039391,Kimani Vidal,RB,LAC,TB,0,93.14733605524474,1.4643552210192328
2026,14,00-0039139,Jahmyr Gibbs,RB,DET,TEN,1,100.00252028832098,20.66488798859585
2026,14,00-0038542,Bijan Robinson,RB,ATL,CLE,0,91.29240385100057,19.059014943441337
2026,14,00-0038134,Kenneth Walker III,RB,KC,CIN,0,95.64746206966078,18.94499410210328
2026,14,00-0037248,James Cook,RB,BUF,GB,0,124.19728816976661,14.851037051382917
2026,14,00-0040122,Ashton Jeanty,RB,LV,LAC,1,99.51862493069207,14.419204083591463
2026,14,00-0036223,Jonathan Taylor,RB,IND,PHI,0,90.56656081455719,14.309192995292307
2026,14,00-0037228,Jaylen Warren,RB,PIT,JAX,0,90.56656081455719,14.300333625257434
2026,14,00-0032764,Derrick Henry,RB,BAL,TB,1,93.14733605524474,13.346666973426622
2026,14,00-0036555,Chuba Hubbard,RB,CAR,NO,1,115.80976863753214,13.246463694513995
2026,14,00-0038597,Chase Brown,RB,CIN,KC,1,96.05070820101822,13.039812349021796
2026,14,00-0039361,Bucky Irving,RB,TB,BAL,0,99.67992338323506,12.83266711221411
2026,14,00-0033280,Christian McCaffrey,RB,SF,LA,1,92.0988961137154,12.7966323671488
2026,14,00-0033293,Aaron Jones,RB,MIN,NE,0,100.40576641967841,12.520070732620429
2026,14,00-0038120,Breece Hall,RB,NYJ,DEN,1,119.3583345934775,11.916850824883976
2026,14,00-0036275,D'Andre Swift,RB,CHI,MIA,0,120.81002066636425,11.770324205436768
2026,14,00-0037840,Kyren Williams,RB,LA,SF,0,104.84147386461011,11.724877694254035
2026,14,00-0040715,Cam Skattebo,RB,NYG,SEA,0,89.27617319421343,10.823602630002107
2026,14,00-0034844,Saquon Barkley,RB,PHI,IND,1,117.98729774686225,10.461819924777664
2026,14,00-0040784,Quinshon Judkins,RB,CLE,ATL,1,80.96930288825041,10.37277367026678
2026,14,00-0040666,Omarion Hampton,RB,LAC,LV,0,91.45370230354352,9.990013065769878
2026,14,00-0036973,Travis Etienne,RB,NO,CAR,0,123.87469126468068,9.845343726530796
2026,14,00-0035261,Tony Pollard,RB,TEN,DET,0,97.6636927264479,9.21351521199843
2026,14,00-0040242,Jacory Croskey-Merritt,RB,WAS,HOU,1,78.63047532637735,9.105636433927272
2026,14,00-0039040,De'Von Achane,RB,MIA,CHI,1,97.58304350017642,8.966306944698761
2026,14,00-0040719,Bhayshul Tuten,RB,JAX,PIT,1,101.85745249256514,8.804803524284647
2026,14,00-0040730,RJ Harvey,RB,DEN,NYJ,0,106.6964060688543,8.675939115679487
2026,14,00-0036875,Rhamondre Stevenson,RB,NE,MIN,1,80.72735520943597,8.235969820092873
2026,14,00-0036158,J.K. Dobbins,RB,DEN,NYJ,0,106.6964060688543,8.081114243903308
2026,14,00-0037256,Rachaad White,RB,WAS,HOU,1,78.63047532637735,7.169331524759384
2026,14,00-0039738,Blake Corum,RB,LA,SF,0,104.84147386461011,7.060400643072082
2026,14,00-0039811,MarShawn Lloyd,RB,GB,BUF,1,116.53561167397551,7.0361490538163265
2026,14,00-0033906,Alvin Kamara,RB,NO,CAR,0,123.87469126468068,6.921380801338275
2026,14,00-0039299,George Holani,RB,SEA,NYG,1,102.90589243409447,6.751271622592684
2026,14,00-0039794,Braelon Allen,RB,NYJ,DEN,1,119.3583345934775,6.412912226915527
2026,14,00-0041512,Jadarian Price,RB,SEA,NYG,1,102.90589243409447,6.283915313419755
2026,14,00-0041013,Emmett Johnson,RB,KC,CIN,0,95.64746206966078,6.0758736536699836
2026,14,00-0040236,Kyle Monangai,RB,CHI,MIA,0,120.81002066636425,6.070778888987025
2026,14,00-0035685,David Montgomery,RB,HOU,WAS,0,79.67891526790665,6.036925458519217
2026,14,00-0038797,Emanuel Wilson,RB,SEA,NYG,1,102.90589243409447,5.777309642230872
2026,14,00-0039032,Tyjae Spears,RB,TEN,DET,0,97.6636927264479,5.764819876316771
2026,14,00-0040583,Woody Marks,RB,HOU,WAS,0,79.67891526790665,5.761985792935482
2026,14,00-0038611,Chris Rodriguez Jr.,RB,JAX,PIT,1,101.85745249256514,5.466764006060164
2026,14,00-0037746,Brian Robinson,RB,ATL,CLE,0,91.29240385100057,5.432368806984976
2026,14,00-0040734,TreVeyon Henderson,RB,NE,MIN,1,80.72735520943597,5.361004282796353
2026,14,00-0036919,Kenny Gainwell,RB,TB,BAL,0,99.67992338323506,5.239316870873905
2026,14,00-0040466,Raheim Sanders,RB,CLE,ATL,1,80.96930288825041,5.127528297271006
2026,14,00-0038685,Chris Brooks,RB,GB,BUF,1,116.53561167397551,4.964607323686273
2026,14,00-0040198,Ollie Gordon II,RB,MIA,CHI,1,97.58304350017642,4.892830769391401
2026,14,00-0036139,Rico Dowdle,RB,PIT,JAX,0,90.56656081455719,4.812180819503351
2026,14,00-0041052,Kaelon Black,RB,SF,LA,1,92.0988961137154,4.811044551886997
2026,14,00-0038454,Keaton Mitchell,RB,LAC,LV,0,91.45370230354352,4.537551888757406
2026,14,00-0033526,Samaje Perine,RB,CIN,KC,1,96.05070820101822,4.5111402445644
2026,14,00-0036893,Najee Harris,RB,NYG,SEA,0,89.27617319421343,4.313595217914875
2026,14,00-0034975,Justice Hill,RB,BAL,TB,1,93.14733605524474,4.2907032703680645
2026,14,00-0039746,Will Shipley,RB,PHI,IND,1,117.98729774686225,4.160726231287914
2026,14,00-0039344,Jonathon Brooks,RB,CAR,NO,1,115.80976863753214,4.024379764016888
2026,14,00-0040142,Kaleb Johnson,RB,GB,BUF,1,116.53561167397551,3.8662705044081536
2026,14,00-0037085,Tyler Badie,RB,DEN,NYJ,0,106.6964060688543,3.8661641050190427
2026,14,00-0039364,Sione Vaki,RB,DET,TEN,1,100.00252028832098,3.826629097988935
2026,14,00-0040878,Mike Washington Jr.,RB,LV,LAC,1,99.51862493069207,3.7712592809087297
2026,14,00-0038555,Tank Bigsby,RB,PHI,IND,1,117.98729774686225,3.7173269543384286
2026,14,00-0036265,AJ Dillon,RB,CAR,NO,1,115.80976863753214,3.580721023965675
2026,14,00-0032104,Ameer Abdullah,RB,JAX,PIT,1,101.85745249256514,3.4695157586715997
2026,14,00-0038551,Kendre Miller,RB,NO,CAR,0,123.87469126468068,3.4313089981102927
2026,14,00-0041496,Jonah Coleman,RB,DEN,NYJ,0,106.6964060688543,3.3733776591528413
2026,14,00-0035250,Devin Singletary,RB,NYG,SEA,0,89.27617319421343,3.341799445985952
2026,14,00-0041104,Demond Claiborne,RB,MIN,NE,0,100.40576641967841,3.233351894413217
2026,14,00-0041125,Seth McGowan,RB,IND,PHI,0,90.56656081455719,3.092587477841382
2026,14,00-0041096,Kaytron Allen,RB,WAS,HOU,1,78.63047532637735,3.0085999079725503
2026,14,00-0040556,Corey Kiner,RB,NE,MIN,1,80.72735520943597,2.321903382477128
2026,14,00-0041326,CJ Donaldson,RB,NO,CAR,0,123.87469126468068,2.3087157078931457
2026,14,00-0039391,Kimani Vidal,RB,LAC,LV,0,91.45370230354352,1.9064582226002957
2026,15,00-0038134,Kenneth Walker III,RB,KC,NE,1,100.40576641967841,19.480549303084704
2026,15,00-0039139,Jahmyr Gibbs,RB,DET,MIN,0,80.72735520943597,19.340966195578524
2026,15,00-0038542,Bijan Robinson,RB,ATL,WAS,0,79.67891526790665,18.363512743159724
2026,15,00-0038597,Chase Brown,RB,CIN,CAR,0,123.87469126468068,15.503789723200224
2026,15,00-0036223,Jonathan Taylor,RB,IND,TEN,0,100.00252028832098,14.856767029157425
2026,15,00-0037228,Jaylen Warren,RB,PIT,BAL,1,99.67992338323506,14.499730058323525
2026,15,00-0037248,James Cook,RB,BUF,CHI,1,97.58304350017642,14.190743963094924
2026,15,00-0032764,Derrick Henry,RB,BAL,PIT,0,101.85745249256514,13.720114162661329
2026,15,00-0040122,Ashton Jeanty,RB,LV,DEN,1,119.3583345934775,13.297395067755733
2026,15,00-0036555,Chuba Hubbard,RB,CAR,CIN,1,95.64746206966078,13.132407445654579
2026,15,00-0033293,Aaron Jones,RB,MIN,DET,1,97.6636927264479,13.100085669005754
2026,15,00-0033280,Christian McCaffrey,RB,SF,LAC,0,99.51862493069207,13.065926830613943
2026,15,00-0037840,Kyren Williams,RB,LA,DAL,1,110.4869197036141,12.873696900302205
2026,15,00-0039361,Bucky Irving,RB,TB,NO,1,115.80976863753214,12.632582199277522
2026,15,00-0038120,Breece Hall,RB,NYJ,ARI,0,89.67941932557083,12.110398201146905
2026,15,00-0036275,D'Andre Swift,RB,CHI,BUF,0,116.53561167397551,11.845983192220483
2026,15,00-0036997,Javonte Williams,RB,DAL,LA,0,92.0988961137154,11.814690635074587
2026,15,00-0040715,Cam Skattebo,RB,NYG,CLE,1,91.29240385100057,11.424612066325134
2026,15,00-0040784,Quinshon Judkins,RB,CLE,NYG,0,102.90589243409447,11.350606557310915
2026,15,00-0034844,Saquon Barkley,RB,PHI,SEA,1,89.27617319421343,9.927525550341068
2026,15,00-0040666,Omarion Hampton,RB,LAC,SF,1,104.84147386461011,9.889025365226484
2026,15,00-0035261,Tony Pollard,RB,TEN,IND,1,117.98729774686225,9.488477065602297
2026,15,00-0039040,De'Von Achane,RB,MIA,GB,0,124.19728816976661,9.262328728651084
2026,15,00-0041027,Jeremiyah Love,RB,ARI,NYJ,1,106.6964060688543,9.252903461274876
2026,15,00-0040719,Bhayshul Tuten,RB,JAX,HOU,0,78.63047532637735,8.963022195306518
2026,15,00-0040730,RJ Harvey,RB,DEN,LV,0,91.45370230354352,8.705557207495541
2026,15,00-0036875,Rhamondre Stevenson,RB,NE,KC,0,96.05070820101822,8.685173243850377
2026,15,00-0040242,Jacory Croskey-Merritt,RB,WAS,ATL,1,80.96930288825041,8.673508476131104
2026,15,00-0036973,Travis Etienne,RB,NO,TB,0,93.14733605524474,8.358861775722144
2026,15,00-0039738,Blake Corum,RB,LA,DAL,1,110.4869197036141,7.768845337917185
2026,15,00-0036158,J.K. Dobbins,RB,DEN,LV,0,91.45370230354352,7.746634838778343
2026,15,00-0039811,MarShawn Lloyd,RB,GB,MIA,1,120.81002066636425,6.90131120353101
2026,15,00-0039299,George Holani,RB,SEA,PHI,0,90.56656081455719,6.494386867702916
2026,15,00-0035685,David Montgomery,RB,HOU,JAX,1,90.56656081455719,6.445132366149001
2026,15,00-0037256,Rachaad White,RB,WAS,ATL,1,80.96930288825041,6.406512612864686
2026,15,00-0040466,Raheim Sanders,RB,CLE,NYG,0,102.90589243409447,6.135404055710191
2026,15,00-0039032,Tyjae Spears,RB,TEN,IND,1,117.98729774686225,6.12154150305026
2026,15,00-0040236,Kyle Monangai,RB,CHI,BUF,0,116.53561167397551,6.062022540025186
2026,15,00-0041512,Jadarian Price,RB,SEA,PHI,0,90.56656081455719,5.965600587769358
2026,15,00-0037263,Tyler Allgeier,RB,ARI,NYJ,1,106.6964060688543,5.838419851570567
2026,15,00-0041013,Emmett Johnson,RB,KC,NE,1,100.40576641967841,5.8358803938663275
2026,15,00-0038797,Emanuel Wilson,RB,SEA,PHI,0,90.56656081455719,5.739836444435964
2026,15,00-0040583,Woody Marks,RB,HOU,JAX,1,90.56656081455719,5.614948273889238
2026,15,00-0036919,Kenny Gainwell,RB,TB,NO,1,115.80976863753214,5.6132560534887865
2026,15,00-0041052,Kaelon Black,RB,SF,LAC,0,99.51862493069207,5.577868588835578
2026,15,00-0033906,Alvin Kamara,RB,NO,TB,0,93.14733605524474,5.535584943673352
2026,15,00-0038611,Chris Rodriguez Jr.,RB,JAX,HOU,0,78.63047532637735,5.3707052744588575
2026,15,00-0039794,Braelon Allen,RB,NYJ,ARI,0,89.67941932557083,5.332013096045015
2026,15,00-0033526,Samaje Perine,RB,CIN,CAR,0,123.87469126468068,5.258700436616403
2026,15,00-0036139,Rico Dowdle,RB,PIT,BAL,1,99.67992338323506,5.206227271219982
2026,15,00-0037746,Brian Robinson,RB,ATL,WAS,0,79.67891526790665,4.9336059702091575
2026,15,00-0038685,Chris Brooks,RB,GB,MIA,1,120.81002066636425,4.889859085993374
2026,15,00-0040734,TreVeyon Henderson,RB,NE,KC,0,96.05070820101822,4.864390713430806
2026,15,00-0038454,Keaton Mitchell,RB,LAC,SF,1,104.84147386461011,4.8163811350564405
2026,15,00-0034975,Justice Hill,RB,BAL,PIT,0,101.85745249256514,4.694366245700322
2026,15,00-0036893,Najee Harris,RB,NYG,CLE,1,91.29240385100057,4.575383343460497
2026,15,00-0040198,Ollie Gordon II,RB,MIA,GB,0,124.19728816976661,4.5137281086891985
2026,15,00-0040142,Kaleb Johnson,RB,GB,MIA,1,120.81002066636425,4.087128111865314
2026,15,00-0040878,Mike Washington Jr.,RB,LV,DEN,1,119.3583345934775,4.053808615332619
2026,15,00-0039746,Will Shipley,RB,PHI,SEA,1,89.27617319421343,3.75443425195344
2026,15,00-0037085,Tyler Badie,RB,DEN,LV,0,91.45370230354352,3.7361904481493515
2026,15,00-0035250,Devin Singletary,RB,NYG,CLE,1,91.29240385100057,3.602893429751631
2026,15,00-0041104,Demond Claiborne,RB,MIN,DET,1,97.6636927264479,3.5452858480641773
2026,15,00-0039364,Sione Vaki,RB,DET,MIN,0,80.72735520943597,3.4455047339964455
2026,15,00-0036265,AJ Dillon,RB,CAR,CIN,1,95.64746206966078,3.4301348439974673
2026,15,00-0039344,Jonathon Brooks,RB,CAR,CIN,1,95.64746206966078,3.400025614309823
2026,15,00-0038555,Tank Bigsby,RB,PHI,SEA,1,89.27617319421343,3.2021873369107947
2026,15,00-0041496,Jonah Coleman,RB,DEN,LV,0,91.45370230354352,3.1820147359166837
2026,15,00-0041125,Seth McGowan,RB,IND,TEN,0,100.00252028832098,3.0150437690030545
2026,15,00-0032104,Ameer Abdullah,RB,JAX,HOU,0,78.63047532637735,2.8219946337449455
2026,15,00-0040556,Corey Kiner,RB,NE,KC,0,96.05070820101822,2.6575929744740394
2026,15,00-0041096,Kaytron Allen,RB,WAS,ATL,1,80.96930288825041,2.6566908856892586
2026,15,00-0038551,Kendre Miller,RB,NO,TB,0,93.14733605524474,2.607162689790345
2026,15,00-0039391,Kimani Vidal,RB,LAC,SF,1,104.84147386461011,2.089833546281803
2026,15,00-0038705,Emari Demercado,RB,DAL,LA,0,92.0988961137154,2.001560886917237
2026,15,00-0041326,CJ Donaldson,RB,NO,TB,0,93.14733605524474,1.328209272119401
2026,16,00-0039139,Jahmyr Gibbs,RB,DET,NYG,1,102.90589243409447,20.664509952281644
2026,16,00-0038542,Bijan Robinson,RB,ATL,TB,1,93.14733605524474,19.42459081536208
2026,16,00-0038134,Kenneth Walker III,RB,KC,SF,1,104.84147386461011,18.85776841546536
2026,16,00-0037248,James Cook,RB,BUF,DEN,0,119.3583345934775,15.687172842215205
2026,16,00-0037228,Jaylen Warren,RB,PIT,CAR,1,123.87469126468068,15.35235468098297
2026,16,00-0040122,Ashton Jeanty,RB,LV,TEN,1,100.00252028832098,14.213954980730689
2026,16,00-0038597,Chase Brown,RB,CIN,IND,0,117.98729774686225,13.885208599552184
2026,16,00-0032764,Derrick Henry,RB,BAL,CLE,1,91.29240385100057,13.857688906454204
2026,16,00-0036223,Jonathan Taylor,RB,IND,CIN,1,95.64746206966078,13.843980702333113
2026,16,00-0039361,Bucky Irving,RB,TB,ATL,0,80.96930288825041,12.668303278867956
2026,16,00-0036555,Chuba Hubbard,RB,CAR,PIT,0,101.85745249256514,12.609050305456101
2026,16,00-0038120,Breece Hall,RB,NYJ,NE,1,100.40576641967841,12.239843016551013
2026,16,00-0033280,Christian McCaffrey,RB,SF,KC,0,96.05070820101822,12.195938349104395
2026,16,00-0036275,D'Andre Swift,RB,CHI,GB,1,124.19728816976661,11.839242399652079
2026,16,00-0037840,Kyren Williams,RB,LA,SEA,0,89.27617319421343,11.743127961596137
2026,16,00-0040715,Cam Skattebo,RB,NYG,DET,0,97.6636927264479,11.403756906088223
2026,16,00-0036997,Javonte Williams,RB,DAL,JAX,1,90.56656081455719,11.387070915311941
2026,16,00-0040784,Quinshon Judkins,RB,CLE,BAL,0,99.67992338323506,11.015593549003384
2026,16,00-0033293,Aaron Jones,RB,MIN,WAS,1,79.67891526790665,10.950845832689224
2026,16,00-0040666,Omarion Hampton,RB,LAC,MIA,0,120.81002066636425,10.374744467879168
2026,16,00-0034844,Saquon Barkley,RB,PHI,HOU,1,78.63047532637735,9.967821406593572
2026,16,00-0041027,Jeremiyah Love,RB,ARI,NO,0,115.80976863753214,9.573083345527682
2026,16,00-0040719,Bhayshul Tuten,RB,JAX,DAL,0,110.4869197036141,9.571447576172222
2026,16,00-0039040,De'Von Achane,RB,MIA,LAC,1,99.51862493069207,9.35628959946694
2026,16,00-0035261,Tony Pollard,RB,TEN,LV,0,91.45370230354352,9.27139654421877
2026,16,00-0040730,RJ Harvey,RB,DEN,BUF,1,116.53561167397551,9.239353853201973
2026,16,00-0036973,Travis Etienne,RB,NO,ARI,1,89.67941932557083,8.804352713104567
2026,16,00-0036875,Rhamondre Stevenson,RB,NE,NYJ,0,106.6964060688543,8.400342678248713
2026,16,00-0040242,Jacory Croskey-Merritt,RB,WAS,MIN,0,80.72735520943597,8.199940537755774
2026,16,00-0036158,J.K. Dobbins,RB,DEN,BUF,1,116.53561167397551,8.09928083116754
2026,16,00-0035685,David Montgomery,RB,HOU,PHI,0,90.56656081455719,7.04909535890388
2026,16,00-0037256,Rachaad White,RB,WAS,MIN,0,80.72735520943597,6.944182265546276
2026,16,00-0039811,MarShawn Lloyd,RB,GB,CHI,0,97.58304350017642,6.658446837835438
2026,16,00-0039299,George Holani,RB,SEA,LA,1,92.0988961137154,6.359561789978752
2026,16,00-0039738,Blake Corum,RB,LA,SEA,0,89.27617319421343,6.331308039721958
2026,16,00-0033906,Alvin Kamara,RB,NO,ARI,1,89.67941932557083,6.15993436757874
2026,16,00-0041013,Emmett Johnson,RB,KC,SF,1,104.84147386461011,6.126002886682759
2026,16,00-0037263,Tyler Allgeier,RB,ARI,NO,0,115.80976863753214,6.016509463786557
2026,16,00-0040236,Kyle Monangai,RB,CHI,GB,1,124.19728816976661,5.976488503530872
2026,16,00-0036139,Rico Dowdle,RB,PIT,CAR,1,123.87469126468068,5.858960036193732
2026,16,00-0039032,Tyjae Spears,RB,TEN,LV,0,91.45370230354352,5.8264208273191365
2026,16,00-0040583,Woody Marks,RB,HOU,PHI,0,90.56656081455719,5.80756055690428
2026,16,00-0041512,Jadarian Price,RB,SEA,LA,1,92.0988961137154,5.728957124137596
2026,16,00-0040466,Raheim Sanders,RB,CLE,BAL,0,99.67992338323506,5.6474348923202875
2026,16,00-0038797,Emanuel Wilson,RB,SEA,LA,1,92.0988961137154,5.517957515684476
2026,16,00-0038611,Chris Rodriguez Jr.,RB,JAX,DAL,0,110.4869197036141,5.517541712272491
2026,16,00-0039794,Braelon Allen,RB,NYJ,NE,1,100.40576641967841,5.4165249677950715
2026,16,00-0037746,Brian Robinson,RB,ATL,TB,1,93.14733605524474,5.351396903284496
2026,16,00-0041052,Kaelon Black,RB,SF,KC,0,96.05070820101822,5.118534400437819
2026,16,00-0040198,Ollie Gordon II,RB,MIA,LAC,1,99.51862493069207,5.111246190310497
2026,16,00-0040734,TreVeyon Henderson,RB,NE,NYJ,0,106.6964060688543,4.9024655904875
2026,16,00-0038454,Keaton Mitchell,RB,LAC,MIA,0,120.81002066636425,4.837809430140034
2026,16,00-0033526,Samaje Perine,RB,CIN,IND,0,117.98729774686225,4.712594625794882
2026,16,00-0036893,Najee Harris,RB,NYG,DET,0,97.6636927264479,4.4652263814677
2026,16,00-0038685,Chris Brooks,RB,GB,CHI,0,97.58304350017642,4.413037862292391
2026,16,00-0034975,Justice Hill,RB,BAL,CLE,1,91.29240385100057,4.375484472088147
2026,16,00-0036919,Kenny Gainwell,RB,TB,ATL,0,80.96930288825041,4.238620584194846
2026,16,00-0037085,Tyler Badie,RB,DEN,BUF,1,116.53561167397551,4.161047812241562
2026,16,00-0035250,Devin Singletary,RB,NYG,DET,0,97.6636927264479,3.9271304050541302
2026,16,00-0039364,Sione Vaki,RB,DET,NYG,1,102.90589243409447,3.839056385852147
2026,16,00-0039746,Will Shipley,RB,PHI,HOU,1,78.63047532637735,3.8313044177494966
2026,16,00-0040878,Mike Washington Jr.,RB,LV,TEN,1,100.00252028832098,3.8085764912108857
2026,16,00-0040142,Kaleb Johnson,RB,GB,CHI,0,97.58304350017642,3.6398762525155637
2026,16,00-0032104,Ameer Abdullah,RB,JAX,DAL,0,110.4869197036141,3.606615337644363
2026,16,00-0039344,Jonathon Brooks,RB,CAR,PIT,0,101.85745249256514,3.540887533753834
2026,16,00-0036265,AJ Dillon,RB,CAR,PIT,0,101.85745249256514,3.488257292173143
2026,16,00-0041496,Jonah Coleman,RB,DEN,BUF,1,116.53561167397551,3.3838060902169103
2026,16,00-0038551,Kendre Miller,RB,NO,ARI,1,89.67941932557083,3.109984843024127
2026,16,00-0038555,Tank Bigsby,RB,PHI,HOU,1,78.63047532637735,2.8262618689324395
2026,16,00-0041125,Seth McGowan,RB,IND,CIN,1,95.64746206966078,2.6945040418607955
2026,16,00-0041096,Kaytron Allen,RB,WAS,MIN,0,80.72735520943597,2.6643041345818665
2026,16,00-0040556,Corey Kiner,RB,NE,NYJ,0,106.6964060688543,2.632801389739865
2026,16,00-0041104,Demond Claiborne,RB,MIN,WAS,1,79.67891526790665,2.466910011250555
2026,16,00-0039391,Kimani Vidal,RB,LAC,MIA,0,120.81002066636425,2.0432216793245765
2026,16,00-0041326,CJ Donaldson,RB,NO,ARI,1,89.67941932557083,1.7592391407092944
2026,16,00-0038705,Emari Demercado,RB,DAL,JAX,1,90.56656081455719,1.6062665819635826
2026,4,00-0038543,Jaxon Smith-Njigba,WR,SEA,LAC,1,101.30801687763714,17.901264132968354
2026,4,00-0036963,Amon-Ra St. Brown,WR,DET,CAR,0,86.09217786432977,16.75394727932713
2026,4,00-0037239,Chris Olave,WR,NO,ATL,1,109.92859461213892,16.683418779995733
2026,4,00-0036358,CeeDee Lamb,WR,DAL,HOU,0,112.2654982148653,15.75085447960561
2026,4,00-0039064,Zay Flowers,WR,BAL,TEN,1,101.30801687763714,13.95481617470261
2026,4,00-0037740,Garrett Wilson,WR,NYJ,CHI,0,91.80460889321648,13.768748893826285
2026,4,00-0036912,DeVonta Smith,WR,PHI,LA,1,97.9324894514768,13.74941597169397
2026,4,00-0031381,Davante Adams,WR,LA,PHI,0,106.0856864654333,13.620340026078441
2026,4,00-0032464,Kalif Raymond,WR,CHI,NYJ,1,94.92048036351834,13.21740133317965
2026,4,00-0036410,Tee Higgins,WR,CIN,JAX,1,98.00519311911717,12.80492669592315
2026,4,00-0036900,Ja'Marr Chase,WR,CIN,JAX,1,98.00519311911717,12.803177923778254
2026,4,00-0038559,Michael Wilson,WR,ARI,NYG,0,105.92989289191823,12.728794910807387
2026,4,00-0038124,Christian Watson,WR,GB,TB,0,92.63550795196363,12.510113008525693
2026,4,00-0038606,Parker Washington,WR,JAX,CIN,0,97.9324894514768,12.46270182825312
2026,4,00-0040667,Matthew Golden,WR,GB,TB,0,92.63550795196363,12.054649845478519
2026,4,00-0036322,Justin Jefferson,WR,MIN,MIA,1,87.75397598182408,12.016543090582648
2026,4,00-0040735,Luther Burden III,WR,CHI,NYJ,1,94.92048036351834,11.966221027188407
2026,4,00-0038997,Josh Downs,WR,IND,WAS,0,122.68289516390783,11.93797834627955
2026,4,00-0039491,Jalen Coker,WR,CAR,DET,1,111.79811749432001,11.71516857482866
2026,4,00-0037238,Drake London,WR,ATL,NO,0,95.18013631937683,11.401722409593816
2026,4,00-0040129,Emeka Egbuka,WR,TB,GB,1,106.13761765660499,11.366930772692196
2026,4,00-0037247,George Pickens,WR,DAL,HOU,0,112.2654982148653,11.003167559146986
2026,4,00-0034827,DJ Moore,WR,BUF,NE,1,101.25608568646545,10.889462225750352
2026,4,00-0031588,Stefon Diggs,WR,WAS,IND,1,104.52775073028238,10.878544006858359
2026,4,00-0040124,Tetairoa McMillan,WR,CAR,DET,1,111.79811749432001,10.657894078644834
2026,4,00-0039880,Malik Washington,WR,MIA,MIN,0,105.67023693605972,10.549583681147414
2026,4,00-0041438,Carnell Tate,WR,TEN,BAL,0,107.59169100941253,10.403296645250798
2026,4,00-0039424,Devaughn Vele,WR,NO,ATL,1,109.92859461213892,10.132651542614845
2026,4,00-0035659,Terry McLaurin,WR,WAS,IND,1,104.52775073028238,10.063014526367532
2026,4,00-0031408,Mike Evans,WR,SF,DEN,1,92.73937033430705,9.974188593426355
2026,4,00-0036613,Jaylen Waddle,WR,DEN,SF,0,93.72606296656929,9.583646606875519
2026,4,00-0039337,Malik Nabers,WR,NYG,ARI,1,110.81142486205776,9.558846865563547
2026,4,00-0039890,Adonai Mitchell,WR,NYJ,CHI,0,91.80460889321648,9.312909944176809
2026,4,00-0041037,Denzel Boston,WR,CLE,PIT,1,93.5702693930542,9.127168614435663
2026,4,00-0030279,Keenan Allen,WR,IND,WAS,0,122.68289516390783,9.077273723322154
2026,4,00-0038117,Wan'Dale Robinson,WR,TEN,BAL,0,107.59169100941253,8.971875196569485
2026,4,00-0041547,KC Concepcion,WR,CLE,PIT,1,93.5702693930542,8.968990623774062
2026,4,00-0039067,Rashee Rice,WR,KC,LV,0,85.4690035702694,8.966643422395041
2026,4,00-0038994,Jordan Addison,WR,MIN,MIA,1,87.75397598182408,8.944718282364306
2026,4,00-0035719,Deebo Samuel Sr.,WR,SF,DEN,1,92.73937033430705,8.920304643174426
2026,4,00-0035640,DK Metcalf,WR,PIT,CLE,0,106.03375527426161,8.815911128176683
2026,4,00-0033555,Mack Hollins,WR,NE,BUF,0,110.39597533268422,8.764329152988346
2026,4,00-0039915,Ladd McConkey,WR,LAC,SEA,0,87.13080168776371,8.524935079057453
2026,4,00-0037240,Jameson Williams,WR,DET,CAR,0,86.09217786432977,8.446781466137345
2026,4,00-0040727,Tre Harris,WR,LAC,SEA,0,87.13080168776371,8.413037474635052
2026,4,00-0038393,Dontayvion Wicks,WR,PHI,LA,1,97.9324894514768,8.382456666092109
2026,4,00-0038563,Tre Tucker,WR,LV,KC,1,85.2612788055826,8.34545710920245
2026,4,00-0039739,Roman Wilson,WR,PIT,CLE,0,106.03375527426161,8.30167398782476
2026,4,00-0039919,Rome Odunze,WR,CHI,NYJ,1,94.92048036351834,8.090535643468025
2026,4,00-0038618,Xavier Hutchinson,WR,HOU,DAL,1,96.1148977604674,8.088155329109414
2026,4,00-0036550,Rashod Bateman,WR,BAL,TEN,1,101.30801687763714,7.71357282958581
2026,4,00-0038544,Quentin Johnston,WR,LAC,SEA,0,87.13080168776371,7.321698806977107
2026,4,00-0034960,Jakobi Meyers,WR,JAX,CIN,0,97.9324894514768,7.310188548305929
2026,4,00-0039894,Xavier Worthy,WR,KC,LV,0,85.4690035702694,7.157125826369718
2026,4,00-0041048,Ted Hurst III,WR,TB,GB,1,106.13761765660499,7.1562435278004255
2026,4,00-0041523,Caleb Douglas,WR,MIA,MIN,0,105.67023693605972,7.103298568967967
2026,4,00-0033921,Chris Godwin Jr.,WR,TB,GB,1,106.13761765660499,7.0944302164003865
2026,4,00-0033307,Kendrick Bourne,WR,ARI,NYG,0,105.92989289191823,6.9634328494501645
2026,4,00-0033908,Cooper Kupp,WR,SEA,LAC,1,101.30801687763714,6.9501176770222735
2026,4,00-0037261,Khalil Shakir,WR,BUF,NE,1,101.25608568646545,6.825561925217404
2026,4,00-0039410,Ryan Flournoy,WR,DAL,HOU,0,112.2654982148653,6.6671507751231225
2026,4,00-0034348,Courtland Sutton,WR,DEN,SF,0,93.72606296656929,6.659148256603272
2026,4,00-0037816,Romeo Doubs,WR,NE,BUF,0,110.39597533268422,6.29166197869192
2026,4,00-0040134,Pat Bryant,WR,DEN,SF,0,93.72606296656929,6.256729859777927
2026,4,00-0041040,Antonio Williams,WR,WAS,IND,1,104.52775073028238,6.089382599492686
2026,4,00-0041042,Malachi Fields,WR,NYG,ARI,1,110.81142486205776,6.037983547115329
2026,4,00-0037545,Rashid Shaheed,WR,SEA,LAC,1,101.30801687763714,5.994088278721213
2026,4,00-0039893,Brian Thomas Jr.,WR,JAX,CIN,0,97.9324894514768,5.860232501189598
2026,4,00-0038104,Tyquan Thornton,WR,KC,LV,0,85.4690035702694,5.853070700378462
2026,4,00-0041525,Chris Bell,WR,MIA,MIN,0,105.67023693605972,5.788421267421168
2026,4,00-0040590,Konata Mumpfield,WR,LA,PHI,0,106.0856864654333,5.771055371183808
2026,4,00-0040170,Elic Ayomanor,WR,TEN,BAL,0,107.59169100941253,5.746815354639203
2026,4,00-0037664,Alec Pierce,WR,IND,WAS,0,122.68289516390783,5.658519367379818
2026,4,00-0039901,Keon Coleman,WR,BUF,NE,1,101.25608568646545,5.601003221205468
2026,4,00-0038621,DeMario Douglas,WR,NE,BUF,0,110.39597533268422,5.419983886187477
2026,4,00-0040867,Makai Lemon,WR,PHI,LA,1,97.9324894514768,5.256386830235055
2026,4,00-0040669,Isaac TeSlaa,WR,DET,CAR,0,86.09217786432977,5.13017427101078
2026,4,00-0032775,Demarcus Robinson,WR,SF,DEN,1,92.73937033430705,5.125855074550152
2026,4,00-0036309,Darnell Mooney,WR,NYG,ARI,1,110.81142486205776,5.000681485461735
2026,4,00-0037741,Jahan Dotson,WR,ATL,NO,0,95.18013631937683,4.982742150999242
2026,4,00-0032398,Chris Moore,WR,BAL,TEN,1,101.30801687763714,4.932580165653441
2026,4,00-0037291,Jalen Nailor,WR,LV,KC,1,85.2612788055826,4.869026752322274
2026,4,00-0039451,Isaiah Williams,WR,NYJ,CHI,0,91.80460889321648,4.781032687787928
2026,4,00-0040138,Jaylin Noel,WR,HOU,DAL,1,96.1148977604674,4.731364104912661
2026,4,00-0038608,Kayshon Boutte,WR,HOU,DAL,1,96.1148977604674,4.687560167875475
2026,4,00-0036252,Michael Pittman,WR,PIT,CLE,0,106.03375527426161,4.675335141179126
2026,4,00-0041489,Germie Bernard,WR,PIT,CLE,0,106.03375527426161,4.534056767810131
2026,4,00-0038728,Jared Wayne,WR,HOU,DAL,1,96.1148977604674,4.506623466532857
2026,4,00-0038840,Brycen Tremayne,WR,CAR,DET,1,111.79811749432001,4.4472386018345835
2026,4,00-0035891,Cody White,WR,LV,KC,1,85.2612788055826,4.326665046507596
2026,4,00-0039849,Marvin Harrison Jr.,WR,ARI,NYG,0,105.92989289191823,4.3175018327485875
2026,4,00-0040785,Dohnte Meyers,WR,CIN,JAX,1,98.00519311911717,4.314700642274158
2026,4,00-0040729,Jack Bech,WR,LV,KC,1,85.2612788055826,3.996772244596401
2026,4,00-0036988,Josh Palmer,WR,BUF,NE,1,101.25608568646545,3.991109378498405
2026,4,00-0038090,Skyy Moore,WR,GB,TB,0,92.63550795196363,3.9392403317237425
2026,4,00-0036626,Dyami Brown,WR,WAS,IND,1,104.52775073028238,3.924996467432666
2026,4,00-0040237,Tez Johnson,WR,TB,GB,1,106.13761765660499,3.9042770449809576
2026,4,00-0032951,Laquon Treadwell,WR,IND,WAS,0,122.68289516390783,3.8980635311878578
2026,4,00-0037614,John Metchie III,WR,CAR,DET,1,111.79811749432001,3.8398596088461483
2026,4,00-0039342,Xavier Legette,WR,CAR,DET,1,111.79811749432001,3.7611544144680127
2026,4,00-0041067,Bryce Lance,WR,NO,ATL,1,109.92859461213892,3.598571413114241
2026,4,00-0038824,Ryan Miller,WR,MIA,MIN,0,105.67023693605972,3.584354579189217
2026,4,00-0037742,Treylon Burks,WR,WAS,IND,1,104.52775073028238,3.3158889881085183
2026,4,00-0040131,Kyle Williams,WR,NE,BUF,0,110.39597533268422,3.150920884934269
2026,4,00-0035208,Olamide Zaccheaus,WR,ATL,NO,0,95.18013631937683,3.1196089279422208
2026,4,00-0036407,Jerry Jeudy,WR,CLE,PIT,1,93.5702693930542,3.1138829435405677
2026,4,00-0038619,Andrei Iosivas,WR,CIN,JAX,1,98.00519311911717,3.1094201503083108
2026,4,00-0039146,Jayden Reed,WR,GB,TB,0,92.63550795196363,3.108598492089517
2026,4,00-0040948,J. Michael Sturdivant,WR,GB,TB,0,92.63550795196363,2.7538960819085183
2026,4,00-0036259,Jauan Jennings,WR,MIN,MIA,1,87.75397598182408,2.4271793596821833
2026,4,00-0034837,Calvin Ridley,WR,TEN,BAL,0,107.59169100941253,2.413744955180697
2026,4,00-0041529,Kevin Coleman Jr.,WR,MIA,MIN,0,105.67023693605972,2.406613797604062
2026,4,00-0039792,Devontez Walker,WR,BAL,TEN,1,101.30801687763714,2.2180184504513614
2026,4,00-0040563,Efton Chism III,WR,NE,BUF,0,110.39597533268422,1.9980483479402844
2026,5,00-0038543,Jaxon Smith-Njigba,WR,SEA,SF,1,93.72606296656929,17.18364934605519
2026,5,00-0037239,Chris Olave,WR,NO,MIN,1,105.67023693605972,16.69930432366423
2026,5,00-0036963,Amon-Ra St. Brown,WR,DET,ARI,0,110.81142486205776,16.633907231462047
2026,5,00-0036358,CeeDee Lamb,WR,DAL,TB,1,92.63550795196363,15.658700179644573
2026,5,00-0037740,Garrett Wilson,WR,NYJ,CLE,1,106.03375527426161,14.132985402002888
2026,5,00-0036912,DeVonta Smith,WR,PHI,JAX,0,98.00519311911717,13.944991789649048
2026,5,00-0031381,Davante Adams,WR,LA,BUF,1,110.39597533268422,13.865076072453872
2026,5,00-0039064,Zay Flowers,WR,BAL,ATL,0,109.92859461213892,13.653390277199998
2026,5,00-0038559,Michael Wilson,WR,ARI,DET,1,111.79811749432001,13.381662431462587
2026,5,00-0032464,Kalif Raymond,WR,CHI,GB,0,106.13761765660499,13.269463504640484
2026,5,00-0038606,Parker Washington,WR,JAX,PHI,1,106.0856864654333,13.018450003687981
2026,5,00-0038124,Christian Watson,WR,GB,CHI,1,91.80460889321648,12.678122552262954
2026,5,00-0036900,Ja'Marr Chase,WR,CIN,MIA,0,87.75397598182408,12.46257595368494
2026,5,00-0040667,Matthew Golden,WR,GB,CHI,1,91.80460889321648,12.241320401450901
2026,5,00-0036410,Tee Higgins,WR,CIN,MIA,0,87.75397598182408,12.18845964720876
2026,5,00-0037238,Drake London,WR,ATL,BAL,1,107.59169100941253,12.060268815683422
2026,5,00-0040735,Luther Burden III,WR,CHI,GB,0,106.13761765660499,12.04020683880631
2026,5,00-0038997,Josh Downs,WR,IND,PIT,0,93.5702693930542,11.482971537200804
2026,5,00-0036322,Justin Jefferson,WR,MIN,NO,0,95.18013631937683,11.288731036349269
2026,5,00-0037247,George Pickens,WR,DAL,TB,1,92.63550795196363,11.062369316269372
2026,5,00-0040129,Emeka Egbuka,WR,TB,DAL,0,96.1148977604674,11.038319969776524
2026,5,00-0031588,Stefon Diggs,WR,WAS,NYG,1,105.92989289191823,10.78373165924156
2026,5,00-0034827,DJ Moore,WR,BUF,LA,0,97.9324894514768,10.599263835562743
2026,5,00-0039880,Malik Washington,WR,MIA,CIN,1,97.9324894514768,10.557760844542955
2026,5,00-0041438,Carnell Tate,WR,TEN,HOU,1,112.2654982148653,10.17632158077317
2026,5,00-0039424,Devaughn Vele,WR,NO,MIN,1,105.67023693605972,10.029368326056401
2026,5,00-0035659,Terry McLaurin,WR,WAS,NYG,1,105.92989289191823,9.907886182781413
2026,5,00-0039337,Malik Nabers,WR,NYG,WAS,0,122.68289516390783,9.874941020289942
2026,5,00-0036613,Jaylen Waddle,WR,DEN,LAC,0,101.30801687763714,9.671509284434633
2026,5,00-0031408,Mike Evans,WR,SF,SEA,0,87.13080168776371,9.636086036383738
2026,5,00-0039890,Adonai Mitchell,WR,NYJ,CLE,1,106.03375527426161,9.522819708851717
2026,5,00-0035640,DK Metcalf,WR,PIT,IND,1,104.52775073028238,9.416621224911548
2026,5,00-0038117,Wan'Dale Robinson,WR,TEN,HOU,1,112.2654982148653,9.058558798733067
2026,5,00-0039915,Ladd McConkey,WR,LAC,DEN,1,92.73937033430705,8.866071927199929
2026,5,00-0030279,Keenan Allen,WR,IND,PIT,0,93.5702693930542,8.85073328053297
2026,5,00-0041037,Denzel Boston,WR,CLE,NYJ,0,94.92048036351834,8.786161074950106
2026,5,00-0039739,Roman Wilson,WR,PIT,IND,1,104.52775073028238,8.778143330900022
2026,5,00-0041547,KC Concepcion,WR,CLE,NYJ,0,94.92048036351834,8.765139539755898
2026,5,00-0038994,Jordan Addison,WR,MIN,NO,0,95.18013631937683,8.725020123357995
2026,5,00-0033555,Mack Hollins,WR,NE,LV,1,85.4690035702694,8.646462684530265
2026,5,00-0035719,Deebo Samuel Sr.,WR,SF,SEA,0,87.13080168776371,8.629842656644032
2026,5,00-0040727,Tre Harris,WR,LAC,DEN,1,92.73937033430705,8.6215392902039
2026,5,00-0037240,Jameson Williams,WR,DET,ARI,0,110.81142486205776,8.453126318620267
2026,5,00-0038393,Dontayvion Wicks,WR,PHI,JAX,0,98.00519311911717,8.406516566203459
2026,5,00-0039919,Rome Odunze,WR,CHI,GB,0,106.13761765660499,8.395649706344926
2026,5,00-0038618,Xavier Hutchinson,WR,HOU,TEN,0,101.30801687763714,8.102332422332992
2026,5,00-0038563,Tre Tucker,WR,LV,NE,0,101.25608568646545,7.9957501243917966
2026,5,00-0038544,Quentin Johnston,WR,LAC,DEN,1,92.73937033430705,7.60732896908249
2026,5,00-0036550,Rashod Bateman,WR,BAL,ATL,0,109.92859461213892,7.519453132356473
2026,5,00-0034960,Jakobi Meyers,WR,JAX,PHI,1,106.0856864654333,7.505696585585065
2026,5,00-0033307,Kendrick Bourne,WR,ARI,DET,1,111.79811749432001,7.359112173859466
2026,5,00-0041523,Caleb Douglas,WR,MIA,CIN,1,97.9324894514768,7.146283823551623
2026,5,00-0039410,Ryan Flournoy,WR,DAL,TB,1,92.63550795196363,7.07300347639125
2026,5,00-0033921,Chris Godwin Jr.,WR,TB,DAL,0,96.1148977604674,6.981874708360245
2026,5,00-0034348,Courtland Sutton,WR,DEN,LAC,0,101.30801687763714,6.901197267407497
2026,5,00-0041048,Ted Hurst III,WR,TB,DAL,0,96.1148977604674,6.8816590140573375
2026,5,00-0033908,Cooper Kupp,WR,SEA,SF,1,93.72606296656929,6.7428783834181
2026,5,00-0037261,Khalil Shakir,WR,BUF,LA,0,97.9324894514768,6.485508314487306
2026,5,00-0040134,Pat Bryant,WR,DEN,LAC,0,101.30801687763714,6.270500638443874
2026,5,00-0037816,Romeo Doubs,WR,NE,LV,1,85.4690035702694,6.229170881640952
2026,5,00-0040590,Konata Mumpfield,WR,LA,BUF,1,110.39597533268422,6.027792921841467
2026,5,00-0039893,Brian Thomas Jr.,WR,JAX,PHI,1,106.0856864654333,6.008437327420312
2026,5,00-0041525,Chris Bell,WR,MIA,CIN,1,97.9324894514768,5.91979561409336
2026,5,00-0037545,Rashid Shaheed,WR,SEA,SF,1,93.72606296656929,5.863509195263074
2026,5,00-0041042,Malachi Fields,WR,NYG,WAS,0,122.68289516390783,5.84568869130546
2026,5,00-0041040,Antonio Williams,WR,WAS,NYG,1,105.92989289191823,5.801752572515925
2026,5,00-0037741,Jahan Dotson,WR,ATL,BAL,1,107.59169100941253,5.518860622760982
2026,5,00-0039901,Keon Coleman,WR,BUF,LA,0,97.9324894514768,5.470416100119202
2026,5,00-0037664,Alec Pierce,WR,IND,PIT,0,93.5702693930542,5.450321400643885
2026,5,00-0038621,DeMario Douglas,WR,NE,LV,1,85.4690035702694,5.417471007567973
2026,5,00-0040170,Elic Ayomanor,WR,TEN,HOU,1,112.2654982148653,5.3745657773520765
2026,5,00-0040867,Makai Lemon,WR,PHI,JAX,0,98.00519311911717,5.2437496434228015
2026,5,00-0036309,Darnell Mooney,WR,NYG,WAS,0,122.68289516390783,5.111765520414613
2026,5,00-0036252,Michael Pittman,WR,PIT,IND,1,104.52775073028238,5.091119929142975
2026,5,00-0040669,Isaac TeSlaa,WR,DET,ARI,0,110.81142486205776,5.089403655420643
2026,5,00-0041489,Germie Bernard,WR,PIT,IND,1,104.52775073028238,4.937767914381926
2026,5,00-0032398,Chris Moore,WR,BAL,ATL,0,109.92859461213892,4.911377349408539
2026,5,00-0039451,Isaiah Williams,WR,NYJ,CLE,1,106.03375527426161,4.831176096365029
2026,5,00-0032775,Demarcus Robinson,WR,SF,SEA,0,87.13080168776371,4.8125959638275395
2026,5,00-0039849,Marvin Harrison Jr.,WR,ARI,DET,1,111.79811749432001,4.643782442814853
2026,5,00-0040138,Jaylin Noel,WR,HOU,TEN,0,101.30801687763714,4.640511202947565
2026,5,00-0038608,Kayshon Boutte,WR,HOU,TEN,0,101.30801687763714,4.63924691884975
2026,5,00-0037291,Jalen Nailor,WR,LV,NE,0,101.25608568646545,4.6035267823360595
2026,5,00-0038728,Jared Wayne,WR,HOU,TEN,0,101.30801687763714,4.458310217507132
2026,5,00-0040785,Dohnte Meyers,WR,CIN,MIA,0,87.75397598182408,4.065976164932372
2026,5,00-0038090,Skyy Moore,WR,GB,CHI,1,91.80460889321648,4.039173224747691
2026,5,00-0035891,Cody White,WR,LV,NE,0,101.25608568646545,3.9472801656553553
2026,5,00-0032951,Laquon Treadwell,WR,IND,PIT,0,93.5702693930542,3.8936907788682182
2026,5,00-0040729,Jack Bech,WR,LV,NE,0,101.25608568646545,3.891422753590035
2026,5,00-0036988,Josh Palmer,WR,BUF,LA,0,97.9324894514768,3.8298654197013136
2026,5,00-0038824,Ryan Miller,WR,MIA,CIN,1,97.9324894514768,3.773017002460941
2026,5,00-0036626,Dyami Brown,WR,WAS,NYG,1,105.92989289191823,3.6627959477552103
2026,5,00-0040237,Tez Johnson,WR,TB,DAL,0,96.1148977604674,3.62969253123787
2026,5,00-0035208,Olamide Zaccheaus,WR,ATL,BAL,1,107.59169100941253,3.508723812960648
2026,5,00-0041067,Bryce Lance,WR,NO,MIN,1,105.67023693605972,3.446142316422594
2026,5,00-0039146,Jayden Reed,WR,GB,CHI,1,91.80460889321648,3.1822502074191075
2026,5,00-0038619,Andrei Iosivas,WR,CIN,MIA,0,87.75397598182408,3.1540673610697043
2026,5,00-0040131,Kyle Williams,WR,NE,LV,1,85.4690035702694,3.122180583143833
2026,5,00-0037742,Treylon Burks,WR,WAS,NYG,1,105.92989289191823,3.0705621587160907
2026,5,00-0040948,J. Michael Sturdivant,WR,GB,CHI,1,91.80460889321648,2.8538289749324672
2026,5,00-0036407,Jerry Jeudy,WR,CLE,NYJ,0,94.92048036351834,2.8245666584209914
2026,5,00-0041529,Kevin Coleman Jr.,WR,MIA,CIN,1,97.9324894514768,2.4929770914512623
2026,5,00-0039792,Devontez Walker,WR,BAL,ATL,0,109.92859461213892,2.2857539523925574
2026,5,00-0034837,Calvin Ridley,WR,TEN,HOU,1,112.2654982148653,2.272608774572528
2026,5,00-0036259,Jauan Jennings,WR,MIN,NO,0,95.18013631937683,2.080794575394381
2026,5,00-0040563,Efton Chism III,WR,NE,LV,1,85.4690035702694,1.9890608081853396
2026,6,00-0038543,Jaxon Smith-Njigba,WR,SEA,DEN,0,92.73937033430705,16.2343277321847
2026,6,00-0037239,Chris Olave,WR,NO,NYG,0,105.92989289191823,16.169968335517677
2026,6,00-0036358,CeeDee Lamb,WR,DAL,GB,0,106.13761765660499,15.524068667121309
2026,6,00-0031381,Davante Adams,WR,LA,ARI,1,110.81142486205776,13.772306577396128
2026,6,00-0037740,Garrett Wilson,WR,NYJ,NE,0,101.25608568646545,13.160691284288639
2026,6,00-0036912,DeVonta Smith,WR,PHI,CAR,1,86.09217786432977,13.089437216734979
2026,6,00-0032464,Kalif Raymond,WR,CHI,ATL,0,109.92859461213892,13.000487961559324
2026,6,00-0039064,Zay Flowers,WR,BAL,CLE,0,106.03375527426161,12.843469100100585
2026,6,00-0038124,Christian Watson,WR,GB,DAL,1,96.1148977604674,12.81610593387963
2026,6,00-0038559,Michael Wilson,WR,ARI,LA,0,97.9324894514768,12.372132130010392
2026,6,00-0038606,Parker Washington,WR,JAX,HOU,1,112.2654982148653,12.111390527696642
2026,6,00-0040667,Matthew Golden,WR,GB,DAL,1,96.1148977604674,11.826266327439823
2026,6,00-0038997,Josh Downs,WR,IND,TEN,1,101.30801687763714,11.270425328640236
2026,6,00-0037238,Drake London,WR,ATL,CHI,1,91.80460889321648,11.243344556687768
2026,6,00-0040735,Luther Burden III,WR,CHI,ATL,0,109.92859461213892,11.172077445622126
2026,6,00-0039491,Jalen Coker,WR,CAR,PHI,0,106.0856864654333,10.753394228161508
2026,6,00-0037247,George Pickens,WR,DAL,GB,0,106.13761765660499,10.752237491784246
2026,6,00-0040129,Emeka Egbuka,WR,TB,PIT,1,93.5702693930542,10.584948192872275
2026,6,00-0034827,DJ Moore,WR,BUF,LV,0,85.4690035702694,10.186247659901436
2026,6,00-0031588,Stefon Diggs,WR,WAS,SF,0,93.72606296656929,10.045791472881941
2026,6,00-0041438,Carnell Tate,WR,TEN,IND,0,104.52775073028238,9.916540078971451
2026,6,00-0040124,Tetairoa McMillan,WR,CAR,PHI,0,106.0856864654333,9.675113537427748
2026,6,00-0031408,Mike Evans,WR,SF,WAS,1,122.68289516390783,9.515238613705165
2026,6,00-0039067,Rashee Rice,WR,KC,LAC,1,101.30801687763714,9.290034361957652
2026,6,00-0039424,Devaughn Vele,WR,NO,NYG,0,105.92989289191823,9.269434455825886
2026,6,00-0035659,Terry McLaurin,WR,WAS,SF,0,93.72606296656929,9.241994716953098
2026,6,00-0039337,Malik Nabers,WR,NYG,NO,1,95.18013631937683,9.166803667265537
2026,6,00-0036613,Jaylen Waddle,WR,DEN,SEA,1,87.13080168776371,9.139225339450588
2026,6,00-0035719,Deebo Samuel Sr.,WR,SF,WAS,1,122.68289516390783,8.89424505084106
2026,6,00-0041037,Denzel Boston,WR,CLE,BAL,1,107.59169100941253,8.89339119901992
2026,6,00-0041547,KC Concepcion,WR,CLE,BAL,1,107.59169100941253,8.831009054192117
2026,6,00-0030279,Keenan Allen,WR,IND,TEN,1,101.30801687763714,8.798164670318325
2026,6,00-0038117,Wan'Dale Robinson,WR,TEN,IND,0,104.52775073028238,8.655620071465993
2026,6,00-0039890,Adonai Mitchell,WR,NYJ,NE,0,101.25608568646545,8.539753323967144
2026,6,00-0035640,DK Metcalf,WR,PIT,TB,0,92.63550795196363,8.449510829007576
2026,6,00-0038563,Tre Tucker,WR,LV,BUF,1,110.39597533268422,8.307584236539677
2026,6,00-0033555,Mack Hollins,WR,NE,NYJ,1,94.92048036351834,8.251945851599597
2026,6,00-0039915,Ladd McConkey,WR,LAC,KC,0,85.2612788055826,8.231137180047904
2026,6,00-0040727,Tre Harris,WR,LAC,KC,0,85.2612788055826,8.01183080244491
2026,6,00-0039739,Roman Wilson,WR,PIT,TB,0,92.63550795196363,7.993839964307638
2026,6,00-0038393,Dontayvion Wicks,WR,PHI,CAR,1,86.09217786432977,7.862261023546426
2026,6,00-0039919,Rome Odunze,WR,CHI,ATL,0,109.92859461213892,7.861809252759602
2026,6,00-0038618,Xavier Hutchinson,WR,HOU,JAX,0,98.00519311911717,7.561949140781724
2026,6,00-0039894,Xavier Worthy,WR,KC,LAC,1,101.30801687763714,7.185769543554104
2026,6,00-0036550,Rashod Bateman,WR,BAL,CLE,0,106.03375527426161,7.163272737478648
2026,6,00-0034960,Jakobi Meyers,WR,JAX,HOU,1,112.2654982148653,7.133245464864819
2026,6,00-0038544,Quentin Johnston,WR,LAC,KC,0,85.2612788055826,7.070170795261797
2026,6,00-0039410,Ryan Flournoy,WR,DAL,GB,0,106.13761765660499,6.8937753465530065
2026,6,00-0033921,Chris Godwin Jr.,WR,TB,PIT,1,93.5702693930542,6.810485011508017
2026,6,00-0041048,Ted Hurst III,WR,TB,PIT,1,93.5702693930542,6.7679024734529225
2026,6,00-0033307,Kendrick Bourne,WR,ARI,LA,0,97.9324894514768,6.733219503133273
2026,6,00-0037261,Khalil Shakir,WR,BUF,LV,0,85.4690035702694,6.478209689558488
2026,6,00-0033908,Cooper Kupp,WR,SEA,DEN,0,92.73937033430705,6.3966518171874
2026,6,00-0034348,Courtland Sutton,WR,DEN,SEA,1,87.13080168776371,6.380843953161248
2026,6,00-0040134,Pat Bryant,WR,DEN,SEA,1,87.13080168776371,6.170006974817923
2026,6,00-0037816,Romeo Doubs,WR,NE,NYJ,1,94.92048036351834,5.916018307530896
2026,6,00-0039893,Brian Thomas Jr.,WR,JAX,HOU,1,112.2654982148653,5.851410026064679
2026,6,00-0038104,Tyquan Thornton,WR,KC,LAC,1,101.30801687763714,5.815976042228453
2026,6,00-0037545,Rashid Shaheed,WR,SEA,DEN,0,92.73937033430705,5.612398618679809
2026,6,00-0040170,Elic Ayomanor,WR,TEN,IND,0,104.52775073028238,5.605972729845864
2026,6,00-0040590,Konata Mumpfield,WR,LA,ARI,1,110.81142486205776,5.597346764727346
2026,6,00-0041042,Malachi Fields,WR,NYG,NO,1,95.18013631937683,5.535934717327473
2026,6,00-0037664,Alec Pierce,WR,IND,TEN,1,101.30801687763714,5.459355934838252
2026,6,00-0041040,Antonio Williams,WR,WAS,SF,0,93.72606296656929,5.4526199140241545
2026,6,00-0039901,Keon Coleman,WR,BUF,LV,0,85.4690035702694,5.281341221616257
2026,6,00-0038621,DeMario Douglas,WR,NE,NYJ,1,94.92048036351834,5.20376741641296
2026,6,00-0032775,Demarcus Robinson,WR,SF,WAS,1,122.68289516390783,5.114596150637761
2026,6,00-0040867,Makai Lemon,WR,PHI,CAR,1,86.09217786432977,5.096002330176908
2026,6,00-0037741,Jahan Dotson,WR,ATL,CHI,1,91.80460889321648,5.085935013240869
2026,6,00-0037291,Jalen Nailor,WR,LV,BUF,1,110.39597533268422,5.011382008437353
2026,6,00-0036252,Michael Pittman,WR,PIT,TB,0,92.63550795196363,4.717510653622595
2026,6,00-0039451,Isaiah Williams,WR,NYJ,NE,0,101.25608568646545,4.670047495869165
2026,6,00-0036309,Darnell Mooney,WR,NYG,NO,1,95.18013631937683,4.61450716450547
2026,6,00-0038608,Kayshon Boutte,WR,HOU,JAX,0,98.00519311911717,4.544088347475169
2026,6,00-0041489,Germie Bernard,WR,PIT,TB,0,92.63550795196363,4.532922815073968
2026,6,00-0040138,Jaylin Noel,WR,HOU,JAX,0,98.00519311911717,4.526648668867143
2026,6,00-0038728,Jared Wayne,WR,HOU,JAX,0,98.00519311911717,4.457568031341497
2026,6,00-0032398,Chris Moore,WR,BAL,CLE,0,106.03375527426161,4.382152994919132
2026,6,00-0035891,Cody White,WR,LV,BUF,1,110.39597533268422,4.3534294002666325
2026,6,00-0040729,Jack Bech,WR,LV,BUF,1,110.39597533268422,4.216337189669258
2026,6,00-0032951,Laquon Treadwell,WR,IND,TEN,1,101.30801687763714,4.17262648497524
2026,6,00-0039849,Marvin Harrison Jr.,WR,ARI,LA,0,97.9324894514768,4.144663930442118
2026,6,00-0038090,Skyy Moore,WR,GB,DAL,1,96.1148977604674,3.9076449892599854
2026,6,00-0038840,Brycen Tremayne,WR,CAR,PHI,0,106.0856864654333,3.8217142830666004
2026,6,00-0040237,Tez Johnson,WR,TB,PIT,1,93.5702693930542,3.7853185389956336
2026,6,00-0036988,Josh Palmer,WR,BUF,LV,0,85.4690035702694,3.7468917096869623
2026,6,00-0036626,Dyami Brown,WR,WAS,SF,0,93.72606296656929,3.6162441165465817
2026,6,00-0037614,John Metchie III,WR,CAR,PHI,0,106.0856864654333,3.4377715200273156
2026,6,00-0035208,Olamide Zaccheaus,WR,ATL,CHI,1,91.80460889321648,3.391001458687695
2026,6,00-0039342,Xavier Legette,WR,CAR,PHI,0,106.0856864654333,3.2769116961913696
2026,6,00-0041067,Bryce Lance,WR,NO,NYG,0,105.92989289191823,3.2746552913494833
2026,6,00-0036407,Jerry Jeudy,WR,CLE,BAL,1,107.59169100941253,3.219333553066802
2026,6,00-0039146,Jayden Reed,WR,GB,DAL,1,96.1148977604674,3.1921696180728545
2026,6,00-0040131,Kyle Williams,WR,NE,NYJ,1,94.92048036351834,2.927180954694661
2026,6,00-0037742,Treylon Burks,WR,WAS,SF,0,93.72606296656929,2.8492708238000035
2026,6,00-0040948,J. Michael Sturdivant,WR,GB,DAL,1,96.1148977604674,2.771169041044025
2026,6,00-0034837,Calvin Ridley,WR,TEN,IND,0,104.52775073028238,2.3747399620978396
2026,6,00-0039792,Devontez Walker,WR,BAL,CLE,0,106.03375527426161,1.9456512049031947
2026,6,00-0040563,Efton Chism III,WR,NE,NYJ,1,94.92048036351834,1.8657842004246268
2026,7,00-0036963,Amon-Ra St. Brown,WR,DET,GB,1,106.13761765660499,17.088906139209655
2026,7,00-0038543,Jaxon Smith-Njigba,WR,SEA,KC,1,85.2612788055826,16.305958621681064
2026,7,00-0037239,Chris Olave,WR,NO,PIT,1,93.5702693930542,16.08543346923808
2026,7,00-0036358,CeeDee Lamb,WR,DAL,PHI,0,106.0856864654333,15.222793789198057
2026,7,00-0031381,Davante Adams,WR,LA,LV,0,85.4690035702694,13.469549045448803
2026,7,00-0039064,Zay Flowers,WR,BAL,CIN,1,97.9324894514768,13.377459711040615
2026,7,00-0037740,Garrett Wilson,WR,NYJ,MIA,1,87.75397598182408,13.33365449292026
2026,7,00-0036912,DeVonta Smith,WR,PHI,DAL,1,96.1148977604674,12.979972948517066
2026,7,00-0038124,Christian Watson,WR,GB,DET,0,111.79811749432001,12.793226055985386
2026,7,00-0032464,Kalif Raymond,WR,CHI,NE,1,101.25608568646545,12.778828479403684
2026,7,00-0038559,Michael Wilson,WR,ARI,DEN,1,92.73937033430705,12.336700556770392
2026,7,00-0036900,Ja'Marr Chase,WR,CIN,BAL,0,107.59169100941253,12.193321216037841
2026,7,00-0040667,Matthew Golden,WR,GB,DET,0,111.79811749432001,11.934005896601967
2026,7,00-0036410,Tee Higgins,WR,CIN,BAL,0,107.59169100941253,11.884488516639145
2026,7,00-0036322,Justin Jefferson,WR,MIN,IND,1,104.52775073028238,11.763589762817235
2026,7,00-0037238,Drake London,WR,ATL,SF,1,93.72606296656929,11.450508653113332
2026,7,00-0040735,Luther Burden III,WR,CHI,NE,1,101.25608568646545,10.998651778493462
2026,7,00-0039491,Jalen Coker,WR,CAR,TB,1,92.63550795196363,10.904586648876267
2026,7,00-0038997,Josh Downs,WR,IND,MIN,0,105.67023693605972,10.868379740657097
2026,7,00-0037247,George Pickens,WR,DAL,PHI,0,106.0856864654333,10.219603766843093
2026,7,00-0040129,Emeka Egbuka,WR,TB,CAR,0,86.09217786432977,9.984031164625046
2026,7,00-0039880,Malik Washington,WR,MIA,NYJ,0,94.92048036351834,9.888675043438866
2026,7,00-0040124,Tetairoa McMillan,WR,CAR,TB,1,92.63550795196363,9.644647200854997
2026,7,00-0041438,Carnell Tate,WR,TEN,CLE,1,106.03375527426161,9.362908629095466
2026,7,00-0039424,Devaughn Vele,WR,NO,PIT,1,93.5702693930542,9.277100882480422
2026,7,00-0031408,Mike Evans,WR,SF,ATL,0,109.92859461213892,8.975275475023796
2026,7,00-0038994,Jordan Addison,WR,MIN,IND,1,104.52775073028238,8.890466510683591
2026,7,00-0036613,Jaylen Waddle,WR,DEN,ARI,0,110.81142486205776,8.817644461057778
2026,7,00-0039337,Malik Nabers,WR,NYG,HOU,0,112.2654982148653,8.799578466002389
2026,7,00-0039067,Rashee Rice,WR,KC,SEA,0,87.13080168776371,8.751355111241303
2026,7,00-0041547,KC Concepcion,WR,CLE,TEN,0,101.30801687763714,8.658439649939943
2026,7,00-0035719,Deebo Samuel Sr.,WR,SF,ATL,0,109.92859461213892,8.638560379462291
2026,7,00-0039890,Adonai Mitchell,WR,NYJ,MIA,1,87.75397598182408,8.5567500737397
2026,7,00-0030279,Keenan Allen,WR,IND,MIN,0,105.67023693605972,8.265300749250791
2026,7,00-0038117,Wan'Dale Robinson,WR,TEN,CLE,1,106.03375527426161,8.260897419460324
2026,7,00-0037240,Jameson Williams,WR,DET,GB,1,106.13761765660499,8.256698387182045
2026,7,00-0035640,DK Metcalf,WR,PIT,NO,0,95.18013631937683,8.189856753894286
2026,7,00-0041037,Denzel Boston,WR,CLE,TEN,0,101.30801687763714,8.187527691748624
2026,7,00-0033555,Mack Hollins,WR,NE,CHI,0,91.80460889321648,7.911862714268357
2026,7,00-0038563,Tre Tucker,WR,LV,LA,1,97.9324894514768,7.8994806280737055
2026,7,00-0038393,Dontayvion Wicks,WR,PHI,DAL,1,96.1148977604674,7.795978068726581
2026,7,00-0039739,Roman Wilson,WR,PIT,NO,0,95.18013631937683,7.7579079856235635
2026,7,00-0039919,Rome Odunze,WR,CHI,NE,1,101.25608568646545,7.646157787418457
2026,7,00-0036550,Rashod Bateman,WR,BAL,CIN,1,97.9324894514768,7.499111944616674
2026,7,00-0038618,Xavier Hutchinson,WR,HOU,NYG,1,105.92989289191823,7.47735345007802
2026,7,00-0033307,Kendrick Bourne,WR,ARI,DEN,1,92.73937033430705,6.925869914416934
2026,7,00-0039894,Xavier Worthy,WR,KC,SEA,0,87.13080168776371,6.7302613110093255
2026,7,00-0041523,Caleb Douglas,WR,MIA,NYJ,0,94.92048036351834,6.71568715809771
2026,7,00-0039410,Ryan Flournoy,WR,DAL,PHI,0,106.0856864654333,6.6930850728178815
2026,7,00-0033921,Chris Godwin Jr.,WR,TB,CAR,0,86.09217786432977,6.635592822824982
2026,7,00-0041048,Ted Hurst III,WR,TB,CAR,0,86.09217786432977,6.480027279983548
2026,7,00-0033908,Cooper Kupp,WR,SEA,KC,1,85.2612788055826,6.46386962564133
2026,7,00-0034348,Courtland Sutton,WR,DEN,ARI,0,110.81142486205776,6.307308191987206
2026,7,00-0040134,Pat Bryant,WR,DEN,ARI,0,110.81142486205776,6.041022261514534
2026,7,00-0037816,Romeo Doubs,WR,NE,CHI,0,91.80460889321648,5.77775784365735
2026,7,00-0037545,Rashid Shaheed,WR,SEA,KC,1,85.2612788055826,5.699197540475586
2026,7,00-0038104,Tyquan Thornton,WR,KC,SEA,0,87.13080168776371,5.434323881137431
2026,7,00-0041042,Malachi Fields,WR,NYG,HOU,0,112.2654982148653,5.415257328383725
2026,7,00-0040170,Elic Ayomanor,WR,TEN,CLE,1,106.03375527426161,5.3748664503297405
2026,7,00-0041525,Chris Bell,WR,MIA,NYJ,0,94.92048036351834,5.361133525363345
2026,7,00-0040590,Konata Mumpfield,WR,LA,LV,0,85.4690035702694,5.324515563621263
2026,7,00-0037664,Alec Pierce,WR,IND,MIN,0,105.67023693605972,5.213940695827924
2026,7,00-0040669,Isaac TeSlaa,WR,DET,GB,1,106.13761765660499,5.208767220701562
2026,7,00-0037741,Jahan Dotson,WR,ATL,SF,1,93.72606296656929,5.095019453020528
2026,7,00-0040867,Makai Lemon,WR,PHI,DAL,1,96.1148977604674,5.082617988744642
2026,7,00-0038621,DeMario Douglas,WR,NE,CHI,0,91.80460889321648,5.061876843345772
2026,7,00-0032775,Demarcus Robinson,WR,SF,ATL,0,109.92859461213892,4.914940135665119
2026,7,00-0039451,Isaiah Williams,WR,NYJ,MIA,1,87.75397598182408,4.89013597995382
2026,7,00-0037291,Jalen Nailor,WR,LV,LA,1,97.9324894514768,4.813874730870808
2026,7,00-0040138,Jaylin Noel,WR,HOU,NYG,1,105.92989289191823,4.591607198879101
2026,7,00-0032398,Chris Moore,WR,BAL,CIN,1,97.9324894514768,4.553108961907373
2026,7,00-0036252,Michael Pittman,WR,PIT,NO,0,95.18013631937683,4.5463009854289185
2026,7,00-0038608,Kayshon Boutte,WR,HOU,NYG,1,105.92989289191823,4.519435796801896
2026,7,00-0036309,Darnell Mooney,WR,NYG,HOU,0,112.2654982148653,4.448747702611726
2026,7,00-0038728,Jared Wayne,WR,HOU,NYG,1,105.92989289191823,4.389878118677279
2026,7,00-0041489,Germie Bernard,WR,PIT,NO,0,95.18013631937683,4.361713146880293
2026,7,00-0039849,Marvin Harrison Jr.,WR,ARI,DEN,1,92.73937033430705,4.270244537018934
2026,7,00-0035891,Cody White,WR,LV,LA,1,97.9324894514768,4.091889631439564
2026,7,00-0040729,Jack Bech,WR,LV,LA,1,97.9324894514768,3.9981652216187253
2026,7,00-0040785,Dohnte Meyers,WR,CIN,BAL,0,107.59169100941253,3.9504691205302374
2026,7,00-0038090,Skyy Moore,WR,GB,DET,0,111.79811749432001,3.9118943798992505
2026,7,00-0038840,Brycen Tremayne,WR,CAR,TB,1,92.63550795196363,3.8902022980200703
2026,7,00-0032951,Laquon Treadwell,WR,IND,MIN,0,105.67023693605972,3.8730378963909597
2026,7,00-0037614,John Metchie III,WR,CAR,TB,1,92.63550795196363,3.595679159256597
2026,7,00-0040237,Tez Johnson,WR,TB,CAR,0,86.09217786432977,3.511344101908602
2026,7,00-0041067,Bryce Lance,WR,NO,PIT,1,93.5702693930542,3.4291020931630367
2026,7,00-0039342,Xavier Legette,WR,CAR,TB,1,92.63550795196363,3.3482498752719545
2026,7,00-0035208,Olamide Zaccheaus,WR,ATL,SF,1,93.72606296656929,3.337951245938487
2026,7,00-0038824,Ryan Miller,WR,MIA,NYJ,0,94.92048036351834,3.2922925359771806
2026,7,00-0039146,Jayden Reed,WR,GB,DET,0,111.79811749432001,3.2363943624226117
2026,7,00-0038619,Andrei Iosivas,WR,CIN,BAL,0,107.59169100941253,3.1718271366556214
2026,7,00-0036407,Jerry Jeudy,WR,CLE,TEN,0,101.30801687763714,2.966628638787708
2026,7,00-0040948,J. Michael Sturdivant,WR,GB,DET,0,111.79811749432001,2.809564581262753
2026,7,00-0040131,Kyle Williams,WR,NE,CHI,0,91.80460889321648,2.800321711283811
2026,7,00-0036259,Jauan Jennings,WR,MIN,IND,1,104.52775073028238,2.5438948382304196
2026,7,00-0041529,Kevin Coleman Jr.,WR,MIA,NYJ,0,94.92048036351834,2.1606834740077496
2026,7,00-0034837,Calvin Ridley,WR,TEN,CLE,1,106.03375527426161,2.145840301687212
2026,7,00-0039792,Devontez Walker,WR,BAL,CIN,1,97.9324894514768,2.0664507728497474
2026,7,00-0040563,Efton Chism III,WR,NE,CHI,0,91.80460889321648,1.738924957013777
2026,8,00-0036963,Amon-Ra St. Brown,WR,DET,MIN,1,105.67023693605972,17.159959536858565
2026,8,00-0038543,Jaxon Smith-Njigba,WR,SEA,CHI,1,91.80460889321648,16.184514262872042
2026,8,00-0036358,CeeDee Lamb,WR,DAL,ARI,1,110.81142486205776,15.087966534702694
2026,8,00-0031381,Davante Adams,WR,LA,LAC,1,101.30801687763714,13.692945333549531
2026,8,00-0037740,Garrett Wilson,WR,NYJ,LV,1,85.4690035702694,13.145974968239758
2026,8,00-0039064,Zay Flowers,WR,BAL,BUF,0,110.39597533268422,12.914666017382636
2026,8,00-0036912,DeVonta Smith,WR,PHI,WAS,0,122.68289516390783,12.790788366924602
2026,8,00-0038124,Christian Watson,WR,GB,CAR,1,86.09217786432977,12.758264557785875
2026,8,00-0038606,Parker Washington,WR,JAX,IND,1,104.52775073028238,12.619536247975322
2026,8,00-0032464,Kalif Raymond,WR,CHI,SEA,0,87.13080168776371,12.486845386397409
2026,8,00-0036900,Ja'Marr Chase,WR,CIN,TEN,1,101.30801687763714,12.330104125810553
2026,8,00-0038559,Michael Wilson,WR,ARI,DAL,0,96.1148977604674,12.172252951967211
2026,8,00-0040667,Matthew Golden,WR,GB,CAR,1,86.09217786432977,11.742727495040267
2026,8,00-0036410,Tee Higgins,WR,CIN,TEN,1,101.30801687763714,11.594552600376195
2026,8,00-0038997,Josh Downs,WR,IND,JAX,0,98.00519311911717,11.335939043755063
2026,8,00-0037238,Drake London,WR,ATL,TB,0,92.63550795196363,11.304381856932164
2026,8,00-0036322,Justin Jefferson,WR,MIN,DET,0,111.79811749432001,11.080574231063155
2026,8,00-0039491,Jalen Coker,WR,CAR,GB,0,106.13761765660499,10.891108189829843
2026,8,00-0040735,Luther Burden III,WR,CHI,SEA,0,87.13080168776371,10.743385094065186
2026,8,00-0034827,DJ Moore,WR,BUF,BAL,1,107.59169100941253,10.703858050961198
2026,8,00-0037247,George Pickens,WR,DAL,ARI,1,110.81142486205776,10.330501987334088
2026,8,00-0039880,Malik Washington,WR,MIA,NE,1,101.25608568646545,10.013012320994239
2026,8,00-0040129,Emeka Egbuka,WR,TB,ATL,1,109.92859461213892,9.957141100954939
2026,8,00-0031588,Stefon Diggs,WR,WAS,PHI,1,106.0856864654333,9.925274285392318
2026,8,00-0040124,Tetairoa McMillan,WR,CAR,GB,0,106.13761765660499,9.594558263496651
2026,8,00-0041438,Carnell Tate,WR,TEN,CIN,0,97.9324894514768,9.330148590698997
2026,8,00-0035659,Terry McLaurin,WR,WAS,PHI,1,106.0856864654333,9.226147432432159
2026,8,00-0036613,Jaylen Waddle,WR,DEN,KC,1,85.2612788055826,9.195748256279833
2026,8,00-0039067,Rashee Rice,WR,KC,DEN,0,92.73937033430705,8.901136559092247
2026,8,00-0039890,Adonai Mitchell,WR,NYJ,LV,1,85.4690035702694,8.546391871378574
2026,8,00-0041547,KC Concepcion,WR,CLE,PIT,0,93.5702693930542,8.460184738779615
2026,8,00-0035640,DK Metcalf,WR,PIT,CLE,1,106.03375527426161,8.406816862162541
2026,8,00-0038994,Jordan Addison,WR,MIN,DET,0,111.79811749432001,8.388121815901997
2026,8,00-0030279,Keenan Allen,WR,IND,JAX,0,98.00519311911717,8.353124276698223
2026,8,00-0038117,Wan'Dale Robinson,WR,TEN,CIN,0,97.9324894514768,8.21028102027833
2026,8,00-0037240,Jameson Williams,WR,DET,MIN,1,105.67023693605972,8.120300095003923
2026,8,00-0039739,Roman Wilson,WR,PIT,CLE,1,106.03375527426161,8.1162848197396
2026,8,00-0041037,Denzel Boston,WR,CLE,PIT,0,93.5702693930542,8.1073478782531
2026,8,00-0039915,Ladd McConkey,WR,LAC,LA,0,97.9324894514768,7.916918596435597
2026,8,00-0033555,Mack Hollins,WR,NE,MIA,0,87.75397598182408,7.9036131673084355
2026,8,00-0040727,Tre Harris,WR,LAC,LA,0,97.9324894514768,7.875428710659527
2026,8,00-0038393,Dontayvion Wicks,WR,PHI,WAS,0,122.68289516390783,7.730299212706376
2026,8,00-0038563,Tre Tucker,WR,LV,NYJ,0,94.92048036351834,7.52437146104891
2026,8,00-0036550,Rashod Bateman,WR,BAL,BUF,0,110.39597533268422,7.414041735557857
2026,8,00-0039919,Rome Odunze,WR,CHI,SEA,0,87.13080168776371,7.386555242784851
2026,8,00-0034960,Jakobi Meyers,WR,JAX,IND,1,104.52775073028238,7.266984747277931
2026,8,00-0038544,Quentin Johnston,WR,LAC,LA,0,97.9324894514768,6.927217847327801
2026,8,00-0039894,Xavier Worthy,WR,KC,DEN,0,92.73937033430705,6.843326350282272
2026,8,00-0037261,Khalil Shakir,WR,BUF,BAL,1,107.59169100941253,6.837631551224504
2026,8,00-0041523,Caleb Douglas,WR,MIA,NE,1,101.25608568646545,6.806237795875998
2026,8,00-0041048,Ted Hurst III,WR,TB,ATL,1,109.92859461213892,6.752809195979433
2026,8,00-0033921,Chris Godwin Jr.,WR,TB,ATL,1,109.92859461213892,6.7305280285943985
2026,8,00-0033307,Kendrick Bourne,WR,ARI,DAL,0,96.1148977604674,6.685018027266839
2026,8,00-0039410,Ryan Flournoy,WR,DAL,ARI,1,110.81142486205776,6.623604281769595
2026,8,00-0033908,Cooper Kupp,WR,SEA,CHI,1,91.80460889321648,6.484446787449666
2026,8,00-0034348,Courtland Sutton,WR,DEN,KC,1,85.2612788055826,6.367555187800232
2026,8,00-0040134,Pat Bryant,WR,DEN,KC,1,85.2612788055826,6.25982862463291
2026,8,00-0039893,Brian Thomas Jr.,WR,JAX,IND,1,104.52775073028238,6.189932544539709
2026,8,00-0037816,Romeo Doubs,WR,NE,MIA,0,87.75397598182408,5.769508296697428
2026,8,00-0037545,Rashid Shaheed,WR,SEA,CHI,1,91.80460889321648,5.685961941109344
2026,8,00-0041040,Antonio Williams,WR,WAS,PHI,1,106.0856864654333,5.625566023797308
2026,8,00-0038104,Tyquan Thornton,WR,KC,DEN,0,92.73937033430705,5.547388920410378
2026,8,00-0040590,Konata Mumpfield,WR,LA,LAC,1,101.30801687763714,5.517617398732403
2026,8,00-0039901,Keon Coleman,WR,BUF,BAL,1,107.59169100941253,5.50157141700831
2026,8,00-0041525,Chris Bell,WR,MIA,NE,1,101.25608568646545,5.485470802918719
2026,8,00-0037664,Alec Pierce,WR,IND,JAX,0,98.00519311911717,5.332939412267945
2026,8,00-0040170,Elic Ayomanor,WR,TEN,CIN,0,97.9324894514768,5.250023668097434
2026,8,00-0040669,Isaac TeSlaa,WR,DET,MIN,1,105.67023693605972,5.163928928478088
2026,8,00-0038621,DeMario Douglas,WR,NE,MIA,0,87.75397598182408,5.053627296385851
2026,8,00-0037741,Jahan Dotson,WR,ATL,TB,0,92.63550795196363,4.895157405410524
2026,8,00-0040867,Makai Lemon,WR,PHI,WAS,0,122.68289516390783,4.892737396071812
2026,8,00-0039451,Isaiah Williams,WR,NYJ,LV,1,85.4690035702694,4.793397488193153
2026,8,00-0036252,Michael Pittman,WR,PIT,CLE,1,106.03375527426161,4.674157530921538
2026,8,00-0032398,Chris Moore,WR,BAL,BUF,0,110.39597533268422,4.655577515156995
2026,8,00-0037291,Jalen Nailor,WR,LV,NYJ,0,94.92048036351834,4.524337746445148
2026,8,00-0041489,Germie Bernard,WR,PIT,CLE,1,106.03375527426161,4.502896673727911
2026,8,00-0036988,Josh Palmer,WR,BUF,BAL,1,107.59169100941253,4.231268496248942
2026,8,00-0039849,Marvin Harrison Jr.,WR,ARI,DAL,0,96.1148977604674,4.099693705144105
2026,8,00-0040785,Dohnte Meyers,WR,CIN,TEN,1,101.30801687763714,4.071845064756997
2026,8,00-0032951,Laquon Treadwell,WR,IND,JAX,0,98.00519311911717,3.988492864380826
2026,8,00-0038840,Brycen Tremayne,WR,CAR,GB,0,106.13761765660499,3.864930740151775
2026,8,00-0035891,Cody White,WR,LV,NYJ,0,94.92048036351834,3.836356859187953
2026,8,00-0040237,Tez Johnson,WR,TB,ATL,1,109.92859461213892,3.804212757488086
2026,8,00-0040729,Jack Bech,WR,LV,NYJ,0,94.92048036351834,3.770836390472798
2026,8,00-0038090,Skyy Moore,WR,GB,CAR,1,86.09217786432977,3.717905349182111
2026,8,00-0036626,Dyami Brown,WR,WAS,PHI,1,106.0856864654333,3.716511379479563
2026,8,00-0038824,Ryan Miller,WR,MIA,NE,1,101.25608568646545,3.4219457089337384
2026,8,00-0037614,John Metchie III,WR,CAR,GB,0,106.13761765660499,3.4130536544550285
2026,8,00-0039342,Xavier Legette,WR,CAR,GB,0,106.13761765660499,3.3175338664965945
2026,8,00-0035208,Olamide Zaccheaus,WR,ATL,TB,0,92.63550795196363,3.1531205279848207
2026,8,00-0038619,Andrei Iosivas,WR,CIN,TEN,1,101.30801687763714,3.1154917117477217
2026,8,00-0039146,Jayden Reed,WR,GB,CAR,1,86.09217786432977,3.024680822532013
2026,8,00-0037742,Treylon Burks,WR,WAS,PHI,1,106.0856864654333,2.9569695778583913
2026,8,00-0036407,Jerry Jeudy,WR,CLE,PIT,0,93.5702693930542,2.836945606494697
2026,8,00-0040131,Kyle Williams,WR,NE,MIA,0,87.75397598182408,2.7920721643238897
2026,8,00-0040948,J. Michael Sturdivant,WR,GB,CAR,1,86.09217786432977,2.68235883366303
2026,8,00-0036259,Jauan Jennings,WR,MIN,DET,0,111.79811749432001,2.3229133668928963
2026,8,00-0041529,Kevin Coleman Jr.,WR,MIA,NE,1,101.25608568646545,2.284263793914289
2026,8,00-0039792,Devontez Walker,WR,BAL,BUF,0,110.39597533268422,2.148335022299318
2026,8,00-0034837,Calvin Ridley,WR,TEN,CIN,0,97.9324894514768,2.049640566263431
2026,8,00-0040563,Efton Chism III,WR,NE,MIA,0,87.75397598182408,1.730675410053856
2026,9,00-0038543,Jaxon Smith-Njigba,WR,SEA,ARI,1,110.81142486205776,16.90851033244651
2026,9,00-0036963,Amon-Ra St. Brown,WR,DET,MIA,0,87.75397598182408,16.854329772852086
2026,9,00-0037239,Chris Olave,WR,NO,CLE,1,106.03375527426161,16.29834344271953
2026,9,00-0036358,CeeDee Lamb,WR,DAL,IND,0,104.52775073028238,15.215607883615792
2026,9,00-0039064,Zay Flowers,WR,BAL,JAX,1,98.00519311911717,13.423451433013126
2026,9,00-0036912,DeVonta Smith,WR,PHI,NYG,1,105.92989289191823,12.843294233877891
2026,9,00-0032464,Kalif Raymond,WR,CHI,TB,1,92.63550795196363,12.83721478271025
2026,9,00-0031381,Davante Adams,WR,LA,WAS,0,122.68289516390783,12.781219813811656
2026,9,00-0037740,Garrett Wilson,WR,NYJ,KC,0,85.2612788055826,12.745534639640983
2026,9,00-0038124,Christian Watson,WR,GB,NE,0,101.25608568646545,12.00538249275867
2026,9,00-0036900,Ja'Marr Chase,WR,CIN,ATL,0,109.92859461213892,11.998095005162842
2026,9,00-0038559,Michael Wilson,WR,ARI,SEA,0,87.13080168776371,11.790733546215574
2026,9,00-0036410,Tee Higgins,WR,CIN,ATL,0,109.92859461213892,11.72993457621965
2026,9,00-0038606,Parker Washington,WR,JAX,BAL,0,107.59169100941253,11.593359834731316
2026,9,00-0037238,Drake London,WR,ATL,CIN,1,97.9324894514768,11.491795890885626
2026,9,00-0040667,Matthew Golden,WR,GB,NE,0,101.25608568646545,11.192685721680611
2026,9,00-0036322,Justin Jefferson,WR,MIN,BUF,1,110.39597533268422,11.184507832595706
2026,9,00-0040735,Luther Burden III,WR,CHI,TB,1,92.63550795196363,10.906775044820762
2026,9,00-0038997,Josh Downs,WR,IND,DAL,1,96.1148977604674,10.790738380961479
2026,9,00-0037247,George Pickens,WR,DAL,IND,0,104.52775073028238,10.465415215573168
2026,9,00-0039491,Jalen Coker,WR,CAR,DEN,1,92.73937033430705,10.358340068939718
2026,9,00-0039880,Malik Washington,WR,MIA,DET,1,111.79811749432001,10.145471799111155
2026,9,00-0034827,DJ Moore,WR,BUF,MIN,0,105.67023693605972,9.997340365562053
2026,9,00-0040129,Emeka Egbuka,WR,TB,CHI,0,91.80460889321648,9.856768128340658
2026,9,00-0031588,Stefon Diggs,WR,WAS,LA,1,97.9324894514768,9.701173513423553
2026,9,00-0040124,Tetairoa McMillan,WR,CAR,DEN,1,92.73937033430705,9.355912199971002
2026,9,00-0035659,Terry McLaurin,WR,WAS,LA,1,97.9324894514768,9.217024163766986
2026,9,00-0039337,Malik Nabers,WR,NYG,PHI,0,106.0856864654333,8.903282977605173
2026,9,00-0039424,Devaughn Vele,WR,NO,CLE,1,106.03375527426161,8.775955451384617
2026,9,00-0039067,Rashee Rice,WR,KC,NYJ,1,94.92048036351834,8.756165422042397
2026,9,00-0031408,Mike Evans,WR,SF,LV,1,85.4690035702694,8.709974645956363
2026,9,00-0036613,Jaylen Waddle,WR,DEN,CAR,0,86.09217786432977,8.630206283983236
2026,9,00-0038994,Jordan Addison,WR,MIN,BUF,1,110.39597533268422,8.60584573768212
2026,9,00-0039890,Adonai Mitchell,WR,NYJ,KC,0,85.2612788055826,8.326201818295996
2026,9,00-0041547,KC Concepcion,WR,CLE,NO,0,95.18013631937683,8.22629394177017
2026,9,00-0035719,Deebo Samuel Sr.,WR,SF,LV,1,85.4690035702694,8.10033736504328
2026,9,00-0030279,Keenan Allen,WR,IND,DAL,1,96.1148977604674,7.968633614860694
2026,9,00-0033555,Mack Hollins,WR,NE,GB,1,106.13761765660499,7.916760010426231
2026,9,00-0039915,Ladd McConkey,WR,LAC,HOU,1,112.2654982148653,7.891413205732453
2026,9,00-0037240,Jameson Williams,WR,DET,MIA,0,87.75397598182408,7.788212565185287
2026,9,00-0040727,Tre Harris,WR,LAC,HOU,1,112.2654982148653,7.734710826147774
2026,9,00-0041037,Denzel Boston,WR,CLE,NO,0,95.18013631937683,7.685616396196574
2026,9,00-0039919,Rome Odunze,WR,CHI,TB,1,92.63550795196363,7.553652385220446
2026,9,00-0038393,Dontayvion Wicks,WR,PHI,NYG,1,105.92989289191823,7.44458601773429
2026,9,00-0038563,Tre Tucker,WR,LV,SF,0,93.72606296656929,7.369383874940431
2026,9,00-0036550,Rashod Bateman,WR,BAL,JAX,1,98.00519311911717,7.346180195915737
2026,9,00-0041523,Caleb Douglas,WR,MIA,DET,1,111.79811749432001,7.178656110913778
2026,9,00-0038618,Xavier Hutchinson,WR,HOU,LAC,0,101.30801687763714,7.158271610171081
2026,9,00-0034960,Jakobi Meyers,WR,JAX,BAL,0,107.59169100941253,6.900152859205175
2026,9,00-0039894,Xavier Worthy,WR,KC,NYJ,1,94.92048036351834,6.69882941178647
2026,9,00-0039410,Ryan Flournoy,WR,DAL,IND,0,104.52775073028238,6.573294350012123
2026,9,00-0038544,Quentin Johnston,WR,LAC,HOU,1,112.2654982148653,6.451846511572491
2026,9,00-0033307,Kendrick Bourne,WR,ARI,SEA,0,87.13080168776371,6.434942317827623
2026,9,00-0033921,Chris Godwin Jr.,WR,TB,CHI,0,91.80460889321648,6.424333276457016
2026,9,00-0041048,Ted Hurst III,WR,TB,CHI,0,91.80460889321648,6.369215525156841
2026,9,00-0037261,Khalil Shakir,WR,BUF,MIN,0,105.67023693605972,6.356661724060889
2026,9,00-0033908,Cooper Kupp,WR,SEA,ARI,1,110.81142486205776,6.336971899838075
2026,9,00-0034348,Courtland Sutton,WR,DEN,CAR,0,86.09217786432977,5.95384566839342
2026,9,00-0040134,Pat Bryant,WR,DEN,CAR,0,86.09217786432977,5.922958004756383
2026,9,00-0037816,Romeo Doubs,WR,NE,GB,1,106.13761765660499,5.900239374338879
2026,9,00-0039893,Brian Thomas Jr.,WR,JAX,BAL,0,107.59169100941253,5.869966640882999
2026,9,00-0037545,Rashid Shaheed,WR,SEA,ARI,1,110.81142486205776,5.672416978212265
2026,9,00-0041525,Chris Bell,WR,MIA,DET,1,111.79811749432001,5.61536710642728
2026,9,00-0041040,Antonio Williams,WR,WAS,LA,1,97.9324894514768,5.435168117641783
2026,9,00-0038104,Tyquan Thornton,WR,KC,NYJ,1,94.92048036351834,5.408749619498969
2026,9,00-0041042,Malachi Fields,WR,NYG,PHI,0,106.0856864654333,5.400081128053967
2026,9,00-0037664,Alec Pierce,WR,IND,DAL,1,96.1148977604674,5.282615339671185
2026,9,00-0040590,Konata Mumpfield,WR,LA,WAS,0,122.68289516390783,5.194809248061869
2026,9,00-0039901,Keon Coleman,WR,BUF,MIN,0,105.67023693605972,5.180135884927966
2026,9,00-0038621,DeMario Douglas,WR,NE,GB,1,106.13761765660499,5.09110056953973
2026,9,00-0040867,Makai Lemon,WR,PHI,NYG,1,105.92989289191823,5.089094702028454
2026,9,00-0037741,Jahan Dotson,WR,ATL,CIN,1,97.9324894514768,5.004836071599211
2026,9,00-0032775,Demarcus Robinson,WR,SF,LV,1,85.4690035702694,4.878881573950026
2026,9,00-0040669,Isaac TeSlaa,WR,DET,MIA,0,87.75397598182408,4.782557852289395
2026,9,00-0039451,Isaiah Williams,WR,NYJ,KC,0,85.2612788055826,4.545651754239453
2026,9,00-0037291,Jalen Nailor,WR,LV,SF,0,93.72606296656929,4.461246581783415
2026,9,00-0032398,Chris Moore,WR,BAL,JAX,1,98.00519311911717,4.453295173892538
2026,9,00-0036309,Darnell Mooney,WR,NYG,PHI,0,106.0856864654333,4.4024747350313
2026,9,00-0038608,Kayshon Boutte,WR,HOU,LAC,0,101.30801687763714,4.2951634303971264
2026,9,00-0040138,Jaylin Noel,WR,HOU,LAC,0,101.30801687763714,4.253877378705331
2026,9,00-0038728,Jared Wayne,WR,HOU,LAC,0,101.30801687763714,4.1361059471191925
2026,9,00-0036988,Josh Palmer,WR,BUF,MIN,0,105.67023693605972,3.960116725812118
2026,9,00-0035891,Cody White,WR,LV,SF,0,93.72606296656929,3.8491037958112493
2026,9,00-0032951,Laquon Treadwell,WR,IND,DAL,1,96.1148977604674,3.8390460297140923
2026,9,00-0040729,Jack Bech,WR,LV,SF,0,93.72606296656929,3.814467651867293
2026,9,00-0040785,Dohnte Meyers,WR,CIN,ATL,0,109.92859461213892,3.796699598322511
2026,9,00-0039849,Marvin Harrison Jr.,WR,ARI,SEA,0,87.13080168776371,3.794315496129566
2026,9,00-0038840,Brycen Tremayne,WR,CAR,DEN,1,92.73937033430705,3.6939024843565473
2026,9,00-0036626,Dyami Brown,WR,WAS,LA,1,97.9324894514768,3.64514251251083
2026,9,00-0038824,Ryan Miller,WR,MIA,DET,1,111.79811749432001,3.5885562595397724
2026,9,00-0040237,Tez Johnson,WR,TB,CHI,0,91.80460889321648,3.5874193159064474
2026,9,00-0037614,John Metchie III,WR,CAR,DEN,1,92.73937033430705,3.3993793455930734
2026,9,00-0038090,Skyy Moore,WR,GB,NE,0,101.25608568646545,3.340507784570499
2026,9,00-0039342,Xavier Legette,WR,CAR,DEN,1,92.73937033430705,3.2972660275788765
2026,9,00-0041067,Bryce Lance,WR,NO,CLE,1,106.03375527426161,3.211561546427805
2026,9,00-0035208,Olamide Zaccheaus,WR,ATL,CIN,1,97.9324894514768,3.1477227803158323
2026,9,00-0038619,Andrei Iosivas,WR,CIN,ATL,0,109.92859461213892,3.143343285342179
2026,9,00-0040131,Kyle Williams,WR,NE,GB,1,106.13761765660499,2.9098437563411665
2026,9,00-0039146,Jayden Reed,WR,GB,NE,0,101.25608568646545,2.809810979647176
2026,9,00-0037742,Treylon Burks,WR,WAS,LA,1,97.9324894514768,2.7296753409823746
2026,9,00-0036407,Jerry Jeudy,WR,CLE,NO,0,95.18013631937683,2.6168512185491615
2026,9,00-0036259,Jauan Jennings,WR,MIN,BUF,1,110.39597533268422,2.442665692293566
2026,9,00-0041529,Kevin Coleman Jr.,WR,MIA,DET,1,111.79811749432001,2.379816555189973
2026,9,00-0040948,J. Michael Sturdivant,WR,GB,NE,0,101.25608568646545,2.2736009410812144
2026,9,00-0039792,Devontez Walker,WR,BAL,JAX,1,98.00519311911717,2.0410963685728296
2026,9,00-0040563,Efton Chism III,WR,NE,GB,1,106.13761765660499,1.8311842737276405
2026,10,00-0036963,Amon-Ra St. Brown,WR,DET,NE,1,101.25608568646545,16.498486948442206
2026,10,00-0038543,Jaxon Smith-Njigba,WR,SEA,LV,0,85.4690035702694,16.18797781539605
2026,10,00-0037239,Chris Olave,WR,NO,CAR,1,86.09217786432977,16.104114179033335
2026,10,00-0036358,CeeDee Lamb,WR,DAL,SF,1,93.72606296656929,14.85540111037881
2026,10,00-0037740,Garrett Wilson,WR,NYJ,BUF,1,110.39597533268422,13.636743519653265
2026,10,00-0031381,Davante Adams,WR,LA,ARI,0,110.81142486205776,13.287720916667137
2026,10,00-0039064,Zay Flowers,WR,BAL,LAC,1,101.30801687763714,13.179014660975682
2026,10,00-0038124,Christian Watson,WR,GB,MIN,1,105.67023693605972,12.393498083933524
2026,10,00-0038559,Michael Wilson,WR,ARI,LA,1,97.9324894514768,12.059813064823953
2026,10,00-0040667,Matthew Golden,WR,GB,MIN,1,105.67023693605972,11.891150693047816
2026,10,00-0036900,Ja'Marr Chase,WR,CIN,PIT,1,93.5702693930542,11.798762774401835
2026,10,00-0038606,Parker Washington,WR,JAX,TEN,0,101.30801687763714,11.465269068300259
2026,10,00-0037238,Drake London,WR,ATL,KC,1,85.2612788055826,11.418099199003414
2026,10,00-0036410,Tee Higgins,WR,CIN,PIT,1,93.5702693930542,11.247360029255393
2026,10,00-0036322,Justin Jefferson,WR,MIN,GB,0,106.13761765660499,10.862586754833316
2026,10,00-0038997,Josh Downs,WR,IND,MIA,1,87.75397598182408,10.753812760483608
2026,10,00-0039880,Malik Washington,WR,MIA,IND,0,104.52775073028238,10.192504551337688
2026,10,00-0037247,George Pickens,WR,DAL,SF,1,93.72606296656929,10.163289048172654
2026,10,00-0039491,Jalen Coker,WR,CAR,NO,0,95.18013631937683,10.02696595352306
2026,10,00-0031588,Stefon Diggs,WR,WAS,NYG,0,105.92989289191823,9.529138197526585
2026,10,00-0041438,Carnell Tate,WR,TEN,JAX,1,98.00519311911717,9.490188176035847
2026,10,00-0034827,DJ Moore,WR,BUF,NYJ,0,94.92048036351834,9.445674596762231
2026,10,00-0040124,Tetairoa McMillan,WR,CAR,NO,0,95.18013631937683,9.07325378812755
2026,10,00-0039067,Rashee Rice,WR,KC,ATL,0,109.92859461213892,8.940265667762114
2026,10,00-0035659,Terry McLaurin,WR,WAS,NYG,0,105.92989289191823,8.88986428645476
2026,10,00-0039337,Malik Nabers,WR,NYG,WAS,1,122.68289516390783,8.801222767629934
2026,10,00-0039424,Devaughn Vele,WR,NO,CAR,1,86.09217786432977,8.727204720658197
2026,10,00-0039890,Adonai Mitchell,WR,NYJ,BUF,1,110.39597533268422,8.713797297613477
2026,10,00-0038994,Jordan Addison,WR,MIN,GB,0,106.13761765660499,8.538124319671288
2026,10,00-0031408,Mike Evans,WR,SF,DAL,0,96.1148977604674,8.463379919229633
2026,10,00-0035719,Deebo Samuel Sr.,WR,SF,DAL,0,96.1148977604674,8.343772995733808
2026,10,00-0041547,KC Concepcion,WR,CLE,HOU,1,112.2654982148653,8.260440806158527
2026,10,00-0035640,DK Metcalf,WR,PIT,CIN,0,97.9324894514768,8.240975294873195
2026,10,00-0038117,Wan'Dale Robinson,WR,TEN,JAX,1,98.00519311911717,8.141320444464652
2026,10,00-0041037,Denzel Boston,WR,CLE,HOU,1,112.2654982148653,8.022697719564775
2026,10,00-0030279,Keenan Allen,WR,IND,MIA,1,87.75397598182408,8.021871933526164
2026,10,00-0039915,Ladd McConkey,WR,LAC,BAL,0,107.59169100941253,7.979317973944238
2026,10,00-0040727,Tre Harris,WR,LAC,BAL,0,107.59169100941253,7.850788556042968
2026,10,00-0033555,Mack Hollins,WR,NE,DET,0,111.79811749432001,7.850303058408715
2026,10,00-0039739,Roman Wilson,WR,PIT,CIN,0,97.9324894514768,7.709986395986194
2026,10,00-0037240,Jameson Williams,WR,DET,NE,1,101.25608568646545,7.664933313846149
2026,10,00-0038563,Tre Tucker,WR,LV,SEA,1,87.13080168776371,7.292868335089262
2026,10,00-0038618,Xavier Hutchinson,WR,HOU,CLE,0,106.03375527426161,7.147089030044114
2026,10,00-0036550,Rashod Bateman,WR,BAL,LAC,1,101.30801687763714,7.1427290177115195
2026,10,00-0041523,Caleb Douglas,WR,MIA,IND,0,104.52775073028238,6.997179265328734
2026,10,00-0034960,Jakobi Meyers,WR,JAX,TEN,0,101.30801687763714,6.96667405584164
2026,10,00-0038544,Quentin Johnston,WR,LAC,BAL,0,107.59169100941253,6.78393036413362
2026,10,00-0039894,Xavier Worthy,WR,KC,ATL,0,109.92859461213892,6.7537043121902665
2026,10,00-0033307,Kendrick Bourne,WR,ARI,LA,1,97.9324894514768,6.571435371271512
2026,10,00-0039410,Ryan Flournoy,WR,DAL,SF,1,93.72606296656929,6.5364825041090855
2026,10,00-0033908,Cooper Kupp,WR,SEA,LV,0,85.4690035702694,6.126691116665059
2026,10,00-0037261,Khalil Shakir,WR,BUF,NYJ,0,94.92048036351834,6.115160752437376
2026,10,00-0037816,Romeo Doubs,WR,NE,DET,0,111.79811749432001,5.754731753490429
2026,10,00-0039893,Brian Thomas Jr.,WR,JAX,TEN,0,101.30801687763714,5.710323969499484
2026,10,00-0037545,Rashid Shaheed,WR,SEA,LV,0,85.4690035702694,5.549368479273929
2026,10,00-0038104,Tyquan Thornton,WR,KC,ATL,0,109.92859461213892,5.509023515114263
2026,10,00-0041525,Chris Bell,WR,MIA,IND,0,104.52775073028238,5.488116190120091
2026,10,00-0041042,Malachi Fields,WR,NYG,WAS,1,122.68289516390783,5.401514044188889
2026,10,00-0041040,Antonio Williams,WR,WAS,NYG,0,105.92989289191823,5.233412985388198
2026,10,00-0040170,Elic Ayomanor,WR,TEN,JAX,1,98.00519311911717,5.226661269781459
2026,10,00-0037664,Alec Pierce,WR,IND,MIA,1,87.75397598182408,5.207130863808635
2026,10,00-0040590,Konata Mumpfield,WR,LA,ARI,0,110.81142486205776,5.141742464549896
2026,10,00-0039901,Keon Coleman,WR,BUF,NYJ,0,94.92048036351834,4.9821789061295645
2026,10,00-0038621,DeMario Douglas,WR,NE,DET,0,111.79811749432001,4.956126847064704
2026,10,00-0037741,Jahan Dotson,WR,ATL,KC,1,85.2612788055826,4.875331808635508
2026,10,00-0039451,Isaiah Williams,WR,NYJ,BUF,1,110.39597533268422,4.771731799142217
2026,10,00-0040669,Isaac TeSlaa,WR,DET,NE,1,101.25608568646545,4.734725938541681
2026,10,00-0032775,Demarcus Robinson,WR,SF,DAL,0,96.1148977604674,4.683080548859811
2026,10,00-0032398,Chris Moore,WR,BAL,LAC,1,101.30801687763714,4.5385487084745755
2026,10,00-0036309,Darnell Mooney,WR,NYG,WAS,1,122.68289516390783,4.5136873738467465
2026,10,00-0036252,Michael Pittman,WR,PIT,CIN,0,97.9324894514768,4.447847927661275
2026,10,00-0037291,Jalen Nailor,WR,LV,SEA,1,87.13080168776371,4.407509321144683
2026,10,00-0041489,Germie Bernard,WR,PIT,CIN,0,97.9324894514768,4.294978591571541
2026,10,00-0040138,Jaylin Noel,WR,HOU,CLE,0,106.03375527426161,4.117627685183551
2026,10,00-0038608,Kayshon Boutte,WR,HOU,CLE,0,106.03375527426161,4.066671390963647
2026,10,00-0038728,Jared Wayne,WR,HOU,CLE,0,106.03375527426161,3.971960938212235
2026,10,00-0039849,Marvin Harrison Jr.,WR,ARI,LA,1,97.9324894514768,3.968253836091534
2026,10,00-0032951,Laquon Treadwell,WR,IND,MIA,1,87.75397598182408,3.8426379379143247
2026,10,00-0040785,Dohnte Meyers,WR,CIN,PIT,1,93.5702693930542,3.8337353566369683
2026,10,00-0035891,Cody White,WR,LV,SEA,1,87.13080168776371,3.8093046645380797
2026,10,00-0040729,Jack Bech,WR,LV,SEA,1,87.13080168776371,3.74090445978921
2026,10,00-0036988,Josh Palmer,WR,BUF,NYJ,0,94.92048036351834,3.6829420870447462
2026,10,00-0038090,Skyy Moore,WR,GB,MIN,1,105.67023693605972,3.578712987576158
2026,10,00-0038824,Ryan Miller,WR,MIA,IND,0,104.52775073028238,3.5399030883676907
2026,10,00-0036626,Dyami Brown,WR,WAS,NYG,0,105.92989289191823,3.473112164639719
2026,10,00-0038840,Brycen Tremayne,WR,CAR,NO,0,95.18013631937683,3.3834620030418714
2026,10,00-0041067,Bryce Lance,WR,NO,CAR,1,86.09217786432977,3.204413986276244
2026,10,00-0038619,Andrei Iosivas,WR,CIN,PIT,1,93.5702693930542,3.1613272591128614
2026,10,00-0039342,Xavier Legette,WR,CAR,NO,0,95.18013631937683,3.0839841001531374
2026,10,00-0035208,Olamide Zaccheaus,WR,ATL,KC,1,85.2612788055826,3.072958603691835
2026,10,00-0039146,Jayden Reed,WR,GB,MIN,1,105.67023693605972,3.020234113181609
2026,10,00-0037614,John Metchie III,WR,CAR,NO,0,95.18013631937683,3.013491526686974
2026,10,00-0040131,Kyle Williams,WR,NE,DET,0,111.79811749432001,2.8156508123318567
2026,10,00-0036407,Jerry Jeudy,WR,CLE,HOU,1,112.2654982148653,2.7546787627349376
2026,10,00-0037742,Treylon Burks,WR,WAS,NYG,0,105.92989289191823,2.5831827378702994
2026,10,00-0040948,J. Michael Sturdivant,WR,GB,MIN,1,105.67023693605972,2.5118061440868735
2026,10,00-0036259,Jauan Jennings,WR,MIN,GB,0,106.13761765660499,2.287643665127317
2026,10,00-0041529,Kevin Coleman Jr.,WR,MIA,IND,0,104.52775073028238,2.2621696124390014
2026,10,00-0034837,Calvin Ridley,WR,TEN,JAX,1,98.00519311911717,2.202699165712467
2026,10,00-0039792,Devontez Walker,WR,BAL,LAC,1,101.30801687763714,2.088617068811422
2026,10,00-0040563,Efton Chism III,WR,NE,DET,0,111.79811749432001,1.7345012960263309
2026,11,00-0036963,Amon-Ra St. Brown,WR,DET,TB,1,92.63550795196363,16.72638896926643
2026,11,00-0037239,Chris Olave,WR,NO,CHI,0,91.80460889321648,15.371680554732894
2026,11,00-0036358,CeeDee Lamb,WR,DAL,TEN,1,101.30801687763714,14.865740094275296
2026,11,00-0037740,Garrett Wilson,WR,NYJ,LAC,0,101.30801687763714,12.895099315771581
2026,11,00-0032464,Kalif Raymond,WR,CHI,NO,1,95.18013631937683,12.517214088703195
2026,11,00-0036912,DeVonta Smith,WR,PHI,PIT,1,93.5702693930542,12.448521893286532
2026,11,00-0039064,Zay Flowers,WR,BAL,CAR,0,86.09217786432977,12.2985967540967
2026,11,00-0038559,Michael Wilson,WR,ARI,KC,0,85.2612788055826,12.079298633645191
2026,11,00-0036900,Ja'Marr Chase,WR,CIN,WAS,0,122.68289516390783,11.798780922711867
2026,11,00-0036410,Tee Higgins,WR,CIN,WAS,0,122.68289516390783,11.263413831834512
2026,11,00-0038606,Parker Washington,WR,JAX,NYG,0,105.92989289191823,11.063646415245035
2026,11,00-0039491,Jalen Coker,WR,CAR,BAL,1,107.59169100941253,10.884442930983777
2026,11,00-0040735,Luther Burden III,WR,CHI,NO,1,95.18013631937683,10.606364381801352
2026,11,00-0036322,Justin Jefferson,WR,MIN,SF,0,93.72606296656929,10.491457268235596
2026,11,00-0038997,Josh Downs,WR,IND,HOU,0,112.2654982148653,10.448065531871421
2026,11,00-0037247,George Pickens,WR,DAL,TEN,1,101.30801687763714,10.361639316545283
2026,11,00-0039880,Malik Washington,WR,MIA,BUF,0,110.39597533268422,10.286011970071478
2026,11,00-0040124,Tetairoa McMillan,WR,CAR,BAL,1,107.59169100941253,9.623989408614449
2026,11,00-0040129,Emeka Egbuka,WR,TB,DET,0,111.79811749432001,9.59973765872925
2026,11,00-0031588,Stefon Diggs,WR,WAS,CIN,1,97.9324894514768,9.572822689734547
2026,11,00-0034827,DJ Moore,WR,BUF,MIA,1,87.75397598182408,9.446753106308307
2026,11,00-0035659,Terry McLaurin,WR,WAS,CIN,1,97.9324894514768,9.098300745939397
2026,11,00-0041438,Carnell Tate,WR,TEN,DAL,0,96.1148977604674,9.000254494593301
2026,11,00-0039337,Malik Nabers,WR,NYG,JAX,1,98.00519311911717,8.786327306280016
2026,11,00-0039067,Rashee Rice,WR,KC,ARI,1,110.81142486205776,8.632910960867495
2026,11,00-0039424,Devaughn Vele,WR,NO,CHI,0,91.80460889321648,8.585177488923522
2026,11,00-0036613,Jaylen Waddle,WR,DEN,LV,1,85.4690035702694,8.53927988656088
2026,11,00-0031408,Mike Evans,WR,SF,MIN,1,105.67023693605972,8.496037686068885
2026,11,00-0035719,Deebo Samuel Sr.,WR,SF,MIN,1,105.67023693605972,8.30558193416517
2026,11,00-0039890,Adonai Mitchell,WR,NYJ,LAC,0,101.30801687763714,8.305446957988384
2026,11,00-0038994,Jordan Addison,WR,MIN,SF,0,93.72606296656929,8.053618514507955
2026,11,00-0035640,DK Metcalf,WR,PIT,PHI,0,106.0856864654333,7.947677793256238
2026,11,00-0037240,Jameson Williams,WR,DET,TB,1,92.63550795196363,7.757723799362065
2026,11,00-0038117,Wan'Dale Robinson,WR,TEN,DAL,0,96.1148977604674,7.743322707814516
2026,11,00-0030279,Keenan Allen,WR,IND,HOU,0,112.2654982148653,7.687640530709198
2026,11,00-0039915,Ladd McConkey,WR,LAC,NYJ,1,94.92048036351834,7.584801681700059
2026,11,00-0040727,Tre Harris,WR,LAC,NYJ,1,94.92048036351834,7.582963403323056
2026,11,00-0039739,Roman Wilson,WR,PIT,PHI,0,106.0856864654333,7.559753097111193
2026,11,00-0038393,Dontayvion Wicks,WR,PHI,PIT,1,93.5702693930542,7.301388175538854
2026,11,00-0038618,Xavier Hutchinson,WR,HOU,IND,1,104.52775073028238,7.285937032987992
2026,11,00-0038563,Tre Tucker,WR,LV,DEN,0,92.73937033430705,7.219060095735336
2026,11,00-0039919,Rome Odunze,WR,CHI,NO,1,95.18013631937683,7.182339999197954
2026,11,00-0041523,Caleb Douglas,WR,MIA,BUF,0,110.39597533268422,6.9230190241625245
2026,11,00-0036550,Rashod Bateman,WR,BAL,CAR,0,86.09217786432977,6.787192879266232
2026,11,00-0039410,Ryan Flournoy,WR,DAL,TEN,1,101.30801687763714,6.6968375876633806
2026,11,00-0039894,Xavier Worthy,WR,KC,ARI,1,110.81142486205776,6.675365928327011
2026,11,00-0034960,Jakobi Meyers,WR,JAX,NYG,0,105.92989289191823,6.638941307700115
2026,11,00-0038544,Quentin Johnston,WR,LAC,NYJ,1,94.92048036351834,6.54866590058503
2026,11,00-0033921,Chris Godwin Jr.,WR,TB,DET,0,111.79811749432001,6.51421844186123
2026,11,00-0041048,Ted Hurst III,WR,TB,DET,0,111.79811749432001,6.438667018384707
2026,11,00-0033307,Kendrick Bourne,WR,ARI,KC,0,85.2612788055826,6.365552169471622
2026,11,00-0037261,Khalil Shakir,WR,BUF,MIA,1,87.75397598182408,6.288944310118792
2026,11,00-0034348,Courtland Sutton,WR,DEN,LV,1,85.4690035702694,5.979058541811076
2026,11,00-0040134,Pat Bryant,WR,DEN,LV,1,85.4690035702694,5.784068592898465
2026,11,00-0038104,Tyquan Thornton,WR,KC,ARI,1,110.81142486205776,5.68667578646552
2026,11,00-0041042,Malachi Fields,WR,NYG,JAX,1,98.00519311911717,5.530502440384264
2026,11,00-0039893,Brian Thomas Jr.,WR,JAX,NYG,0,105.92989289191823,5.505442546737484
2026,11,00-0041040,Antonio Williams,WR,WAS,CIN,1,97.9324894514768,5.333218962314414
2026,11,00-0041525,Chris Bell,WR,MIA,BUF,0,110.39597533268422,5.2705515279403325
2026,11,00-0039901,Keon Coleman,WR,BUF,MIA,1,87.75397598182408,5.181113736767119
2026,11,00-0037664,Alec Pierce,WR,IND,HOU,0,112.2654982148653,5.049928978181152
2026,11,00-0040170,Elic Ayomanor,WR,TEN,DAL,0,96.1148977604674,5.047262351061148
2026,11,00-0040867,Makai Lemon,WR,PHI,PIT,1,93.5702693930542,5.019498108738956
2026,11,00-0040669,Isaac TeSlaa,WR,DET,TB,1,92.63550795196363,4.77939524076123
2026,11,00-0032775,Demarcus Robinson,WR,SF,MIN,1,105.67023693605972,4.73288129665349
2026,11,00-0040138,Jaylin Noel,WR,HOU,IND,1,104.52775073028238,4.580684639808217
2026,11,00-0036309,Darnell Mooney,WR,NYG,JAX,1,98.00519311911717,4.491530620030268
2026,11,00-0036252,Michael Pittman,WR,PIT,PHI,0,106.0856864654333,4.437849208330036
2026,11,00-0038608,Kayshon Boutte,WR,HOU,IND,1,104.52775073028238,4.420279513633412
2026,11,00-0037291,Jalen Nailor,WR,LV,DEN,0,92.73937033430705,4.385808958915389
2026,11,00-0039451,Isaiah Williams,WR,NYJ,LAC,0,101.30801687763714,4.355119949368785
2026,11,00-0038728,Jared Wayne,WR,HOU,IND,1,104.52775073028238,4.325569060882001
2026,11,00-0041489,Germie Bernard,WR,PIT,PHI,0,106.0856864654333,4.227837478400177
2026,11,00-0032398,Chris Moore,WR,BAL,CAR,0,86.09217786432977,4.16988532784268
2026,11,00-0036988,Josh Palmer,WR,BUF,MIA,1,87.75397598182408,3.8405365456450733
2026,11,00-0038840,Brycen Tremayne,WR,CAR,BAL,1,107.59169100941253,3.829231381782227
2026,11,00-0035891,Cody White,WR,LV,DEN,0,92.73937033430705,3.7864645056882305
2026,11,00-0036626,Dyami Brown,WR,WAS,CIN,1,97.9324894514768,3.7645063619879107
2026,11,00-0039849,Marvin Harrison Jr.,WR,ARI,KC,0,85.2612788055826,3.762223339284573
2026,11,00-0040729,Jack Bech,WR,LV,DEN,0,92.73937033430705,3.7177203604636873
2026,11,00-0040237,Tez Johnson,WR,TB,DET,0,111.79811749432001,3.6943482443959064
2026,11,00-0037614,John Metchie III,WR,CAR,BAL,1,107.59169100941253,3.6618128314542133
2026,11,00-0032951,Laquon Treadwell,WR,IND,HOU,0,112.2654982148653,3.5522221163727012
2026,11,00-0040785,Dohnte Meyers,WR,CIN,WAS,0,122.68289516390783,3.4918038624786276
2026,11,00-0039342,Xavier Legette,WR,CAR,BAL,1,107.59169100941253,3.475749450127899
2026,11,00-0038824,Ryan Miller,WR,MIA,BUF,0,110.39597533268422,3.3646884774104002
2026,11,00-0041067,Bryce Lance,WR,NO,CHI,0,91.80460889321648,3.072247701372459
2026,11,00-0038619,Andrei Iosivas,WR,CIN,WAS,0,122.68289516390783,3.0319884864526525
2026,11,00-0037742,Treylon Burks,WR,WAS,CIN,1,97.9324894514768,2.683547649842069
2026,11,00-0041529,Kevin Coleman Jr.,WR,MIA,BUF,0,110.39597533268422,2.303996987754606
2026,11,00-0036259,Jauan Jennings,WR,MIN,SF,0,93.72606296656929,2.020325911003428
2026,11,00-0034837,Calvin Ridley,WR,TEN,DAL,0,96.1148977604674,1.9467075945432395
2026,11,00-0039792,Devontez Walker,WR,BAL,CAR,0,86.09217786432977,1.7860008254429
2026,12,00-0036963,Amon-Ra St. Brown,WR,DET,CHI,1,91.80460889321648,16.42453360302892
2026,12,00-0038543,Jaxon Smith-Njigba,WR,SEA,SF,0,93.72606296656929,16.056590923123743
2026,12,00-0037239,Chris Olave,WR,NO,CIN,0,97.9324894514768,15.591572532047525
2026,12,00-0036358,CeeDee Lamb,WR,DAL,PHI,1,106.0856864654333,14.894133343742165
2026,12,00-0031381,Davante Adams,WR,LA,GB,1,106.13761765660499,13.61908704750163
2026,12,00-0032464,Kalif Raymond,WR,CHI,DET,0,111.79811749432001,12.85406575901322
2026,12,00-0037740,Garrett Wilson,WR,NYJ,MIA,0,87.75397598182408,12.659805678354392
2026,12,00-0036912,DeVonta Smith,WR,PHI,DAL,0,96.1148977604674,12.580901735706398
2026,12,00-0039064,Zay Flowers,WR,BAL,HOU,0,112.2654982148653,12.52663292706647
2026,12,00-0038124,Christian Watson,WR,GB,LA,0,97.9324894514768,12.126146114189583
2026,12,00-0038559,Michael Wilson,WR,ARI,WAS,1,122.68289516390783,11.65036324785202
2026,12,00-0038606,Parker Washington,WR,JAX,TEN,1,101.30801687763714,11.48285109426742
2026,12,00-0036900,Ja'Marr Chase,WR,CIN,NO,1,95.18013631937683,11.476326073214238
2026,12,00-0040667,Matthew Golden,WR,GB,LA,0,97.9324894514768,11.23776408375112
2026,12,00-0036322,Justin Jefferson,WR,MIN,ATL,1,109.92859461213892,11.147307013922113
2026,12,00-0037238,Drake London,WR,ATL,MIN,0,105.67023693605972,11.108350604607306
2026,12,00-0036410,Tee Higgins,WR,CIN,NO,1,95.18013631937683,10.920151285486515
2026,12,00-0040735,Luther Burden III,WR,CHI,DET,0,111.79811749432001,10.733316831619273
2026,12,00-0038997,Josh Downs,WR,IND,NYG,1,105.92989289191823,10.619831905270315
2026,12,00-0039491,Jalen Coker,WR,CAR,TB,0,92.63550795196363,10.249779281938302
2026,12,00-0037247,George Pickens,WR,DAL,PHI,1,106.0856864654333,10.056402095971883
2026,12,00-0039880,Malik Washington,WR,MIA,NYJ,1,94.92048036351834,9.929379023599505
2026,12,00-0034827,DJ Moore,WR,BUF,KC,1,85.2612788055826,9.807710056566911
2026,12,00-0040129,Emeka Egbuka,WR,TB,CAR,1,86.09217786432977,9.729617563552402
2026,12,00-0040124,Tetairoa McMillan,WR,CAR,TB,0,92.63550795196363,9.199348290028837
2026,12,00-0031588,Stefon Diggs,WR,WAS,ARI,0,110.81142486205776,9.17196845255286
2026,12,00-0041438,Carnell Tate,WR,TEN,JAX,0,98.00519311911717,9.151694107039054
2026,12,00-0035659,Terry McLaurin,WR,WAS,ARI,0,110.81142486205776,8.810325895917721
2026,12,00-0039337,Malik Nabers,WR,NYG,IND,0,104.52775073028238,8.682781206351525
2026,12,00-0039067,Rashee Rice,WR,KC,BUF,0,110.39597533268422,8.595719710554782
2026,12,00-0039424,Devaughn Vele,WR,NO,CIN,0,97.9324894514768,8.526030752851932
2026,12,00-0036613,Jaylen Waddle,WR,DEN,PIT,0,93.5702693930542,8.317466986564071
2026,12,00-0041547,KC Concepcion,WR,CLE,LV,1,85.4690035702694,8.277289578116942
2026,12,00-0031408,Mike Evans,WR,SF,SEA,1,87.13080168776371,8.23336603868459
2026,12,00-0035719,Deebo Samuel Sr.,WR,SF,SEA,1,87.13080168776371,8.102238945934438
2026,12,00-0039890,Adonai Mitchell,WR,NYJ,MIA,0,87.75397598182408,8.087457186207804
2026,12,00-0035640,DK Metcalf,WR,PIT,DEN,1,92.73937033430705,8.039016524636276
2026,12,00-0038117,Wan'Dale Robinson,WR,TEN,JAX,0,98.00519311911717,7.933757279776517
2026,12,00-0038994,Jordan Addison,WR,MIN,ATL,1,109.92859461213892,7.90246153338165
2026,12,00-0030279,Keenan Allen,WR,IND,NYG,1,105.92989289191823,7.8294217826145545
2026,12,00-0041037,Denzel Boston,WR,CLE,LV,1,85.4690035702694,7.7910911396643305
2026,12,00-0037240,Jameson Williams,WR,DET,CHI,1,91.80460889321648,7.7079247088381955
2026,12,00-0039739,Roman Wilson,WR,PIT,DEN,1,92.73937033430705,7.655624766505278
2026,12,00-0039915,Ladd McConkey,WR,LAC,NE,1,101.25608568646545,7.526562054622287
2026,12,00-0040727,Tre Harris,WR,LAC,NE,1,101.25608568646545,7.512875570963303
2026,12,00-0033555,Mack Hollins,WR,NE,LAC,0,101.30801687763714,7.495028203935959
2026,12,00-0039919,Rome Odunze,WR,CHI,DET,0,111.79811749432001,7.4147811598506
2026,12,00-0038563,Tre Tucker,WR,LV,CLE,0,106.03375527426161,7.394559219074687
2026,12,00-0038618,Xavier Hutchinson,WR,HOU,BAL,1,107.59169100941253,7.241975618698505
2026,12,00-0038393,Dontayvion Wicks,WR,PHI,DAL,0,96.1148977604674,7.128706138594238
2026,12,00-0034960,Jakobi Meyers,WR,JAX,TEN,1,101.30801687763714,6.9425091021215355
2026,12,00-0039894,Xavier Worthy,WR,KC,BUF,0,110.39597533268422,6.687040070838458
2026,12,00-0033307,Kendrick Bourne,WR,ARI,WAS,1,122.68289516390783,6.664743202622677
2026,12,00-0036550,Rashod Bateman,WR,BAL,HOU,0,112.2654982148653,6.6218491579603
2026,12,00-0041523,Caleb Douglas,WR,MIA,NYJ,1,94.92048036351834,6.606683276867097
2026,12,00-0038544,Quentin Johnston,WR,LAC,NE,1,101.25608568646545,6.478578068225277
2026,12,00-0039410,Ryan Flournoy,WR,DAL,PHI,1,106.0856864654333,6.437228149487725
2026,12,00-0041048,Ted Hurst III,WR,TB,CAR,1,86.09217786432977,6.270320330047899
2026,12,00-0033921,Chris Godwin Jr.,WR,TB,CAR,1,86.09217786432977,6.20167938829299
2026,12,00-0037261,Khalil Shakir,WR,BUF,KC,1,85.2612788055826,6.13213249053925
2026,12,00-0033908,Cooper Kupp,WR,SEA,SF,0,93.72606296656929,5.97852046856576
2026,12,00-0034348,Courtland Sutton,WR,DEN,PIT,0,93.5702693930542,5.84737058239558
2026,12,00-0039893,Brian Thomas Jr.,WR,JAX,TEN,1,101.30801687763714,5.744233177011732
2026,12,00-0040134,Pat Bryant,WR,DEN,PIT,0,93.5702693930542,5.698678606572075
2026,12,00-0038104,Tyquan Thornton,WR,KC,BUF,0,110.39597533268422,5.596100793817193
2026,12,00-0037816,Romeo Doubs,WR,NE,LAC,0,101.30801687763714,5.492021921977203
2026,12,00-0037545,Rashid Shaheed,WR,SEA,SF,0,93.72606296656929,5.4443208382386885
2026,12,00-0041042,Malachi Fields,WR,NYG,IND,0,104.52775073028238,5.441907494624067
2026,12,00-0040590,Konata Mumpfield,WR,LA,GB,1,106.13761765660499,5.344853946861967
2026,12,00-0041040,Antonio Williams,WR,WAS,ARI,0,110.81142486205776,5.186171806465843
2026,12,00-0041525,Chris Bell,WR,MIA,NYJ,1,94.92048036351834,5.117151335303058
2026,12,00-0037664,Alec Pierce,WR,IND,NYG,1,105.92989289191823,5.098124902869228
2026,12,00-0039901,Keon Coleman,WR,BUF,KC,1,85.2612788055826,5.068392509024206
2026,12,00-0040170,Elic Ayomanor,WR,TEN,JAX,0,98.00519311911717,5.047269957989088
2026,12,00-0040867,Makai Lemon,WR,PHI,DAL,0,96.1148977604674,4.8256440512627545
2026,12,00-0038621,DeMario Douglas,WR,NE,LAC,0,101.30801687763714,4.747643592601749
2026,12,00-0040669,Isaac TeSlaa,WR,DET,CHI,1,91.80460889321648,4.729596150237359
2026,12,00-0037741,Jahan Dotson,WR,ATL,MIN,0,105.67023693605972,4.692182797917379
2026,12,00-0032775,Demarcus Robinson,WR,SF,SEA,1,87.13080168776371,4.5768199349832415
2026,12,00-0036252,Michael Pittman,WR,PIT,DEN,1,92.73937033430705,4.533604032626572
2026,12,00-0036309,Darnell Mooney,WR,NYG,IND,0,104.52775073028238,4.414039244256282
2026,12,00-0040138,Jaylin Noel,WR,HOU,BAL,1,107.59169100941253,4.378179056013414
2026,12,00-0038608,Kayshon Boutte,WR,HOU,BAL,1,107.59169100941253,4.366084280181594
2026,12,00-0039451,Isaiah Williams,WR,NYJ,MIA,0,87.75397598182408,4.298413767567238
2026,12,00-0041489,Germie Bernard,WR,PIT,DEN,1,92.73937033430705,4.298369688791665
2026,12,00-0037291,Jalen Nailor,WR,LV,CLE,0,106.03375527426161,4.27433337145588
2026,12,00-0038728,Jared Wayne,WR,HOU,BAL,1,107.59169100941253,4.271373827430183
2026,12,00-0032398,Chris Moore,WR,BAL,HOU,0,112.2654982148653,4.142548063205606
2026,12,00-0039849,Marvin Harrison Jr.,WR,ARI,WAS,1,122.68289516390783,3.91047077945007
2026,12,00-0032951,Laquon Treadwell,WR,IND,NYG,1,105.92989289191823,3.6940033682780564
2026,12,00-0036988,Josh Palmer,WR,BUF,KC,1,85.2612788055826,3.6620804588007534
2026,12,00-0040729,Jack Bech,WR,LV,CLE,0,106.03375527426161,3.632243498719947
2026,12,00-0035891,Cody White,WR,LV,CLE,0,106.03375527426161,3.614126634484822
2026,12,00-0036626,Dyami Brown,WR,WAS,ARI,0,110.81142486205776,3.5817502747700534
2026,12,00-0040237,Tez Johnson,WR,TB,CAR,1,86.09217786432977,3.5529567963971407
2026,12,00-0040785,Dohnte Meyers,WR,CIN,NO,1,95.18013631937683,3.5053576731191622
2026,12,00-0038840,Brycen Tremayne,WR,CAR,TB,0,92.63550795196363,3.448609511935887
2026,12,00-0037614,John Metchie III,WR,CAR,TB,0,92.63550795196363,3.3349055909916894
2026,12,00-0038090,Skyy Moore,WR,GB,LA,0,97.9324894514768,3.2952323940235932
2026,12,00-0038824,Ryan Miller,WR,MIA,NYJ,1,94.92048036351834,3.164319921512152
2026,12,00-0039342,Xavier Legette,WR,CAR,TB,0,92.63550795196363,3.1272805372074983
2026,12,00-0041067,Bryce Lance,WR,NO,CIN,0,97.9324894514768,3.027241126375952
2026,12,00-0035208,Olamide Zaccheaus,WR,ATL,MIN,0,105.67023693605972,2.9539859898941727
2026,12,00-0038619,Andrei Iosivas,WR,CIN,NO,1,95.18013631937683,2.8443097440071012
2026,12,00-0039146,Jayden Reed,WR,GB,LA,0,97.9324894514768,2.7802530497266984
2026,12,00-0036407,Jerry Jeudy,WR,CLE,LV,1,85.4690035702694,2.7346268336760344
2026,12,00-0040131,Kyle Williams,WR,NE,LAC,0,101.30801687763714,2.625168862919508
2026,12,00-0037742,Treylon Burks,WR,WAS,ARI,0,110.81142486205776,2.50555440471549
2026,12,00-0036259,Jauan Jennings,WR,MIN,ATL,1,109.92859461213892,2.299913719362822
2026,12,00-0040948,J. Michael Sturdivant,WR,GB,LA,0,97.9324894514768,2.284246890343375
2026,12,00-0041529,Kevin Coleman Jr.,WR,MIA,NYJ,1,94.92048036351834,2.1703495571528224
2026,12,00-0034837,Calvin Ridley,WR,TEN,JAX,0,98.00519311911717,2.022659220736694
2026,12,00-0039792,Devontez Walker,WR,BAL,HOU,0,112.2654982148653,1.7677768895698491
2026,12,00-0040563,Efton Chism III,WR,NE,LAC,0,101.30801687763714,1.547373042829282
2026,13,00-0036963,Amon-Ra St. Brown,WR,DET,ATL,0,109.92859461213892,16.92918329533159
2026,13,00-0038543,Jaxon Smith-Njigba,WR,SEA,DAL,1,96.1148977604674,16.700823225597972
2026,13,00-0037239,Chris Olave,WR,NO,GB,1,106.13761765660499,16.022842649758815
2026,13,00-0036358,CeeDee Lamb,WR,DAL,SEA,0,87.13080168776371,14.217005980833061
2026,13,00-0031381,Davante Adams,WR,LA,KC,1,85.2612788055826,13.274935557062093
2026,13,00-0032464,Kalif Raymond,WR,CHI,JAX,1,98.00519311911717,13.049607267688767
2026,13,00-0036912,DeVonta Smith,WR,PHI,ARI,0,110.81142486205776,12.468708075355217
2026,13,00-0038559,Michael Wilson,WR,ARI,PHI,1,106.0856864654333,11.99449003616094
2026,13,00-0038124,Christian Watson,WR,GB,NO,0,95.18013631937683,11.893798950937793
2026,13,00-0037238,Drake London,WR,ATL,DET,1,111.79811749432001,11.486371674468327
2026,13,00-0036900,Ja'Marr Chase,WR,CIN,CLE,0,106.03375527426161,11.462520212227872
2026,13,00-0040735,Luther Burden III,WR,CHI,JAX,1,98.00519311911717,11.067559638701383
2026,13,00-0040667,Matthew Golden,WR,GB,NO,0,95.18013631937683,11.030078253779436
2026,13,00-0038606,Parker Washington,WR,JAX,CHI,0,91.80460889321648,10.829088189752948
2026,13,00-0036322,Justin Jefferson,WR,MIN,CAR,1,86.09217786432977,10.764134041517949
2026,13,00-0036410,Tee Higgins,WR,CIN,CLE,0,106.03375527426161,10.76030381005307
2026,13,00-0039491,Jalen Coker,WR,CAR,MIN,0,105.67023693605972,10.138555687704368
2026,13,00-0039880,Malik Washington,WR,MIA,DEN,0,92.73937033430705,9.838605100420374
2026,13,00-0037247,George Pickens,WR,DAL,SEA,0,87.13080168776371,9.719014915248621
2026,13,00-0040129,Emeka Egbuka,WR,TB,LAC,1,101.30801687763714,9.670946258650254
2026,13,00-0031588,Stefon Diggs,WR,WAS,TEN,0,101.30801687763714,9.507023723192304
2026,13,00-0034827,DJ Moore,WR,BUF,NE,0,101.25608568646545,9.457790548960599
2026,13,00-0040124,Tetairoa McMillan,WR,CAR,MIN,0,105.67023693605972,9.20291184547268
2026,13,00-0035659,Terry McLaurin,WR,WAS,TEN,0,101.30801687763714,9.094911946158415
2026,13,00-0041438,Carnell Tate,WR,TEN,WAS,1,122.68289516390783,8.992364381631635
2026,13,00-0039424,Devaughn Vele,WR,NO,GB,1,106.13761765660499,8.731975324110604
2026,13,00-0039337,Malik Nabers,WR,NYG,SF,1,93.72606296656929,8.605067493200632
2026,13,00-0039067,Rashee Rice,WR,KC,LA,0,97.9324894514768,8.498892007551866
2026,13,00-0036613,Jaylen Waddle,WR,DEN,MIA,1,87.75397598182408,8.440446237548688
2026,13,00-0041547,KC Concepcion,WR,CLE,CIN,1,97.9324894514768,8.259535977686078
2026,13,00-0031408,Mike Evans,WR,SF,NYG,0,105.92989289191823,8.204922205868122
2026,13,00-0035719,Deebo Samuel Sr.,WR,SF,NYG,0,105.92989289191823,8.052061501864321
2026,13,00-0038117,Wan'Dale Robinson,WR,TEN,WAS,1,122.68289516390783,7.884588936294483
2026,13,00-0038994,Jordan Addison,WR,MIN,CAR,1,86.09217786432977,7.8768064776055375
2026,13,00-0035640,DK Metcalf,WR,PIT,HOU,1,112.2654982148653,7.745486600175118
2026,13,00-0033555,Mack Hollins,WR,NE,BUF,1,110.39597533268422,7.742598494452145
2026,13,00-0039919,Rome Odunze,WR,CHI,JAX,1,98.00519311911717,7.731568504132097
2026,13,00-0041037,Denzel Boston,WR,CLE,CIN,1,97.9324894514768,7.715281381169079
2026,13,00-0037240,Jameson Williams,WR,DET,ATL,0,109.92859461213892,7.624584427966457
2026,13,00-0039739,Roman Wilson,WR,PIT,HOU,1,112.2654982148653,7.513463138748981
2026,13,00-0039915,Ladd McConkey,WR,LAC,TB,0,92.63550795196363,7.480112580195849
2026,13,00-0040727,Tre Harris,WR,LAC,TB,0,92.63550795196363,7.388691563012977
2026,13,00-0038393,Dontayvion Wicks,WR,PHI,ARI,0,110.81142486205776,7.135664536491146
2026,13,00-0038618,Xavier Hutchinson,WR,HOU,PIT,0,93.5702693930542,7.026436315091286
2026,13,00-0033307,Kendrick Bourne,WR,ARI,PHI,1,106.0856864654333,6.560977723531955
2026,13,00-0041523,Caleb Douglas,WR,MIA,DEN,0,92.73937033430705,6.528363745957301
2026,13,00-0039894,Xavier Worthy,WR,KC,LA,0,97.9324894514768,6.466445616693228
2026,13,00-0034960,Jakobi Meyers,WR,JAX,CHI,0,91.80460889321648,6.458901342690727
2026,13,00-0038544,Quentin Johnston,WR,LAC,TB,0,92.63550795196363,6.431522406811485
2026,13,00-0041048,Ted Hurst III,WR,TB,LAC,1,101.30801687763714,6.378887294789555
2026,13,00-0033921,Chris Godwin Jr.,WR,TB,LAC,1,101.30801687763714,6.284699830826712
2026,13,00-0033908,Cooper Kupp,WR,SEA,DAL,1,96.1148977604674,6.144355275312849
2026,13,00-0039410,Ryan Flournoy,WR,DAL,SEA,0,87.13080168776371,6.135331378249111
2026,13,00-0037261,Khalil Shakir,WR,BUF,NE,0,101.25608568646545,6.0554643364284315
2026,13,00-0034348,Courtland Sutton,WR,DEN,MIA,1,87.75397598182408,5.93160989931013
2026,13,00-0040134,Pat Bryant,WR,DEN,MIA,1,87.75397598182408,5.736619950397521
2026,13,00-0037816,Romeo Doubs,WR,NE,BUF,1,110.39597533268422,5.678790338806865
2026,13,00-0037545,Rashid Shaheed,WR,SEA,DAL,1,96.1148977604674,5.578504289528914
2026,13,00-0038104,Tyquan Thornton,WR,KC,LA,0,97.9324894514768,5.506004977016136
2026,13,00-0039893,Brian Thomas Jr.,WR,JAX,CHI,0,91.80460889321648,5.382019036719008
2026,13,00-0041040,Antonio Williams,WR,WAS,TEN,0,101.30801687763714,5.267419995772171
2026,13,00-0041042,Malachi Fields,WR,NYG,SF,1,93.72606296656929,5.227396238441654
2026,13,00-0040170,Elic Ayomanor,WR,TEN,WAS,1,122.68289516390783,5.095558145991811
2026,13,00-0041525,Chris Bell,WR,MIA,DEN,0,92.73937033430705,5.026377412123927
2026,13,00-0040590,Konata Mumpfield,WR,LA,KC,1,85.2612788055826,4.955810268439876
2026,13,00-0038621,DeMario Douglas,WR,NE,BUF,1,110.39597533268422,4.923308439445199
2026,13,00-0037741,Jahan Dotson,WR,ATL,DET,1,111.79811749432001,4.8788524046864445
2026,13,00-0039901,Keon Coleman,WR,BUF,NE,0,101.25608568646545,4.856001298461305
2026,13,00-0040867,Makai Lemon,WR,PHI,ARI,0,110.81142486205776,4.854687128289791
2026,13,00-0040669,Isaac TeSlaa,WR,DET,ATL,0,109.92859461213892,4.8048047441443735
2026,13,00-0032775,Demarcus Robinson,WR,SF,NYG,0,105.92989289191823,4.494286035367783
2026,13,00-0036252,Michael Pittman,WR,PIT,HOU,1,112.2654982148653,4.389467791592617
2026,13,00-0036309,Darnell Mooney,WR,NYG,SF,1,93.72606296656929,4.273333838244099
2026,13,00-0041489,Germie Bernard,WR,PIT,HOU,1,112.2654982148653,4.174001611499515
2026,13,00-0038608,Kayshon Boutte,WR,HOU,PIT,0,93.5702693930542,4.062260267948932
2026,13,00-0040138,Jaylin Noel,WR,HOU,PIT,0,93.5702693930542,4.017188585866183
2026,13,00-0038728,Jared Wayne,WR,HOU,PIT,0,93.5702693930542,3.935708546721168
2026,13,00-0039849,Marvin Harrison Jr.,WR,ARI,PHI,1,106.0856864654333,3.8626135045176726
2026,13,00-0036626,Dyami Brown,WR,WAS,TEN,0,101.30801687763714,3.713658549613961
2026,13,00-0036988,Josh Palmer,WR,BUF,NE,0,101.25608568646545,3.6550714484619258
2026,13,00-0040237,Tez Johnson,WR,TB,LAC,1,101.30801687763714,3.6345685208007543
2026,13,00-0038840,Brycen Tremayne,WR,CAR,MIN,0,105.67023693605972,3.4621709301883383
2026,13,00-0040785,Dohnte Meyers,WR,CIN,CLE,0,106.03375527426161,3.281042893166755
2026,13,00-0037614,John Metchie III,WR,CAR,MIN,0,105.67023693605972,3.2563970758587115
2026,13,00-0041067,Bryce Lance,WR,NO,GB,1,106.13761765660499,3.233185697634623
2026,13,00-0035208,Olamide Zaccheaus,WR,ATL,DET,1,111.79811749432001,3.192695500546324
2026,13,00-0039342,Xavier Legette,WR,CAR,MIN,0,105.67023693605972,3.1354154531805367
2026,13,00-0038090,Skyy Moore,WR,GB,NO,0,95.18013631937683,3.0882953833959745
2026,13,00-0038824,Ryan Miller,WR,MIA,DEN,0,92.73937033430705,3.0735459983330213
2026,13,00-0038619,Andrei Iosivas,WR,CIN,CLE,0,106.03375527426161,2.816802746100718
2026,13,00-0040131,Kyle Williams,WR,NE,BUF,1,110.39597533268422,2.8008337097629585
2026,13,00-0036407,Jerry Jeudy,WR,CLE,CIN,1,97.9324894514768,2.710420089780918
2026,13,00-0037742,Treylon Burks,WR,WAS,TEN,0,101.30801687763714,2.63269983746812
2026,13,00-0039146,Jayden Reed,WR,GB,NO,0,95.18013631937683,2.600721585536709
2026,13,00-0034837,Calvin Ridley,WR,TEN,WAS,1,122.68289516390783,2.1224146492518727
2026,13,00-0041529,Kevin Coleman Jr.,WR,MIA,DEN,0,92.73937033430705,2.079575633973692
2026,13,00-0040948,J. Michael Sturdivant,WR,GB,NO,0,95.18013631937683,2.0773098797157563
2026,13,00-0036259,Jauan Jennings,WR,MIN,CAR,1,86.09217786432977,2.0517119369883385
2026,13,00-0040563,Efton Chism III,WR,NE,BUF,1,110.39597533268422,1.7144812211518339
2026,14,00-0036963,Amon-Ra St. Brown,WR,DET,TEN,1,101.30801687763714,16.954770814015728
2026,14,00-0038543,Jaxon Smith-Njigba,WR,SEA,NYG,1,105.92989289191823,16.35787690469506
2026,14,00-0037239,Chris Olave,WR,NO,CAR,0,86.09217786432977,15.506776427905919
2026,14,00-0036912,DeVonta Smith,WR,PHI,IND,1,104.52775073028238,13.499149755878161
2026,14,00-0031381,Davante Adams,WR,LA,SF,0,93.72606296656929,12.704982594788662
2026,14,00-0039064,Zay Flowers,WR,BAL,TB,1,92.63550795196363,12.592982166401661
2026,14,00-0038124,Christian Watson,WR,GB,BUF,1,110.39597533268422,12.581994989552513
2026,14,00-0037740,Garrett Wilson,WR,NYJ,DEN,1,92.73937033430705,12.521929886215592
2026,14,00-0032464,Kalif Raymond,WR,CHI,MIA,0,87.75397598182408,12.381911720112264
2026,14,00-0036900,Ja'Marr Chase,WR,CIN,KC,1,85.2612788055826,11.789918252705755
2026,14,00-0040667,Matthew Golden,WR,GB,BUF,1,110.39597533268422,11.598609748294928
2026,14,00-0038606,Parker Washington,WR,JAX,PIT,1,93.5702693930542,11.16484894489015
2026,14,00-0036410,Tee Higgins,WR,CIN,KC,1,85.2612788055826,10.965853044435985
2026,14,00-0037238,Drake London,WR,ATL,CLE,0,106.03375527426161,10.716134886632865
2026,14,00-0040735,Luther Burden III,WR,CHI,MIA,0,87.75397598182408,10.507778421788421
2026,14,00-0038997,Josh Downs,WR,IND,PHI,0,106.0856864654333,10.437934192672158
2026,14,00-0036322,Justin Jefferson,WR,MIN,NE,0,101.25608568646545,10.208768811707216
2026,14,00-0039491,Jalen Coker,WR,CAR,NO,1,95.18013631937683,9.995873000758714
2026,14,00-0039880,Malik Washington,WR,MIA,CHI,1,91.80460889321648,9.93671327022299
2026,14,00-0034827,DJ Moore,WR,BUF,GB,0,106.13761765660499,9.926462055919067
2026,14,00-0040129,Emeka Egbuka,WR,TB,BAL,0,107.59169100941253,9.617080619455072
2026,14,00-0031588,Stefon Diggs,WR,WAS,HOU,1,112.2654982148653,9.17975654559979
2026,14,00-0040124,Tetairoa McMillan,WR,CAR,NO,1,95.18013631937683,9.113217794890518
2026,14,00-0041438,Carnell Tate,WR,TEN,DET,0,111.79811749432001,9.022837102530458
2026,14,00-0035659,Terry McLaurin,WR,WAS,HOU,1,112.2654982148653,8.736374271359363
2026,14,00-0039067,Rashee Rice,WR,KC,CIN,0,97.9324894514768,8.553556330216743
2026,14,00-0039424,Devaughn Vele,WR,NO,CAR,0,86.09217786432977,8.366090674123946
2026,14,00-0031408,Mike Evans,WR,SF,LA,1,97.9324894514768,8.337025231146667
2026,14,00-0039337,Malik Nabers,WR,NYG,SEA,0,87.13080168776371,8.305912357951206
2026,14,00-0035719,Deebo Samuel Sr.,WR,SF,LA,1,97.9324894514768,8.267302265334097
2026,14,00-0041547,KC Concepcion,WR,CLE,ATL,1,109.92859461213892,8.236564070724079
2026,14,00-0039890,Adonai Mitchell,WR,NYJ,DEN,1,92.73937033430705,8.235679390260685
2026,14,00-0036613,Jaylen Waddle,WR,DEN,NYJ,0,94.92048036351834,8.228225650156787
2026,14,00-0035640,DK Metcalf,WR,PIT,JAX,0,98.00519311911717,8.03417293057791
2026,14,00-0041037,Denzel Boston,WR,CLE,ATL,1,109.92859461213892,7.946812209117104
2026,14,00-0038117,Wan'Dale Robinson,WR,TEN,DET,0,111.79811749432001,7.8805514677831345
2026,14,00-0038994,Jordan Addison,WR,MIN,NE,0,101.25608568646545,7.844825913698827
2026,14,00-0039739,Roman Wilson,WR,PIT,JAX,0,98.00519311911717,7.732707776851046
2026,14,00-0037240,Jameson Williams,WR,DET,TEN,1,101.30801687763714,7.7140283847170155
2026,14,00-0030279,Keenan Allen,WR,IND,PHI,0,106.0856864654333,7.647524070016397
2026,14,00-0033555,Mack Hollins,WR,NE,MIN,1,105.67023693605972,7.523399178735936
2026,14,00-0038393,Dontayvion Wicks,WR,PHI,IND,1,104.52775073028238,7.467889580369288
2026,14,00-0039915,Ladd McConkey,WR,LAC,LV,0,85.4690035702694,7.464878998496561
2026,14,00-0040727,Tre Harris,WR,LAC,LV,0,85.4690035702694,7.370550308679457
2026,14,00-0038563,Tre Tucker,WR,LV,LAC,1,101.30801687763714,7.31190396083214
2026,14,00-0039919,Rome Odunze,WR,CHI,MIA,0,87.75397598182408,7.173627580982155
2026,14,00-0036550,Rashod Bateman,WR,BAL,TB,1,92.63550795196363,6.861865123213275
2026,14,00-0038618,Xavier Hutchinson,WR,HOU,WAS,0,122.68289516390783,6.743094120893274
2026,14,00-0041523,Caleb Douglas,WR,MIA,CHI,1,91.80460889321648,6.614017523490579
2026,14,00-0034960,Jakobi Meyers,WR,JAX,PIT,1,93.5702693930542,6.599851242263744
2026,14,00-0039894,Xavier Worthy,WR,KC,CIN,0,97.9324894514768,6.47149680633907
2026,14,00-0038544,Quentin Johnston,WR,LAC,LV,0,85.4690035702694,6.336252805941431
2026,14,00-0041048,Ted Hurst III,WR,TB,BAL,0,107.59169100941253,6.315043439556296
2026,14,00-0033921,Chris Godwin Jr.,WR,TB,BAL,0,107.59169100941253,6.284682687262663
2026,14,00-0037261,Khalil Shakir,WR,BUF,GB,0,106.13761765660499,6.190234420547601
2026,14,00-0033908,Cooper Kupp,WR,SEA,NYG,1,105.92989289191823,6.109369513322044
2026,14,00-0034348,Courtland Sutton,WR,DEN,NYJ,0,94.92048036351834,5.643133470331363
2026,14,00-0037816,Romeo Doubs,WR,NE,MIN,1,105.67023693605972,5.52039289677718
2026,14,00-0039893,Brian Thomas Jr.,WR,JAX,PIT,1,93.5702693930542,5.510514544022691
2026,14,00-0040134,Pat Bryant,WR,DEN,NYJ,0,94.92048036351834,5.494441494507858
2026,14,00-0037545,Rashid Shaheed,WR,SEA,NYG,1,105.92989289191823,5.463019263364289
2026,14,00-0038104,Tyquan Thornton,WR,KC,CIN,0,97.9324894514768,5.433306256743381
2026,14,00-0041040,Antonio Williams,WR,WAS,HOU,1,112.2654982148653,5.164240083156156
2026,14,00-0040170,Elic Ayomanor,WR,TEN,DET,0,111.79811749432001,5.156577209396369
2026,14,00-0041525,Chris Bell,WR,MIA,CHI,1,91.80460889321648,5.124485581926542
2026,14,00-0040867,Makai Lemon,WR,PHI,IND,1,104.52775073028238,5.058029008725672
2026,14,00-0039901,Keon Coleman,WR,BUF,GB,0,106.13761765660499,5.0256862482722315
2026,14,00-0037664,Alec Pierce,WR,IND,PHI,0,106.0856864654333,4.9286815825404044
2026,14,00-0041042,Malachi Fields,WR,NYG,SEA,0,87.13080168776371,4.915786710922892
2026,14,00-0040590,Konata Mumpfield,WR,LA,SF,0,93.72606296656929,4.831273544131214
2026,14,00-0038621,DeMario Douglas,WR,NE,MIN,1,105.67023693605972,4.7760145674017265
2026,14,00-0040669,Isaac TeSlaa,WR,DET,TEN,1,101.30801687763714,4.730783257267545
2026,14,00-0037741,Jahan Dotson,WR,ATL,CLE,0,106.03375527426161,4.545259292248656
2026,14,00-0032775,Demarcus Robinson,WR,SF,LA,1,97.9324894514768,4.5430455257930396
2026,14,00-0037291,Jalen Nailor,WR,LV,LAC,1,101.30801687763714,4.470764604465165
2026,14,00-0036252,Michael Pittman,WR,PIT,JAX,0,98.00519311911717,4.43646636948623
2026,14,00-0039451,Isaiah Williams,WR,NYJ,DEN,1,92.73937033430705,4.2978067739104215
2026,14,00-0041489,Germie Bernard,WR,PIT,JAX,0,98.00519311911717,4.2780249146535265
2026,14,00-0032398,Chris Moore,WR,BAL,TB,1,92.63550795196363,4.244557571789722
2026,14,00-0040138,Jaylin Noel,WR,HOU,WAS,0,122.68289516390783,4.139748547446625
2026,14,00-0038608,Kayshon Boutte,WR,HOU,WAS,0,122.68289516390783,4.045489629439256
2026,14,00-0036309,Darnell Mooney,WR,NYG,SEA,0,87.13080168776371,3.9617243107253373
2026,14,00-0038728,Jared Wayne,WR,HOU,WAS,0,122.68289516390783,3.9077418146968994
2026,14,00-0035891,Cody White,WR,LV,LAC,1,101.30801687763714,3.809910943012145
2026,14,00-0040729,Jack Bech,WR,LV,LAC,1,101.30801687763714,3.8041597431096914
2026,14,00-0036988,Josh Palmer,WR,BUF,GB,0,106.13761765660499,3.7470458052710267
2026,14,00-0036626,Dyami Brown,WR,WAS,HOU,1,112.2654982148653,3.5657369054083063
2026,14,00-0032951,Laquon Treadwell,WR,IND,PHI,0,106.0856864654333,3.512105655679898
2026,14,00-0040785,Dohnte Meyers,WR,CIN,KC,1,85.2612788055826,3.483768044082293
2026,14,00-0038090,Skyy Moore,WR,GB,BUF,1,110.39597533268422,3.478227355820053
2026,14,00-0040237,Tez Johnson,WR,TB,BAL,0,107.59169100941253,3.403633337124295
2026,14,00-0038840,Brycen Tremayne,WR,CAR,NO,1,95.18013631937683,3.3596057318650123
2026,14,00-0038824,Ryan Miller,WR,MIA,CHI,1,91.80460889321648,3.1716541681356354
2026,14,00-0037614,John Metchie III,WR,CAR,NO,1,95.18013631937683,3.170454473329391
2026,14,00-0039342,Xavier Legette,WR,CAR,NO,1,95.18013631937683,3.0536044343385145
2026,14,00-0039146,Jayden Reed,WR,GB,BUF,1,110.39597533268422,2.954314819968663
2026,14,00-0041067,Bryce Lance,WR,NO,CAR,0,86.09217786432977,2.9146783164853645
2026,14,00-0038619,Andrei Iosivas,WR,CIN,KC,1,85.2612788055826,2.786185762565339
2026,14,00-0036407,Jerry Jeudy,WR,CLE,ATL,1,109.92859461213892,2.776378081497204
2026,14,00-0035208,Olamide Zaccheaus,WR,ATL,CLE,0,106.03375527426161,2.7586940538549185
2026,14,00-0040131,Kyle Williams,WR,NE,MIN,1,105.67023693605972,2.653539837719485
2026,14,00-0037742,Treylon Burks,WR,WAS,HOU,1,112.2654982148653,2.5150787801127783
2026,14,00-0040948,J. Michael Sturdivant,WR,GB,BUF,1,110.39597533268422,2.458685183618937
2026,14,00-0041529,Kevin Coleman Jr.,WR,MIA,CHI,1,91.80460889321648,2.177683803776306
2026,14,00-0034837,Calvin Ridley,WR,TEN,DET,0,111.79811749432001,2.0503180978921334
2026,14,00-0036259,Jauan Jennings,WR,MIN,NE,0,101.25608568646545,1.8922877901512982
2026,14,00-0039792,Devontez Walker,WR,BAL,TB,1,92.63550795196363,1.860673069389943
2026,14,00-0040563,Efton Chism III,WR,NE,MIN,1,105.67023693605972,1.5757440176292592
2026,15,00-0036963,Amon-Ra St. Brown,WR,DET,MIN,0,105.67023693605972,16.8087595955443
2026,15,00-0038543,Jaxon Smith-Njigba,WR,SEA,PHI,0,106.0856864654333,15.451557429043786
2026,15,00-0037239,Chris Olave,WR,NO,TB,0,92.63550795196363,15.123895087672569
2026,15,00-0036358,CeeDee Lamb,WR,DAL,LA,0,97.9324894514768,13.793372012887087
2026,15,00-0031381,Davante Adams,WR,LA,DAL,1,96.1148977604674,12.953990120967626
2026,15,00-0032464,Kalif Raymond,WR,CHI,BUF,0,110.39597533268422,12.40988384629523
2026,15,00-0038124,Christian Watson,WR,GB,MIA,1,87.75397598182408,12.234247860193488
2026,15,00-0037740,Garrett Wilson,WR,NYJ,ARI,0,110.81142486205776,11.986679098855891
2026,15,00-0039064,Zay Flowers,WR,BAL,PIT,0,93.5702693930542,11.947818567157103
2026,15,00-0038559,Michael Wilson,WR,ARI,NYJ,1,94.92048036351834,11.518577019370678
2026,15,00-0040667,Matthew Golden,WR,GB,MIA,1,87.75397598182408,11.21971942207604
2026,15,00-0036912,DeVonta Smith,WR,PHI,SEA,1,87.13080168776371,11.165145935853847
2026,15,00-0036900,Ja'Marr Chase,WR,CIN,CAR,0,86.09217786432977,11.125615965615484
2026,15,00-0036410,Tee Higgins,WR,CIN,CAR,0,86.09217786432977,11.077525162553556
2026,15,00-0038606,Parker Washington,WR,JAX,HOU,0,112.2654982148653,10.997717221622683
2026,15,00-0037238,Drake London,WR,ATL,WAS,0,122.68289516390783,10.898529800232504
2026,15,00-0038997,Josh Downs,WR,IND,TEN,0,101.30801687763714,10.662897877261686
2026,15,00-0036322,Justin Jefferson,WR,MIN,DET,1,111.79811749432001,10.267577361380472
2026,15,00-0040735,Luther Burden III,WR,CHI,BUF,0,110.39597533268422,10.217348099014087
2026,15,00-0039491,Jalen Coker,WR,CAR,CIN,1,97.9324894514768,10.202273787344675
2026,15,00-0037247,George Pickens,WR,DAL,LA,0,97.9324894514768,9.88991580067072
2026,15,00-0039880,Malik Washington,WR,MIA,GB,0,106.13761765660499,9.760409765813625
2026,15,00-0040129,Emeka Egbuka,WR,TB,NO,1,95.18013631937683,9.56450573835031
2026,15,00-0031588,Stefon Diggs,WR,WAS,ATL,1,109.92859461213892,9.210734122939275
2026,15,00-0034827,DJ Moore,WR,BUF,CHI,1,91.80460889321648,9.20852241251352
2026,15,00-0040124,Tetairoa McMillan,WR,CAR,CIN,1,97.9324894514768,9.175950341421622
2026,15,00-0041438,Carnell Tate,WR,TEN,IND,1,104.52775073028238,8.889041722289488
2026,15,00-0035659,Terry McLaurin,WR,WAS,ATL,1,109.92859461213892,8.698083722250306
2026,15,00-0039890,Adonai Mitchell,WR,NYJ,ARI,0,110.81142486205776,8.5976736002594
2026,15,00-0039424,Devaughn Vele,WR,NO,TB,0,92.63550795196363,8.412286835410509
2026,15,00-0039067,Rashee Rice,WR,KC,NE,1,101.25608568646545,8.29670098782329
2026,15,00-0036613,Jaylen Waddle,WR,DEN,LV,0,85.4690035702694,8.260166211516886
2026,15,00-0031408,Mike Evans,WR,SF,LAC,0,101.30801687763714,8.0983422399282
2026,15,00-0035640,DK Metcalf,WR,PIT,BAL,1,107.59169100941253,8.055404718866336
2026,15,00-0039337,Malik Nabers,WR,NYG,CLE,1,106.03375527426161,8.038569276487927
2026,15,00-0035719,Deebo Samuel Sr.,WR,SF,LAC,0,101.30801687763714,7.897368200246381
2026,15,00-0039739,Roman Wilson,WR,PIT,BAL,1,107.59169100941253,7.8524051242989445
2026,15,00-0041547,KC Concepcion,WR,CLE,NYG,0,105.92989289191823,7.844249175520405
2026,15,00-0038994,Jordan Addison,WR,MIN,DET,1,111.79811749432001,7.742806183549014
2026,15,00-0030279,Keenan Allen,WR,IND,TEN,0,101.30801687763714,7.700917744064721
2026,15,00-0038117,Wan'Dale Robinson,WR,TEN,IND,1,104.52775073028238,7.618664121871825
2026,15,00-0041037,Denzel Boston,WR,CLE,NYG,0,105.92989289191823,7.443475043673237
2026,15,00-0037240,Jameson Williams,WR,DET,MIN,0,105.67023693605972,7.425028183731602
2026,15,00-0039915,Ladd McConkey,WR,LAC,SF,1,93.72606296656929,7.32231720790883
2026,15,00-0040727,Tre Harris,WR,LAC,SF,1,93.72606296656929,7.245800048577049
2026,15,00-0039919,Rome Odunze,WR,CHI,BUF,0,110.39597533268422,7.167413301897721
2026,15,00-0033555,Mack Hollins,WR,NE,KC,0,85.2612788055826,6.9987404542496465
2026,15,00-0038563,Tre Tucker,WR,LV,DEN,1,92.73937033430705,6.955211211640529
2026,15,00-0038618,Xavier Hutchinson,WR,HOU,JAX,1,98.00519311911717,6.897644042266325
2026,15,00-0038393,Dontayvion Wicks,WR,PHI,SEA,1,87.13080168776371,6.675555151499907
2026,15,00-0039894,Xavier Worthy,WR,KC,NE,1,101.25608568646545,6.516839071714795
2026,15,00-0041523,Caleb Douglas,WR,MIA,GB,0,106.13761765660499,6.403855263677189
2026,15,00-0036550,Rashod Bateman,WR,BAL,PIT,0,93.5702693930542,6.341283558915392
2026,15,00-0038544,Quentin Johnston,WR,LAC,SF,1,93.72606296656929,6.24058916826205
2026,15,00-0034960,Jakobi Meyers,WR,JAX,HOU,0,112.2654982148653,6.185176475103505
2026,15,00-0039410,Ryan Flournoy,WR,DAL,LA,0,97.9324894514768,6.179974377686527
2026,15,00-0033307,Kendrick Bourne,WR,ARI,NYJ,1,94.92048036351834,6.147488458926236
2026,15,00-0037261,Khalil Shakir,WR,BUF,CHI,1,91.80460889321648,6.10002597492435
2026,15,00-0041048,Ted Hurst III,WR,TB,NO,1,95.18013631937683,6.08785057460366
2026,15,00-0033921,Chris Godwin Jr.,WR,TB,NO,1,95.18013631937683,6.060665038263561
2026,15,00-0033908,Cooper Kupp,WR,SEA,PHI,0,106.0856864654333,5.770409391102435
2026,15,00-0034348,Courtland Sutton,WR,DEN,LV,0,85.4690035702694,5.561562687760295
2026,15,00-0040134,Pat Bryant,WR,DEN,LV,0,85.4690035702694,5.546203301740251
2026,15,00-0037545,Rashid Shaheed,WR,SEA,PHI,0,106.0856864654333,5.355516877130217
2026,15,00-0039893,Brian Thomas Jr.,WR,JAX,HOU,0,112.2654982148653,5.219279637861666
2026,15,00-0037816,Romeo Doubs,WR,NE,KC,0,85.2612788055826,5.135799200111858
2026,15,00-0040590,Konata Mumpfield,WR,LA,DAL,1,96.1148977604674,5.134614983531948
2026,15,00-0041040,Antonio Williams,WR,WAS,ATL,1,109.92859461213892,5.106601107691913
2026,15,00-0040170,Elic Ayomanor,WR,TEN,IND,1,104.52775073028238,5.104041126240865
2026,15,00-0038104,Tyquan Thornton,WR,KC,NE,1,101.25608568646545,5.089124175192507
2026,15,00-0041042,Malachi Fields,WR,NYG,CLE,1,106.03375527426161,4.967727201942493
2026,15,00-0041525,Chris Bell,WR,MIA,GB,0,106.13761765660499,4.966108624653838
2026,15,00-0039901,Keon Coleman,WR,BUF,CHI,1,91.80460889321648,4.7494033963192965
2026,15,00-0037664,Alec Pierce,WR,IND,TEN,0,101.30801687763714,4.7461121892108675
2026,15,00-0036252,Michael Pittman,WR,PIT,BAL,1,107.59169100941253,4.577475668637025
2026,15,00-0040669,Isaac TeSlaa,WR,DET,MIN,0,105.67023693605972,4.5563344291003585
2026,15,00-0040867,Makai Lemon,WR,PHI,SEA,1,87.13080168776371,4.373157043533421
2026,15,00-0038621,DeMario Douglas,WR,NE,KC,0,85.2612788055826,4.349479527787919
2026,15,00-0032775,Demarcus Robinson,WR,SF,LAC,0,101.30801687763714,4.324537367149622
2026,15,00-0037291,Jalen Nailor,WR,LV,DEN,1,92.73937033430705,4.3203805135253965
2026,15,00-0041489,Germie Bernard,WR,PIT,BAL,1,107.59169100941253,4.282144868210789
2026,15,00-0037741,Jahan Dotson,WR,ATL,WAS,0,122.68289516390783,4.228048271162516
2026,15,00-0038608,Kayshon Boutte,WR,HOU,JAX,1,98.00519311911717,4.055385436575904
2026,15,00-0032398,Chris Moore,WR,BAL,PIT,0,93.5702693930542,4.0521613097537745
2026,15,00-0040138,Jaylin Noel,WR,HOU,JAX,1,98.00519311911717,4.003757967583932
2026,15,00-0038728,Jared Wayne,WR,HOU,JAX,1,98.00519311911717,3.9425195815217946
2026,15,00-0039451,Isaiah Williams,WR,NYJ,ARI,0,110.81142486205776,3.894977536365871
2026,15,00-0036309,Darnell Mooney,WR,NYG,CLE,1,106.03375527426161,3.894237356245041
2026,15,00-0035891,Cody White,WR,LV,DEN,1,92.73937033430705,3.71877486498101
2026,15,00-0036988,Josh Palmer,WR,BUF,CHI,1,91.80460889321648,3.692804005165142
2026,15,00-0039849,Marvin Harrison Jr.,WR,ARI,NYJ,1,94.92048036351834,3.652158448145921
2026,15,00-0036626,Dyami Brown,WR,WAS,ATL,1,109.92859461213892,3.5717856828804972
2026,15,00-0038840,Brycen Tremayne,WR,CAR,CIN,1,97.9324894514768,3.5328964887732504
2026,15,00-0040729,Jack Bech,WR,LV,DEN,1,92.73937033430705,3.525487084940126
2026,15,00-0032951,Laquon Treadwell,WR,IND,TEN,0,101.30801687763714,3.38483398066758
2026,15,00-0037614,John Metchie III,WR,CAR,CIN,1,97.9324894514768,3.312070031586582
2026,15,00-0040785,Dohnte Meyers,WR,CIN,CAR,0,86.09217786432977,3.2894357499910116
2026,15,00-0040237,Tez Johnson,WR,TB,NO,1,95.18013631937683,3.257539962332989
2026,15,00-0039342,Xavier Legette,WR,CAR,CIN,1,97.9324894514768,3.179384408006565
2026,15,00-0038090,Skyy Moore,WR,GB,MIA,1,87.75397598182408,3.1268317225049316
2026,15,00-0038824,Ryan Miller,WR,MIA,GB,0,106.13761765660499,3.0545806737569574
2026,15,00-0041067,Bryce Lance,WR,NO,TB,0,92.63550795196363,2.966212321471799
2026,15,00-0035208,Olamide Zaccheaus,WR,ATL,WAS,0,122.68289516390783,2.705153304176669
2026,15,00-0039146,Jayden Reed,WR,GB,MIA,1,87.75397598182408,2.6276751798572304
2026,15,00-0038619,Andrei Iosivas,WR,CIN,CAR,0,86.09217786432977,2.5910410369684715
2026,15,00-0037742,Treylon Burks,WR,WAS,ATL,1,109.92859461213892,2.5418836992947225
2026,15,00-0036407,Jerry Jeudy,WR,CLE,NYG,0,105.92989289191823,2.319623056575063
2026,15,00-0040131,Kyle Williams,WR,NE,KC,0,85.2612788055826,2.2440368874471788
2026,15,00-0036259,Jauan Jennings,WR,MIN,DET,1,111.79811749432001,2.1071713784967665
2026,15,00-0040948,J. Michael Sturdivant,WR,GB,MIA,1,87.75397598182408,2.1018769775322363
2026,15,00-0041529,Kevin Coleman Jr.,WR,MIA,GB,0,106.13761765660499,2.018990123772034
2026,15,00-0034837,Calvin Ridley,WR,TEN,IND,1,104.52775073028238,1.9758409519433355
2026,15,00-0039792,Devontez Walker,WR,BAL,PIT,0,93.5702693930542,1.6844761320367863
2026,15,00-0040563,Efton Chism III,WR,NE,KC,0,85.2612788055826,1.201936298905248
2026,16,00-0036963,Amon-Ra St. Brown,WR,DET,NYG,1,105.92989289191823,16.64511989847732
2026,16,00-0038543,Jaxon Smith-Njigba,WR,SEA,LA,1,97.9324894514768,15.693863964759636
2026,16,00-0037239,Chris Olave,WR,NO,ARI,1,110.81142486205776,15.55548636566931
2026,16,00-0036358,CeeDee Lamb,WR,DAL,JAX,1,98.00519311911717,13.938953253418994
2026,16,00-0032464,Kalif Raymond,WR,CHI,GB,1,106.13761765660499,12.531525127324961
2026,16,00-0039064,Zay Flowers,WR,BAL,CLE,1,106.03375527426161,12.487827586464974
2026,16,00-0031381,Davante Adams,WR,LA,SEA,0,87.13080168776371,12.24978815804742
2026,16,00-0037740,Garrett Wilson,WR,NYJ,NE,1,101.25608568646545,11.870960131915966
2026,16,00-0038124,Christian Watson,WR,GB,CHI,0,91.80460889321648,11.777536197271758
2026,16,00-0036410,Tee Higgins,WR,CIN,IND,0,104.52775073028238,11.663988605752792
2026,16,00-0036912,DeVonta Smith,WR,PHI,HOU,1,112.2654982148653,11.54783063944388
2026,16,00-0036900,Ja'Marr Chase,WR,CIN,IND,0,104.52775073028238,11.354192360334405
2026,16,00-0038559,Michael Wilson,WR,ARI,NO,0,95.18013631937683,11.248420846733165
2026,16,00-0038606,Parker Washington,WR,JAX,DAL,0,96.1148977604674,10.947657228862253
2026,16,00-0040667,Matthew Golden,WR,GB,CHI,0,91.80460889321648,10.905904831291611
2026,16,00-0037238,Drake London,WR,ATL,TB,1,92.63550795196363,10.783678382628594
2026,16,00-0040735,Luther Burden III,WR,CHI,GB,1,106.13761765660499,10.64017810763265
2026,16,00-0038997,Josh Downs,WR,IND,CIN,1,97.9324894514768,10.55117177864836
2026,16,00-0037247,George Pickens,WR,DAL,JAX,1,98.00519311911717,10.193724531733299
2026,16,00-0036322,Justin Jefferson,WR,MIN,WAS,1,122.68289516390783,9.974459444843614
2026,16,00-0039491,Jalen Coker,WR,CAR,PIT,0,93.5702693930542,9.782999416189234
2026,16,00-0039880,Malik Washington,WR,MIA,LAC,1,101.30801687763714,9.66187838572154
2026,16,00-0040129,Emeka Egbuka,WR,TB,ATL,0,109.92859461213892,9.407653492914068
2026,16,00-0031588,Stefon Diggs,WR,WAS,MIN,0,105.67023693605972,9.174105592139323
2026,16,00-0034827,DJ Moore,WR,BUF,DEN,0,92.73937033430705,9.156521932940715
2026,16,00-0040124,Tetairoa McMillan,WR,CAR,PIT,0,93.5702693930542,9.02639056112135
2026,16,00-0035659,Terry McLaurin,WR,WAS,MIN,0,105.67023693605972,8.690369009563822
2026,16,00-0041438,Carnell Tate,WR,TEN,LV,0,85.4690035702694,8.52411645605445
2026,16,00-0039890,Adonai Mitchell,WR,NYJ,NE,1,101.25608568646545,8.473982700604322
2026,16,00-0036613,Jaylen Waddle,WR,DEN,BUF,1,110.39597533268422,8.425389832961754
2026,16,00-0039337,Malik Nabers,WR,NYG,DET,0,111.79811749432001,8.364361391417393
2026,16,00-0039067,Rashee Rice,WR,KC,SF,1,93.72606296656929,8.271857428871893
2026,16,00-0039424,Devaughn Vele,WR,NO,ARI,1,110.81142486205776,8.244876076398675
2026,16,00-0041547,KC Concepcion,WR,CLE,BAL,0,107.59169100941253,7.947448201954022
2026,16,00-0031408,Mike Evans,WR,SF,KC,0,85.2612788055826,7.94659433743259
2026,16,00-0041037,Denzel Boston,WR,CLE,BAL,0,107.59169100941253,7.874863744971263
2026,16,00-0035719,Deebo Samuel Sr.,WR,SF,KC,0,85.2612788055826,7.792516064622003
2026,16,00-0035640,DK Metcalf,WR,PIT,CAR,1,86.09217786432977,7.666048664138083
2026,16,00-0039919,Rome Odunze,WR,CHI,GB,1,106.13761765660499,7.658760676015972
2026,16,00-0030279,Keenan Allen,WR,IND,CIN,1,97.9324894514768,7.589191645451397
2026,16,00-0038994,Jordan Addison,WR,MIN,WAS,1,122.68289516390783,7.554343027479691
2026,16,00-0037240,Jameson Williams,WR,DET,NYG,1,105.92989289191823,7.483796890813666
2026,16,00-0039739,Roman Wilson,WR,PIT,CAR,1,86.09217786432977,7.123737106812969
2026,16,00-0038563,Tre Tucker,WR,LV,TEN,1,101.30801687763714,7.1002440533177404
2026,16,00-0038117,Wan'Dale Robinson,WR,TEN,LV,0,85.4690035702694,7.0890877164411945
2026,16,00-0040727,Tre Harris,WR,LAC,MIA,0,87.75397598182408,6.992897563819801
2026,16,00-0039915,Ladd McConkey,WR,LAC,MIA,0,87.75397598182408,6.9910385494189775
2026,16,00-0033555,Mack Hollins,WR,NE,NYJ,0,94.92048036351834,6.887400980648163
2026,16,00-0038393,Dontayvion Wicks,WR,PHI,HOU,1,112.2654982148653,6.807316190974618
2026,16,00-0038618,Xavier Hutchinson,WR,HOU,PHI,0,106.0856864654333,6.655015022302896
2026,16,00-0039894,Xavier Worthy,WR,KC,SF,1,93.72606296656929,6.5642548935450336
2026,16,00-0041523,Caleb Douglas,WR,MIA,LAC,1,101.30801687763714,6.440953914727549
2026,16,00-0036550,Rashod Bateman,WR,BAL,CLE,1,106.03375527426161,6.360494213666815
2026,16,00-0039410,Ryan Flournoy,WR,DAL,JAX,1,98.00519311911717,6.319902161636838
2026,16,00-0034960,Jakobi Meyers,WR,JAX,DAL,0,96.1148977604674,6.271218754176283
2026,16,00-0033921,Chris Godwin Jr.,WR,TB,ATL,0,109.92859461213892,6.223321597828355
2026,16,00-0041048,Ted Hurst III,WR,TB,ATL,0,109.92859461213892,6.112722893270201
2026,16,00-0038544,Quentin Johnston,WR,LAC,MIA,0,87.75397598182408,6.064815030041334
2026,16,00-0037261,Khalil Shakir,WR,BUF,DEN,0,92.73937033430705,5.937628931794865
2026,16,00-0033307,Kendrick Bourne,WR,ARI,NO,0,95.18013631937683,5.926472967741865
2026,16,00-0034348,Courtland Sutton,WR,DEN,BUF,1,110.39597533268422,5.885077044024672
2026,16,00-0040134,Pat Bryant,WR,DEN,BUF,1,110.39597533268422,5.843316306150163
2026,16,00-0033908,Cooper Kupp,WR,SEA,LA,1,97.9324894514768,5.789936867567327
2026,16,00-0037545,Rashid Shaheed,WR,SEA,LA,1,97.9324894514768,5.47087129497082
2026,16,00-0039893,Brian Thomas Jr.,WR,JAX,DAL,0,96.1148977604674,5.299375407275629
2026,16,00-0038104,Tyquan Thornton,WR,KC,SF,1,93.72606296656929,5.1901273475314795
2026,16,00-0041042,Malachi Fields,WR,NYG,DET,0,111.79811749432001,5.006646311945451
2026,16,00-0037816,Romeo Doubs,WR,NE,NYJ,0,94.92048036351834,4.972820477934656
2026,16,00-0041525,Chris Bell,WR,MIA,LAC,1,101.30801687763714,4.948981346426346
2026,16,00-0041040,Antonio Williams,WR,WAS,MIN,0,105.67023693605972,4.866588495506005
2026,16,00-0037664,Alec Pierce,WR,IND,CIN,1,97.9324894514768,4.724825231018134
2026,16,00-0040867,Makai Lemon,WR,PHI,HOU,1,112.2654982148653,4.60383591141801
2026,16,00-0039901,Keon Coleman,WR,BUF,DEN,0,92.73937033430705,4.574551960920477
2026,16,00-0040669,Isaac TeSlaa,WR,DET,NYG,1,105.92989289191823,4.565618416492596
2026,16,00-0040170,Elic Ayomanor,WR,TEN,LV,0,85.4690035702694,4.559486661049403
2026,16,00-0040590,Konata Mumpfield,WR,LA,SEA,0,87.13080168776371,4.505069041449682
2026,16,00-0037291,Jalen Nailor,WR,LV,TEN,1,101.30801687763714,4.4319709417585464
2026,16,00-0037741,Jahan Dotson,WR,ATL,TB,1,92.63550795196363,4.4170001550586635
2026,16,00-0038621,DeMario Douglas,WR,NE,NYJ,0,94.92048036351834,4.224760869764358
2026,16,00-0036252,Michael Pittman,WR,PIT,CAR,1,86.09217786432977,4.120653036885468
2026,16,00-0036309,Darnell Mooney,WR,NYG,DET,0,111.79811749432001,4.046222035969526
2026,16,00-0032775,Demarcus Robinson,WR,SF,KC,0,85.2612788055826,3.986199352517498
2026,16,00-0032398,Chris Moore,WR,BAL,CLE,1,106.03375527426161,3.9508836844418735
2026,16,00-0041489,Germie Bernard,WR,PIT,CAR,1,86.09217786432977,3.9317166661396636
2026,16,00-0039451,Isaiah Williams,WR,NYJ,NE,1,101.25608568646545,3.92400257774545
2026,16,00-0040138,Jaylin Noel,WR,HOU,PHI,0,106.0856864654333,3.8266749961209037
2026,16,00-0038608,Kayshon Boutte,WR,HOU,PHI,0,106.0856864654333,3.7882206721341496
2026,16,00-0035891,Cody White,WR,LV,TEN,1,101.30801687763714,3.7373346209413523
2026,16,00-0038728,Jared Wayne,WR,HOU,PHI,0,106.0856864654333,3.632317455089096
2026,16,00-0036988,Josh Palmer,WR,BUF,DEN,0,92.73937033430705,3.5304069620356584
2026,16,00-0040729,Jack Bech,WR,LV,TEN,1,101.30801687763714,3.5271345514631802
2026,16,00-0040785,Dohnte Meyers,WR,CIN,IND,0,104.52775073028238,3.4785187741103076
2026,16,00-0036626,Dyami Brown,WR,WAS,MIN,0,105.67023693605972,3.440080163005367
2026,16,00-0039849,Marvin Harrison Jr.,WR,ARI,NO,0,95.18013631937683,3.4252208745730126
2026,16,00-0038840,Brycen Tremayne,WR,CAR,PIT,0,93.5702693930542,3.376047420538225
2026,16,00-0040237,Tez Johnson,WR,TB,ATL,0,109.92859461213892,3.3710575967224825
2026,16,00-0032951,Laquon Treadwell,WR,IND,CIN,1,97.9324894514768,3.3205668946472215
2026,16,00-0037614,John Metchie III,WR,CAR,PIT,0,93.5702693930542,3.233232305205029
2026,16,00-0039342,Xavier Legette,WR,CAR,PIT,0,93.5702693930542,3.0418065761036273
2026,16,00-0038824,Ryan Miller,WR,MIA,LAC,1,101.30801687763714,2.9801653189299335
2026,16,00-0038090,Skyy Moore,WR,GB,CHI,0,91.80460889321648,2.922432805745852
2026,16,00-0041067,Bryce Lance,WR,NO,ARI,1,110.81142486205776,2.8982101011325945
2026,16,00-0038619,Andrei Iosivas,WR,CIN,IND,0,104.52775073028238,2.783604980925044
2026,16,00-0035208,Olamide Zaccheaus,WR,ATL,TB,1,92.63550795196363,2.7753052997523566
2026,16,00-0036407,Jerry Jeudy,WR,CLE,BAL,0,107.59169100941253,2.5111856338132834
2026,16,00-0037742,Treylon Burks,WR,WAS,MIN,0,105.67023693605972,2.4620031570963965
2026,16,00-0039146,Jayden Reed,WR,GB,CHI,0,91.80460889321648,2.435730655367486
2026,16,00-0040131,Kyle Williams,WR,NE,NYJ,0,94.92048036351834,2.1275932458391638
2026,16,00-0041529,Kevin Coleman Jr.,WR,MIA,LAC,1,101.30801687763714,2.030789263518807
2026,16,00-0040948,J. Michael Sturdivant,WR,GB,CHI,0,91.80460889321648,1.9729010245180212
2026,16,00-0036259,Jauan Jennings,WR,MIN,WAS,1,122.68289516390783,1.9234307561155393
2026,16,00-0039792,Devontez Walker,WR,BAL,CLE,1,106.03375527426161,1.6365255456525212
2026,16,00-0034837,Calvin Ridley,WR,TEN,LV,0,85.4690035702694,1.5869815948761468
2026,16,00-0040563,Efton Chism III,WR,NE,NYJ,0,94.92048036351834,1.102755385640726
