season,week,game_id,player_id,player_name,position,team,opponent,market,projection,model_projection,recent_baseline,model_weight,historical_residual_sd,games_current_season,availability_flag,availability_ok,report_status,practice_status,primary_injury,team_spread,game_total,team_implied_points,recent_volume,usage_share,opp_matchup_eff,opp_matchup_yards
2026,5,2026_05_IND_PIT,00-0023459,Aaron Rodgers,QB,PIT,IND,pass_attempts,34.79042833862859,34.79042833862859,38.53333333333333,1.0,10.232,4,NOT_LISTED,True,,,,2.5,44.5,23.5,39.833333333333336,0.9917682926829269,0.1407783793769441,7.5267548099021315
2026,5,2026_05_BUF_LA,00-0026498,Matthew Stafford,QB,LA,BUF,pass_attempts,36.4888258144119,36.4888258144119,43.4,1.0,10.232,4,NOT_LISTED,True,,,,3.0,54.5,28.75,40.0,0.9821428571428571,-0.05548814477474302,5.635218445130121
2026,5,2026_05_CHI_GB,00-0028986,Case Keenum,QB,CHI,GB,pass_attempts,25.356229491445017,25.356229491445017,25.266666666666666,1.0,10.232,1,NOT_LISTED,True,,,,2.5,45.5,24.0,19.666666666666668,0.5893046107331822,0.18713215734884686,6.853471408765526
2026,5,2026_05_LV_NE,00-0029604,Kirk Cousins,QB,LV,NE,pass_attempts,35.68238890848751,35.68238890848751,35.86666666666667,1.0,10.232,4,NOT_LISTED,True,,,,-3.5,45.5,21.0,32.666666666666664,1.0,0.004219220760639311,6.117619428407968
2026,5,2026_05_CLE_NYJ,00-0030565,Geno Smith,QB,NYJ,CLE,pass_attempts,31.96259108063162,31.96259108063162,29.799999999999997,1.0,10.232,4,NOT_LISTED,True,,,,2.5,39.5,21.0,28.0,0.9888888888888889,-0.03963762558831056,6.4160206737003325
2026,5,2026_05_NYG_WAS,00-0031503,Jameis Winston,QB,NYG,WAS,pass_attempts,17.607506215323003,17.607506215323003,25.200000000000003,1.0,10.232,3,NOT_LISTED,True,,,,-4.5,41.5,18.5,24.0,0.8072916666666666,0.07475384034366883,6.652420774334399
2026,5,2026_05_NYG_WAS,00-0032268,Marcus Mariota,QB,WAS,NYG,pass_attempts,21.34353423553881,21.34353423553881,16.066666666666666,1.0,10.232,3,DNP,True,,Did Not Participate In Practice,,4.5,41.5,23.0,14.666666666666666,0.5567688806819242,-0.0602493268192795,6.557376277275174
2026,5,2026_05_MIN_NO,00-0032950,Carson Wentz,QB,MIN,NO,pass_attempts,28.2727980961188,28.2727980961188,25.733333333333334,1.0,10.232,2,NOT_LISTED,True,,,,2.5,41.5,22.0,31.333333333333332,0.939010496671787,0.05799804953246461,6.3957924614525155
2026,5,2026_05_TB_DAL,00-0033077,Dak Prescott,QB,DAL,TB,pass_attempts,35.940627533326655,35.940627533326655,36.4,1.0,10.232,4,NOT_LISTED,True,,,,9.5,48.5,29.0,33.0,0.9097222222222222,0.1228007875639109,6.872865604575163
2026,5,2026_05_DET_ARI,00-0033106,Jared Goff,QB,DET,ARI,pass_attempts,36.48983285894438,36.48983285894438,39.86666666666667,1.0,10.232,4,NOT_LISTED,True,,,,5.5,54.5,30.0,38.666666666666664,1.0,0.37095700328721865,7.892248430205748
2026,5,2026_05_DET_ARI,00-0033119,Jacoby Brissett,QB,ARI,DET,pass_attempts,36.00963112553373,36.00963112553373,37.666666666666664,1.0,10.232,4,NOT_LISTED,True,,,,-5.5,54.5,24.5,36.666666666666664,0.9947916666666666,0.10266819289671897,6.649415599289252
2026,5,2026_05_CLE_NYJ,00-0033537,Deshaun Watson,QB,CLE,NYJ,pass_attempts,30.856320900360547,30.856320900360547,28.93333333333333,1.0,10.232,4,NOT_LISTED,True,,,,-2.5,39.5,18.5,25.833333333333332,0.8824441687344913,0.3799893147280837,7.608999241572034
2026,5,2026_05_BAL_ATL,00-0033662,Cooper Rush,QB,ATL,BAL,pass_attempts,22.89871379023345,22.89871379023345,17.666666666666664,1.0,10.232,2,NOT_LISTED,True,,,,3.0,43.5,23.25,15.166666666666666,0.5806688205585265,0.10817347811480696,6.968386705619937
2026,5,2026_05_BAL_ATL,00-0034796,Lamar Jackson,QB,BAL,ATL,pass_attempts,26.585407648513275,26.585407648513275,22.46666666666667,1.0,10.232,4,DNP,True,,Did Not Participate In Practice,,-3.0,43.5,20.25,20.666666666666668,0.8649425287356323,0.006540530234941402,6.330753093163383
2026,5,2026_05_TB_DAL,00-0034855,Baker Mayfield,QB,TB,DAL,pass_attempts,29.33214607992799,29.33214607992799,31.733333333333334,1.0,10.232,3,OUT,False,Out,Did Not Participate In Practice,Thumb,-9.5,48.5,19.5,31.333333333333332,0.9864864864864865,0.4705700307419768,8.505812817154585
2026,5,2026_05_BUF_LA,00-0034857,Josh Allen,QB,BUF,LA,pass_attempts,30.87655669526432,30.87655669526432,29.53333333333333,1.0,10.232,4,NOT_LISTED,True,,,,-3.0,54.5,25.75,28.833333333333332,1.0,-0.019494050470675817,5.847637476043049
2026,5,2026_05_SF_SEA,00-0034869,Sam Darnold,QB,SEA,SF,pass_attempts,26.65572775009793,26.65572775009793,24.2,1.0,10.232,3,NOT_LISTED,True,,,,3.0,45.5,24.25,26.0,0.8435990338164251,0.11454549228960391,6.4571042068773465
2026,5,2026_05_MIN_NO,00-0035228,Kyler Murray,QB,MIN,NO,pass_attempts,26.3328085621777,26.3328085621777,26.06666666666667,1.0,10.232,3,NOT_LISTED,True,,,,2.5,41.5,22.0,29.666666666666668,0.8628472222222223,0.05799804953246461,6.3957924614525155
2026,5,2026_05_SF_SEA,00-0035704,Drew Lock,QB,SEA,SF,pass_attempts,20.914367274640302,20.914367274640302,14.933333333333334,1.0,10.232,2,NOT_LISTED,True,,,,3.0,45.5,24.25,13.333333333333334,0.5099206349206349,0.11454549228960391,6.4571042068773465
2026,5,2026_05_IND_PIT,00-0035710,Daniel Jones,QB,IND,PIT,pass_attempts,31.19208893983688,31.19208893983688,31.266666666666666,1.0,10.232,4,NOT_LISTED,True,,,,-2.5,44.5,21.0,27.666666666666668,0.8657407407407408,0.057264015361963495,7.74546796679198
2026,5,2026_05_BAL_ATL,00-0035993,Tyler Huntley,QB,BAL,ATL,pass_attempts,19.386957169097894,19.386957169097894,12.866666666666667,1.0,10.232,1,NOT_LISTED,True,,,,-3.0,43.5,20.25,12.666666666666666,0.5419202163624071,0.006540530234941402,6.330753093163383
2026,5,2026_05_CHI_GB,00-0036264,Jordan Love,QB,GB,CHI,pass_attempts,34.034201765372615,34.034201765372615,36.2,1.0,10.232,4,NOT_LISTED,True,,,,-2.5,45.5,21.5,34.5,0.923611111111111,-0.01895787938530588,6.953186625820897
2026,5,2026_05_DEN_LAC,00-0036355,Justin Herbert,QB,LAC,DEN,pass_attempts,31.51383346980209,31.51383346980209,30.4,1.0,10.232,4,NOT_LISTED,True,,,,-3.5,41.5,19.0,30.0,0.9947916666666666,-0.09455846420832109,5.655602398576912
2026,5,2026_05_PHI_JAX,00-0036389,Jalen Hurts,QB,PHI,JAX,pass_attempts,28.867408619133407,28.867408619133407,29.200000000000003,1.0,10.232,4,NOT_LISTED,True,,,,-7.5,41.5,17.0,28.5,0.9935897435897436,-0.1702104653983672,6.506935146166645
2026,5,2026_05_CIN_MIA,00-0036442,Joe Burrow,QB,CIN,MIA,pass_attempts,35.05864188183739,35.05864188183739,39.53333333333333,1.0,10.232,4,NOT_LISTED,True,,,,6.5,42.5,24.5,37.833333333333336,0.9768518518518517,0.37047209523101876,8.518959598393305
2026,5,2026_05_PHI_JAX,00-0036971,Trevor Lawrence,QB,JAX,PHI,pass_attempts,29.124364463531222,29.124364463531222,27.6,1.0,10.232,4,NOT_LISTED,True,,,,7.5,41.5,24.5,28.5,0.9895833333333334,-0.07329098310499965,5.82452472983406
2026,5,2026_05_SF_SEA,00-0037834,Brock Purdy,QB,SF,SEA,pass_attempts,31.16034666234055,31.16034666234055,27.333333333333332,1.0,10.232,4,NOT_LISTED,True,,,,-3.0,45.5,21.25,28.833333333333332,1.0,-0.16750320090578563,4.853633370597656
2026,5,2026_05_CIN_MIA,00-0038128,Malik Willis,QB,MIA,CIN,pass_attempts,25.61677096373935,25.61677096373935,24.2,1.0,10.232,4,NOT_LISTED,True,,,,-6.5,42.5,18.0,22.5,0.8830555555555556,0.0056948935588698735,7.041066992515163
2026,5,2026_05_LV_NE,00-0038476,Tommy DeVito,QB,NE,LV,pass_attempts,10.074021981300831,10.074021981300831,16.53333333333333,1.0,10.232,1,NOT_LISTED,True,,,,3.5,45.5,24.5,16.833333333333332,0.4891586742415041,0.030376162500259474,6.575533731619258
2026,5,2026_05_HOU_TEN,00-0039163,C.J. Stroud,QB,HOU,TEN,pass_attempts,34.0295995102185,34.0295995102185,36.06666666666666,1.0,10.232,4,NOT_LISTED,True,,,,7.5,38.5,23.0,33.666666666666664,0.9501488095238096,0.24441872834061978,7.830497322051736
2026,5,2026_05_DEN_LAC,00-0039732,Bo Nix,QB,DEN,LAC,pass_attempts,31.557637595004778,31.557637595004778,34.46666666666667,1.0,10.232,4,NOT_LISTED,True,,,,3.5,41.5,22.5,32.666666666666664,1.0,0.014659545510640023,7.0233970311899006
2026,5,2026_05_LV_NE,00-0039851,Drake Maye,QB,NE,LV,pass_attempts,28.045114409214676,28.045114409214676,27.200000000000003,1.0,10.232,4,NOT_LISTED,True,,Full Participation in Practice,,3.5,45.5,24.5,26.0,0.910772238514174,0.030376162500259474,6.575533731619258
2026,5,2026_05_NYG_WAS,00-0039910,Jayden Daniels,QB,WAS,NYG,pass_attempts,22.36002531241644,22.36002531241644,23.6,1.0,10.232,2,NOT_LISTED,True,,Full Participation in Practice,,4.5,41.5,23.0,23.5,0.8344246031746033,-0.0602493268192795,6.557376277275174
2026,5,2026_05_BAL_ATL,00-0039917,Michael Penix Jr.,QB,ATL,BAL,pass_attempts,29.67940340687198,29.67940340687198,23.133333333333333,1.0,10.232,2,NOT_LISTED,True,,,,3.0,43.5,23.25,27.333333333333332,0.9222222222222222,0.10817347811480696,6.968386705619937
2026,5,2026_05_CHI_GB,00-0039918,Caleb Williams,QB,CHI,GB,pass_attempts,30.00560026010381,30.00560026010381,30.4,1.0,10.232,2,DNP,True,,Did Not Participate In Practice,,2.5,45.5,24.0,32.0,0.9571428571428572,0.18713215734884686,6.853471408765526
2026,5,2026_05_CLE_NYJ,00-0040668,Shedeur Sanders,QB,CLE,NYJ,pass_attempts,20.071084437722185,20.071084437722185,19.333333333333332,1.0,10.232,1,NOT_LISTED,True,,,,-2.5,39.5,18.5,25.333333333333332,0.8331541218637993,0.3799893147280837,7.608999241572034
2026,5,2026_05_HOU_TEN,00-0040676,Cam Ward,QB,TEN,HOU,pass_attempts,31.071676307649227,31.071676307649227,28.2,1.0,10.232,4,NOT_LISTED,True,,,,-7.5,38.5,15.5,27.0,0.8484848484848485,0.05205539133025397,7.170065462152156
2026,5,2026_05_NYG_WAS,00-0040691,Jaxson Dart,QB,NYG,WAS,pass_attempts,28.352261023169575,28.352261023169575,22.866666666666667,1.0,10.232,2,NOT_LISTED,True,,,,-4.5,41.5,18.5,24.166666666666668,0.8498199904449905,0.07475384034366883,6.652420774334399
2026,5,2026_05_MIN_NO,00-0040743,Tyler Shough,QB,NO,MIN,pass_attempts,37.08920636341823,37.08920636341823,40.93333333333334,1.0,10.232,4,LIMITED,True,,Limited Participation in Practice,,-2.5,41.5,19.5,40.333333333333336,1.0,-0.3888597580555023,5.012554235853738
2026,5,2026_05_TB_DAL,00-0041251,Jalon Daniels,QB,TB,DAL,pass_attempts,22.099426425591716,22.099426425591716,15.0,1.0,10.232,2,NOT_LISTED,True,,,,-9.5,48.5,19.5,15.0,0.5405405405405406,0.4705700307419768,8.505812817154585
2026,5,2026_05_IND_PIT,00-0023459,Aaron Rodgers,QB,PIT,IND,completions,22.040227783828954,22.040227783828954,22.133333333333333,1.0,6.956,4,NOT_LISTED,True,,,,2.5,44.5,23.5,39.833333333333336,0.9917682926829269,0.1407783793769441,7.5267548099021315
2026,5,2026_05_BUF_LA,00-0026498,Matthew Stafford,QB,LA,BUF,completions,23.87975104374685,23.87975104374685,26.533333333333335,1.0,6.956,4,NOT_LISTED,True,,,,3.0,54.5,28.75,40.0,0.9821428571428571,-0.05548814477474302,5.635218445130121
2026,5,2026_05_CHI_GB,00-0028986,Case Keenum,QB,CHI,GB,completions,17.751907961716757,17.751907961716757,16.733333333333334,1.0,6.956,1,NOT_LISTED,True,,,,2.5,45.5,24.0,19.666666666666668,0.5893046107331822,0.18713215734884686,6.853471408765526
2026,5,2026_05_LV_NE,00-0029604,Kirk Cousins,QB,LV,NE,completions,22.638149332851004,22.638149332851004,22.666666666666664,1.0,6.956,4,NOT_LISTED,True,,,,-3.5,45.5,21.0,32.666666666666664,1.0,0.004219220760639311,6.117619428407968
2026,5,2026_05_CLE_NYJ,00-0030565,Geno Smith,QB,NYJ,CLE,completions,20.87174168846868,20.87174168846868,21.266666666666666,1.0,6.956,4,NOT_LISTED,True,,,,2.5,39.5,21.0,28.0,0.9888888888888889,-0.03963762558831056,6.4160206737003325
2026,5,2026_05_NYG_WAS,00-0031503,Jameis Winston,QB,NYG,WAS,completions,6.781944696920384,6.781944696920384,13.933333333333334,1.0,6.956,3,NOT_LISTED,True,,,,-4.5,41.5,18.5,24.0,0.8072916666666666,0.07475384034366883,6.652420774334399
2026,5,2026_05_NYG_WAS,00-0032268,Marcus Mariota,QB,WAS,NYG,completions,14.67114258579454,14.67114258579454,10.066666666666666,1.0,6.956,3,DNP,True,,Did Not Participate In Practice,,4.5,41.5,23.0,14.666666666666666,0.5567688806819242,-0.0602493268192795,6.557376277275174
2026,5,2026_05_MIN_NO,00-0032950,Carson Wentz,QB,MIN,NO,completions,18.036785683294244,18.036785683294244,15.533333333333333,1.0,6.956,2,NOT_LISTED,True,,,,2.5,41.5,22.0,31.333333333333332,0.939010496671787,0.05799804953246461,6.3957924614525155
2026,5,2026_05_TB_DAL,00-0033077,Dak Prescott,QB,DAL,TB,completions,25.000113656658446,25.000113656658446,25.333333333333336,1.0,6.956,4,NOT_LISTED,True,,,,9.5,48.5,29.0,33.0,0.9097222222222222,0.1228007875639109,6.872865604575163
2026,5,2026_05_DET_ARI,00-0033106,Jared Goff,QB,DET,ARI,completions,24.741006565887005,24.741006565887005,26.866666666666667,1.0,6.956,4,NOT_LISTED,True,,,,5.5,54.5,30.0,38.666666666666664,1.0,0.37095700328721865,7.892248430205748
2026,5,2026_05_DET_ARI,00-0033119,Jacoby Brissett,QB,ARI,DET,completions,23.38530687032459,23.38530687032459,24.933333333333334,1.0,6.956,4,NOT_LISTED,True,,,,-5.5,54.5,24.5,36.666666666666664,0.9947916666666666,0.10266819289671897,6.649415599289252
2026,5,2026_05_CLE_NYJ,00-0033537,Deshaun Watson,QB,CLE,NYJ,completions,19.80911715589401,19.80911715589401,20.2,1.0,6.956,4,NOT_LISTED,True,,,,-2.5,39.5,18.5,25.833333333333332,0.8824441687344913,0.3799893147280837,7.608999241572034
2026,5,2026_05_BAL_ATL,00-0033662,Cooper Rush,QB,ATL,BAL,completions,15.474004664194943,15.474004664194943,10.333333333333334,1.0,6.956,2,NOT_LISTED,True,,,,3.0,43.5,23.25,15.166666666666666,0.5806688205585265,0.10817347811480696,6.968386705619937
2026,5,2026_05_BAL_ATL,00-0034796,Lamar Jackson,QB,BAL,ATL,completions,17.06125721778364,17.06125721778364,15.933333333333334,1.0,6.956,4,DNP,True,,Did Not Participate In Practice,,-3.0,43.5,20.25,20.666666666666668,0.8649425287356323,0.006540530234941402,6.330753093163383
2026,5,2026_05_TB_DAL,00-0034855,Baker Mayfield,QB,TB,DAL,completions,18.811810454737028,18.811810454737028,20.733333333333334,1.0,6.956,3,OUT,False,Out,Did Not Participate In Practice,Thumb,-9.5,48.5,19.5,31.333333333333332,0.9864864864864865,0.4705700307419768,8.505812817154585
2026,5,2026_05_BUF_LA,00-0034857,Josh Allen,QB,BUF,LA,completions,19.615871848486215,19.615871848486215,19.400000000000002,1.0,6.956,4,NOT_LISTED,True,,,,-3.0,54.5,25.75,28.833333333333332,1.0,-0.019494050470675817,5.847637476043049
2026,5,2026_05_SF_SEA,00-0034869,Sam Darnold,QB,SEA,SF,completions,17.35639197380221,17.35639197380221,16.0,1.0,6.956,3,NOT_LISTED,True,,,,3.0,45.5,24.25,26.0,0.8435990338164251,0.11454549228960391,6.4571042068773465
2026,5,2026_05_MIN_NO,00-0035228,Kyler Murray,QB,MIN,NO,completions,17.01683484289961,17.01683484289961,16.8,1.0,6.956,3,NOT_LISTED,True,,,,2.5,41.5,22.0,29.666666666666668,0.8628472222222223,0.05799804953246461,6.3957924614525155
2026,5,2026_05_SF_SEA,00-0035704,Drew Lock,QB,SEA,SF,completions,12.774128054420615,12.774128054420615,10.933333333333334,1.0,6.956,2,NOT_LISTED,True,,,,3.0,45.5,24.25,13.333333333333334,0.5099206349206349,0.11454549228960391,6.4571042068773465
2026,5,2026_05_IND_PIT,00-0035710,Daniel Jones,QB,IND,PIT,completions,19.533861187005986,19.533861187005986,19.866666666666667,1.0,6.956,4,NOT_LISTED,True,,,,-2.5,44.5,21.0,27.666666666666668,0.8657407407407408,0.057264015361963495,7.74546796679198
2026,5,2026_05_BAL_ATL,00-0035993,Tyler Huntley,QB,BAL,ATL,completions,12.414861314978271,12.414861314978271,10.6,1.0,6.956,1,NOT_LISTED,True,,,,-3.0,43.5,20.25,12.666666666666666,0.5419202163624071,0.006540530234941402,6.330753093163383
2026,5,2026_05_CHI_GB,00-0036264,Jordan Love,QB,GB,CHI,completions,21.3820277043991,21.3820277043991,21.133333333333333,1.0,6.956,4,NOT_LISTED,True,,,,-2.5,45.5,21.5,34.5,0.923611111111111,-0.01895787938530588,6.953186625820897
2026,5,2026_05_DEN_LAC,00-0036355,Justin Herbert,QB,LAC,DEN,completions,19.752909917906123,19.752909917906123,18.46666666666667,1.0,6.956,4,NOT_LISTED,True,,,,-3.5,41.5,19.0,30.0,0.9947916666666666,-0.09455846420832109,5.655602398576912
2026,5,2026_05_PHI_JAX,00-0036389,Jalen Hurts,QB,PHI,JAX,completions,17.47207373267718,17.47207373267718,17.666666666666664,1.0,6.956,4,NOT_LISTED,True,,,,-7.5,41.5,17.0,28.5,0.9935897435897436,-0.1702104653983672,6.506935146166645
2026,5,2026_05_CIN_MIA,00-0036442,Joe Burrow,QB,CIN,MIA,completions,24.285567561259597,24.285567561259597,28.4,1.0,6.956,4,NOT_LISTED,True,,,,6.5,42.5,24.5,37.833333333333336,0.9768518518518517,0.37047209523101876,8.518959598393305
2026,5,2026_05_PHI_JAX,00-0036971,Trevor Lawrence,QB,JAX,PHI,completions,18.885525994579186,18.885525994579186,18.6,1.0,6.956,4,NOT_LISTED,True,,,,7.5,41.5,24.5,28.5,0.9895833333333334,-0.07329098310499965,5.82452472983406
2026,5,2026_05_SF_SEA,00-0037834,Brock Purdy,QB,SF,SEA,completions,19.36063071542685,19.36063071542685,18.93333333333333,1.0,6.956,4,NOT_LISTED,True,,,,-3.0,45.5,21.25,28.833333333333332,1.0,-0.16750320090578563,4.853633370597656
2026,5,2026_05_CIN_MIA,00-0038128,Malik Willis,QB,MIA,CIN,completions,15.81270003882786,15.81270003882786,14.266666666666666,1.0,6.956,4,NOT_LISTED,True,,,,-6.5,42.5,18.0,22.5,0.8830555555555556,0.0056948935588698735,7.041066992515163
2026,5,2026_05_LV_NE,00-0038476,Tommy DeVito,QB,NE,LV,completions,7.248334556153969,7.248334556153969,11.133333333333333,1.0,6.956,1,NOT_LISTED,True,,,,3.5,45.5,24.5,16.833333333333332,0.4891586742415041,0.030376162500259474,6.575533731619258
2026,5,2026_05_HOU_TEN,00-0039163,C.J. Stroud,QB,HOU,TEN,completions,21.669922966367807,21.669922966367807,21.6,1.0,6.956,4,NOT_LISTED,True,,,,7.5,38.5,23.0,33.666666666666664,0.9501488095238096,0.24441872834061978,7.830497322051736
2026,5,2026_05_DEN_LAC,00-0039732,Bo Nix,QB,DEN,LAC,completions,20.83839788682961,20.83839788682961,20.866666666666667,1.0,6.956,4,NOT_LISTED,True,,,,3.5,41.5,22.5,32.666666666666664,1.0,0.014659545510640023,7.0233970311899006
2026,5,2026_05_LV_NE,00-0039851,Drake Maye,QB,NE,LV,completions,16.963564491771905,16.963564491771905,17.066666666666666,1.0,6.956,4,NOT_LISTED,True,,Full Participation in Practice,,3.5,45.5,24.5,26.0,0.910772238514174,0.030376162500259474,6.575533731619258
2026,5,2026_05_NYG_WAS,00-0039910,Jayden Daniels,QB,WAS,NYG,completions,14.320701534645888,14.320701534645888,13.266666666666666,1.0,6.956,2,NOT_LISTED,True,,Full Participation in Practice,,4.5,41.5,23.0,23.5,0.8344246031746033,-0.0602493268192795,6.557376277275174
2026,5,2026_05_BAL_ATL,00-0039917,Michael Penix Jr.,QB,ATL,BAL,completions,20.285344788983338,20.285344788983338,15.933333333333334,1.0,6.956,2,NOT_LISTED,True,,,,3.0,43.5,23.25,27.333333333333332,0.9222222222222222,0.10817347811480696,6.968386705619937
2026,5,2026_05_CHI_GB,00-0039918,Caleb Williams,QB,CHI,GB,completions,19.47950496993171,19.47950496993171,19.0,1.0,6.956,2,DNP,True,,Did Not Participate In Practice,,2.5,45.5,24.0,32.0,0.9571428571428572,0.18713215734884686,6.853471408765526
2026,5,2026_05_CLE_NYJ,00-0040668,Shedeur Sanders,QB,CLE,NYJ,completions,10.523481299848099,10.523481299848099,11.8,1.0,6.956,1,NOT_LISTED,True,,,,-2.5,39.5,18.5,25.333333333333332,0.8331541218637993,0.3799893147280837,7.608999241572034
2026,5,2026_05_HOU_TEN,00-0040676,Cam Ward,QB,TEN,HOU,completions,19.59769011193751,19.59769011193751,17.8,1.0,6.956,4,NOT_LISTED,True,,,,-7.5,38.5,15.5,27.0,0.8484848484848485,0.05205539133025397,7.170065462152156
2026,5,2026_05_NYG_WAS,00-0040691,Jaxson Dart,QB,NYG,WAS,completions,15.965936802601005,15.965936802601005,16.066666666666666,1.0,6.956,2,NOT_LISTED,True,,,,-4.5,41.5,18.5,24.166666666666668,0.8498199904449905,0.07475384034366883,6.652420774334399
2026,5,2026_05_MIN_NO,00-0040743,Tyler Shough,QB,NO,MIN,completions,22.484983949550568,22.484983949550568,28.266666666666666,1.0,6.956,4,LIMITED,True,,Limited Participation in Practice,,-2.5,41.5,19.5,40.333333333333336,1.0,-0.3888597580555023,5.012554235853738
2026,5,2026_05_TB_DAL,00-0041251,Jalon Daniels,QB,TB,DAL,completions,14.70463464109671,14.70463464109671,9.5,1.0,6.956,2,NOT_LISTED,True,,,,-9.5,48.5,19.5,15.0,0.5405405405405406,0.4705700307419768,8.505812817154585
2026,5,2026_05_IND_PIT,00-0023459,Aaron Rodgers,QB,PIT,IND,passing_yards,247.22550852839163,247.22550852839163,253.0,1.0,82.801,4,NOT_LISTED,True,,,,2.5,44.5,23.5,39.833333333333336,0.9917682926829269,0.1407783793769441,7.5267548099021315
2026,5,2026_05_BUF_LA,00-0026498,Matthew Stafford,QB,LA,BUF,passing_yards,280.02441858010434,280.02441858010434,321.2666666666667,1.0,82.801,4,NOT_LISTED,True,,,,3.0,54.5,28.75,40.0,0.9821428571428571,-0.05548814477474302,5.635218445130121
2026,5,2026_05_CHI_GB,00-0028986,Case Keenum,QB,CHI,GB,passing_yards,183.30746822540323,183.30746822540323,155.73333333333335,1.0,82.801,1,NOT_LISTED,True,,,,2.5,45.5,24.0,19.666666666666668,0.5893046107331822,0.18713215734884686,6.853471408765526
2026,5,2026_05_LV_NE,00-0029604,Kirk Cousins,QB,LV,NE,passing_yards,246.38405258403952,246.38405258403952,262.0,1.0,82.801,4,NOT_LISTED,True,,,,-3.5,45.5,21.0,32.666666666666664,1.0,0.004219220760639311,6.117619428407968
2026,5,2026_05_CLE_NYJ,00-0030565,Geno Smith,QB,NYJ,CLE,passing_yards,227.5080180115601,227.5080180115601,222.66666666666669,1.0,82.801,4,NOT_LISTED,True,,,,2.5,39.5,21.0,28.0,0.9888888888888889,-0.03963762558831056,6.4160206737003325
2026,5,2026_05_NYG_WAS,00-0031503,Jameis Winston,QB,NYG,WAS,passing_yards,110.59545401212814,110.59545401212814,165.53333333333333,1.0,82.801,3,NOT_LISTED,True,,,,-4.5,41.5,18.5,24.0,0.8072916666666666,0.07475384034366883,6.652420774334399
2026,5,2026_05_NYG_WAS,00-0032268,Marcus Mariota,QB,WAS,NYG,passing_yards,161.64527423071394,161.64527423071394,113.06666666666666,1.0,82.801,3,DNP,True,,Did Not Participate In Practice,,4.5,41.5,23.0,14.666666666666666,0.5567688806819242,-0.0602493268192795,6.557376277275174
2026,5,2026_05_MIN_NO,00-0032950,Carson Wentz,QB,MIN,NO,passing_yards,202.02306864679275,202.02306864679275,171.93333333333334,1.0,82.801,2,NOT_LISTED,True,,,,2.5,41.5,22.0,31.333333333333332,0.939010496671787,0.05799804953246461,6.3957924614525155
2026,5,2026_05_TB_DAL,00-0033077,Dak Prescott,QB,DAL,TB,passing_yards,273.36376498431343,273.36376498431343,274.1333333333333,1.0,82.801,4,NOT_LISTED,True,,,,9.5,48.5,29.0,33.0,0.9097222222222222,0.1228007875639109,6.872865604575163
2026,5,2026_05_DET_ARI,00-0033106,Jared Goff,QB,DET,ARI,passing_yards,284.6953709512124,284.6953709512124,317.73333333333335,1.0,82.801,4,NOT_LISTED,True,,,,5.5,54.5,30.0,38.666666666666664,1.0,0.37095700328721865,7.892248430205748
2026,5,2026_05_DET_ARI,00-0033119,Jacoby Brissett,QB,ARI,DET,passing_yards,261.23931455549797,261.23931455549797,193.06666666666666,1.0,82.801,4,NOT_LISTED,True,,,,-5.5,54.5,24.5,36.666666666666664,0.9947916666666666,0.10266819289671897,6.649415599289252
2026,5,2026_05_CLE_NYJ,00-0033537,Deshaun Watson,QB,CLE,NYJ,passing_yards,210.55904532663698,210.55904532663698,206.73333333333335,1.0,82.801,4,NOT_LISTED,True,,,,-2.5,39.5,18.5,25.833333333333332,0.8824441687344913,0.3799893147280837,7.608999241572034
2026,5,2026_05_BAL_ATL,00-0033662,Cooper Rush,QB,ATL,BAL,passing_yards,167.1132474983918,167.1132474983918,95.66666666666666,1.0,82.801,2,NOT_LISTED,True,,,,3.0,43.5,23.25,15.166666666666666,0.5806688205585265,0.10817347811480696,6.968386705619937
2026,5,2026_05_BAL_ATL,00-0034796,Lamar Jackson,QB,BAL,ATL,passing_yards,219.4342079546483,219.4342079546483,215.66666666666666,1.0,82.801,4,DNP,True,,Did Not Participate In Practice,,-3.0,43.5,20.25,20.666666666666668,0.8649425287356323,0.006540530234941402,6.330753093163383
2026,5,2026_05_TB_DAL,00-0034855,Baker Mayfield,QB,TB,DAL,passing_yards,210.15277060266476,210.15277060266476,210.26666666666665,1.0,82.801,3,OUT,False,Out,Did Not Participate In Practice,Thumb,-9.5,48.5,19.5,31.333333333333332,0.9864864864864865,0.4705700307419768,8.505812817154585
2026,5,2026_05_BUF_LA,00-0034857,Josh Allen,QB,BUF,LA,passing_yards,232.32173787277182,232.32173787277182,236.4,1.0,82.801,4,NOT_LISTED,True,,,,-3.0,54.5,25.75,28.833333333333332,1.0,-0.019494050470675817,5.847637476043049
2026,5,2026_05_SF_SEA,00-0034869,Sam Darnold,QB,SEA,SF,passing_yards,196.3759198776297,196.3759198776297,190.33333333333331,1.0,82.801,3,NOT_LISTED,True,,,,3.0,45.5,24.25,26.0,0.8435990338164251,0.11454549228960391,6.4571042068773465
2026,5,2026_05_MIN_NO,00-0035228,Kyler Murray,QB,MIN,NO,passing_yards,175.6068413317024,175.6068413317024,154.06666666666666,1.0,82.801,3,NOT_LISTED,True,,,,2.5,41.5,22.0,29.666666666666668,0.8628472222222223,0.05799804953246461,6.3957924614525155
2026,5,2026_05_SF_SEA,00-0035704,Drew Lock,QB,SEA,SF,passing_yards,150.0537276122207,150.0537276122207,122.73333333333332,1.0,82.801,2,NOT_LISTED,True,,,,3.0,45.5,24.25,13.333333333333334,0.5099206349206349,0.11454549228960391,6.4571042068773465
2026,5,2026_05_IND_PIT,00-0035710,Daniel Jones,QB,IND,PIT,passing_yards,207.6813797121775,207.6813797121775,185.26666666666665,1.0,82.801,4,NOT_LISTED,True,,,,-2.5,44.5,21.0,27.666666666666668,0.8657407407407408,0.057264015361963495,7.74546796679198
2026,5,2026_05_BAL_ATL,00-0035993,Tyler Huntley,QB,BAL,ATL,passing_yards,138.04714209656018,138.04714209656018,79.6,1.0,82.801,1,NOT_LISTED,True,,,,-3.0,43.5,20.25,12.666666666666666,0.5419202163624071,0.006540530234941402,6.330753093163383
2026,5,2026_05_CHI_GB,00-0036264,Jordan Love,QB,GB,CHI,passing_yards,247.99231414064067,247.99231414064067,223.73333333333332,1.0,82.801,4,NOT_LISTED,True,,,,-2.5,45.5,21.5,34.5,0.923611111111111,-0.01895787938530588,6.953186625820897
2026,5,2026_05_DEN_LAC,00-0036355,Justin Herbert,QB,LAC,DEN,passing_yards,249.71542602084594,249.71542602084594,211.53333333333336,1.0,82.801,4,NOT_LISTED,True,,,,-3.5,41.5,19.0,30.0,0.9947916666666666,-0.09455846420832109,5.655602398576912
2026,5,2026_05_PHI_JAX,00-0036389,Jalen Hurts,QB,PHI,JAX,passing_yards,192.86668568513352,192.86668568513352,169.2,1.0,82.801,4,NOT_LISTED,True,,,,-7.5,41.5,17.0,28.5,0.9935897435897436,-0.1702104653983672,6.506935146166645
2026,5,2026_05_CIN_MIA,00-0036442,Joe Burrow,QB,CIN,MIA,passing_yards,257.6226367784318,257.6226367784318,297.5333333333333,1.0,82.801,4,NOT_LISTED,True,,,,6.5,42.5,24.5,37.833333333333336,0.9768518518518517,0.37047209523101876,8.518959598393305
2026,5,2026_05_PHI_JAX,00-0036971,Trevor Lawrence,QB,JAX,PHI,passing_yards,222.97730447963986,222.97730447963986,210.33333333333334,1.0,82.801,4,NOT_LISTED,True,,,,7.5,41.5,24.5,28.5,0.9895833333333334,-0.07329098310499965,5.82452472983406
2026,5,2026_05_SF_SEA,00-0037834,Brock Purdy,QB,SF,SEA,passing_yards,233.62614085420103,233.62614085420103,256.2,1.0,82.801,4,NOT_LISTED,True,,,,-3.0,45.5,21.25,28.833333333333332,1.0,-0.16750320090578563,4.853633370597656
2026,5,2026_05_CIN_MIA,00-0038128,Malik Willis,QB,MIA,CIN,passing_yards,187.66598116910757,187.66598116910757,173.13333333333333,1.0,82.801,4,NOT_LISTED,True,,,,-6.5,42.5,18.0,22.5,0.8830555555555556,0.0056948935588698735,7.041066992515163
2026,5,2026_05_LV_NE,00-0038476,Tommy DeVito,QB,NE,LV,passing_yards,85.55061485461526,85.55061485461526,92.93333333333334,1.0,82.801,1,NOT_LISTED,True,,,,3.5,45.5,24.5,16.833333333333332,0.4891586742415041,0.030376162500259474,6.575533731619258
2026,5,2026_05_HOU_TEN,00-0039163,C.J. Stroud,QB,HOU,TEN,passing_yards,235.42916073198205,235.42916073198205,277.0,1.0,82.801,4,NOT_LISTED,True,,,,7.5,38.5,23.0,33.666666666666664,0.9501488095238096,0.24441872834061978,7.830497322051736
2026,5,2026_05_DEN_LAC,00-0039732,Bo Nix,QB,DEN,LAC,passing_yards,210.56064264470433,210.56064264470433,213.73333333333335,1.0,82.801,4,NOT_LISTED,True,,,,3.5,41.5,22.5,32.666666666666664,1.0,0.014659545510640023,7.0233970311899006
2026,5,2026_05_LV_NE,00-0039851,Drake Maye,QB,NE,LV,passing_yards,222.39663015837766,222.39663015837766,221.93333333333334,1.0,82.801,4,NOT_LISTED,True,,Full Participation in Practice,,3.5,45.5,24.5,26.0,0.910772238514174,0.030376162500259474,6.575533731619258
2026,5,2026_05_NYG_WAS,00-0039910,Jayden Daniels,QB,WAS,NYG,passing_yards,169.24806938462638,169.24806938462638,124.8,1.0,82.801,2,NOT_LISTED,True,,Full Participation in Practice,,4.5,41.5,23.0,23.5,0.8344246031746033,-0.0602493268192795,6.557376277275174
2026,5,2026_05_BAL_ATL,00-0039917,Michael Penix Jr.,QB,ATL,BAL,passing_yards,235.8572253089248,235.8572253089248,217.0,1.0,82.801,2,NOT_LISTED,True,,,,3.0,43.5,23.25,27.333333333333332,0.9222222222222222,0.10817347811480696,6.968386705619937
2026,5,2026_05_CHI_GB,00-0039918,Caleb Williams,QB,CHI,GB,passing_yards,235.09017824636112,235.09017824636112,219.86666666666667,1.0,82.801,2,DNP,True,,Did Not Participate In Practice,,2.5,45.5,24.0,32.0,0.9571428571428572,0.18713215734884686,6.853471408765526
2026,5,2026_05_CLE_NYJ,00-0040668,Shedeur Sanders,QB,CLE,NYJ,passing_yards,130.20717857063858,130.20717857063858,125.73333333333335,1.0,82.801,1,NOT_LISTED,True,,,,-2.5,39.5,18.5,25.333333333333332,0.8331541218637993,0.3799893147280837,7.608999241572034
2026,5,2026_05_HOU_TEN,00-0040676,Cam Ward,QB,TEN,HOU,passing_yards,201.2841304934966,201.2841304934966,185.8,1.0,82.801,4,NOT_LISTED,True,,,,-7.5,38.5,15.5,27.0,0.8484848484848485,0.05205539133025397,7.170065462152156
2026,5,2026_05_NYG_WAS,00-0040691,Jaxson Dart,QB,NYG,WAS,passing_yards,183.33055012348694,183.33055012348694,160.4,1.0,82.801,2,NOT_LISTED,True,,,,-4.5,41.5,18.5,24.166666666666668,0.8498199904449905,0.07475384034366883,6.652420774334399
2026,5,2026_05_MIN_NO,00-0040743,Tyler Shough,QB,NO,MIN,passing_yards,218.5423036643284,218.5423036643284,278.26666666666665,1.0,82.801,4,LIMITED,True,,Limited Participation in Practice,,-2.5,41.5,19.5,40.333333333333336,1.0,-0.3888597580555023,5.012554235853738
2026,5,2026_05_TB_DAL,00-0041251,Jalon Daniels,QB,TB,DAL,passing_yards,155.50981051115426,155.50981051115426,74.0,1.0,82.801,2,NOT_LISTED,True,,,,-9.5,48.5,19.5,15.0,0.5405405405405406,0.4705700307419768,8.505812817154585
2026,5,2026_05_BUF_LA,00-0026498,Matthew Stafford,QB,LA,BUF,rush_attempts,2.189577023949113,2.0869712799363915,2.5999999999999996,0.8,4.388,4,NOT_LISTED,True,,,,3.0,54.5,28.75,2.0,0.07517287439229693,0.08090955219871246,4.636802773839063
2026,5,2026_05_CHI_GB,00-0028986,Case Keenum,QB,CHI,GB,rush_attempts,2.3452551314786767,2.3649022476816794,2.2666666666666666,0.8,4.388,1,NOT_LISTED,True,,,,2.5,45.5,24.0,2.6666666666666665,0.08914134081817009,-0.03722833188745785,4.3664215757799925
2026,5,2026_05_LV_NE,00-0029604,Kirk Cousins,QB,LV,NE,rush_attempts,2.0062871125831085,1.8911922240622188,2.466666666666667,0.8,4.388,4,NOT_LISTED,True,,,,-3.5,45.5,21.0,2.6666666666666665,0.08908005183867253,-0.0011950811828712743,4.4477226117986985
2026,5,2026_05_CLE_NYJ,00-0030565,Geno Smith,QB,NYJ,CLE,rush_attempts,2.6610712157859404,2.743005686399092,2.3333333333333335,0.8,4.388,4,NOT_LISTED,True,,,,2.5,39.5,21.0,2.3333333333333335,0.08238241615434598,0.077189846089728,4.952126359816503
2026,5,2026_05_NYG_WAS,00-0032268,Marcus Mariota,QB,WAS,NYG,rush_attempts,2.692889817667392,2.682778938750907,2.7333333333333334,0.8,4.388,3,DNP,True,,Did Not Participate In Practice,,4.5,41.5,23.0,3.3333333333333335,0.10477381265424744,-0.04755900629483796,4.219459866637286
2026,5,2026_05_BAL_ATL,00-0032764,Derrick Henry,RB,BAL,ATL,rush_attempts,18.611380733879454,17.59755925068265,22.666666666666668,0.8,4.388,4,NOT_LISTED,True,,,,-3.0,43.5,20.25,24.166666666666668,0.7077974321105734,-0.1525406724500617,3.7520322847124907
2026,5,2026_05_MIN_NO,00-0032950,Carson Wentz,QB,MIN,NO,rush_attempts,2.6152205474823838,2.5856923510196466,2.7333333333333334,0.8,4.388,2,NOT_LISTED,True,,,,2.5,41.5,22.0,2.8333333333333335,0.10975825112653757,-0.048380387965520404,4.133167000263774
2026,5,2026_05_TB_DAL,00-0033077,Dak Prescott,QB,DAL,TB,rush_attempts,3.0830181262321323,3.053772657790166,3.2,0.8,4.388,4,NOT_LISTED,True,,,,9.5,48.5,29.0,3.0,0.11208273208273208,-0.14432601969496556,3.6495580285254197
2026,5,2026_05_DET_ARI,00-0033106,Jared Goff,QB,DET,ARI,rush_attempts,1.995206509943848,1.9440081374298102,2.2,0.8,4.388,4,NOT_LISTED,True,,,,5.5,54.5,30.0,2.0,0.073989898989899,-0.10036120248537686,4.198019791480521
2026,5,2026_05_DET_ARI,00-0033119,Jacoby Brissett,QB,ARI,DET,rush_attempts,2.924231702452654,2.905289628065818,3.0,0.8,4.388,4,NOT_LISTED,True,,,,-5.5,54.5,24.5,3.0,0.12288140327356013,0.060631655684037736,5.015310018340871
2026,5,2026_05_SF_SEA,00-0033280,Christian McCaffrey,RB,SF,SEA,rush_attempts,12.1093745826666,11.78671822833325,13.4,0.8,4.388,4,NOT_LISTED,True,,,,-3.0,45.5,21.25,13.5,0.5212643833700953,-0.17485011382614163,3.699234030615968
2026,5,2026_05_MIN_NO,00-0033293,Aaron Jones,RB,MIN,NO,rush_attempts,17.567833085370296,17.109791356712872,19.4,0.8,4.388,4,LIMITED,True,,Limited Participation in Practice,,2.5,41.5,22.0,18.5,0.6464896617833669,-0.048380387965520404,4.133167000263774
2026,5,2026_05_PHI_JAX,00-0033319,Nick Mullens,QB,JAX,PHI,rush_attempts,2.662989603815495,2.5954036714360353,2.9333333333333336,0.8,4.388,1,NOT_LISTED,True,,,,7.5,41.5,24.5,2.8333333333333335,0.10300925925925926,-0.014883556671813984,3.7941509904099266
2026,5,2026_05_CIN_MIA,00-0033526,Samaje Perine,RB,CIN,MIA,rush_attempts,4.321669440437161,4.602086800546451,3.2,0.8,4.388,4,NOT_LISTED,True,,,,6.5,42.5,24.5,4.0,0.1740871098842113,-0.034773158308008506,4.154568041188357
2026,5,2026_05_CLE_NYJ,00-0033537,Deshaun Watson,QB,CLE,NYJ,rush_attempts,7.353387507543567,7.325067717762792,7.466666666666667,0.8,4.388,4,NOT_LISTED,True,,,,-2.5,39.5,18.5,6.166666666666667,0.24303985332970843,-0.13541173550296665,4.199079764980928
2026,5,2026_05_NYG_WAS,00-0033699,Austin Ekeler,RB,WAS,NYG,rush_attempts,6.0425790857393435,6.119890523840846,5.7333333333333325,0.8,4.388,1,NOT_LISTED,True,,,,4.5,41.5,23.0,5.333333333333333,0.2314110085820612,-0.04755900629483796,4.219459866637286
2026,5,2026_05_MIN_NO,00-0033906,Alvin Kamara,RB,NO,MIN,rush_attempts,8.344862347039497,8.247744600466037,8.733333333333334,0.8,4.388,3,DNP,True,,Did Not Participate In Practice,,-2.5,41.5,19.5,9.333333333333334,0.3589153062837273,-0.14288762218624212,3.981380325582217
2026,5,2026_05_BAL_ATL,00-0034796,Lamar Jackson,QB,BAL,ATL,rush_attempts,4.015645713202551,4.002890474836523,4.066666666666666,0.8,4.388,4,DNP,True,,Did Not Participate In Practice,,-3.0,43.5,20.25,4.166666666666667,0.13405383054505862,-0.1525406724500617,3.7520322847124907
2026,5,2026_05_PHI_JAX,00-0034844,Saquon Barkley,RB,PHI,JAX,rush_attempts,9.26275791995956,9.261780733282784,9.266666666666666,0.8,4.388,4,NOT_LISTED,True,,,,-7.5,41.5,17.0,12.666666666666666,0.48949400797956016,-0.07379740534197694,3.6983929850464294
2026,5,2026_05_TB_DAL,00-0034855,Baker Mayfield,QB,TB,DAL,rush_attempts,4.062282168634239,4.161186044126132,3.6666666666666665,0.8,4.388,3,OUT,False,Out,Did Not Participate In Practice,Thumb,-9.5,48.5,19.5,3.6666666666666665,0.1515313852813853,0.0034748111152853797,4.934382442400535
2026,5,2026_05_BUF_LA,00-0034857,Josh Allen,QB,BUF,LA,rush_attempts,7.651763518896884,7.431371065287772,8.533333333333333,0.8,4.388,4,NOT_LISTED,True,,,,-3.0,54.5,25.75,7.833333333333333,0.2700879899155761,-0.007935755577792865,4.686384078884078
2026,5,2026_05_SF_SEA,00-0034869,Sam Darnold,QB,SEA,SF,rush_attempts,1.8011464442932728,1.784766388699924,1.8666666666666667,0.8,4.388,3,NOT_LISTED,True,,,,3.0,45.5,24.25,2.6666666666666665,0.08394068894068894,0.04885395890306228,4.276404964767034
2026,5,2026_05_BAL_ATL,00-0034975,Justice Hill,RB,BAL,ATL,rush_attempts,3.160263449238011,3.3003293115475136,2.5999999999999996,0.8,4.388,4,NOT_LISTED,True,,,,-3.0,43.5,20.25,2.5,0.07429355192513087,-0.1525406724500617,3.7520322847124907
2026,5,2026_05_MIN_NO,00-0035228,Kyler Murray,QB,MIN,NO,rush_attempts,3.6270814932231117,3.6171851998622224,3.666666666666667,0.8,4.388,3,NOT_LISTED,True,,,,2.5,41.5,22.0,4.166666666666667,0.1642771390124943,-0.048380387965520404,4.133167000263774
2026,5,2026_05_NYG_WAS,00-0035250,Devin Singletary,RB,NYG,WAS,rush_attempts,5.776378623704886,5.620473279631107,6.4,0.8,4.388,2,NOT_LISTED,True,,,,-4.5,41.5,18.5,7.0,0.23056904681974202,0.029551193879589422,4.427833395993826
2026,5,2026_05_HOU_TEN,00-0035261,Tony Pollard,RB,TEN,HOU,rush_attempts,14.436574351201664,14.262384605668746,15.133333333333333,0.8,4.388,4,DNP,True,,Did Not Participate In Practice,,-7.5,38.5,15.5,14.333333333333334,0.6312277156197302,-0.08124408198778915,3.5673402359938127
2026,5,2026_05_BUF_LA,00-0035537,Ty Johnson,RB,BUF,LA,rush_attempts,2.690353597901958,2.2296086640441146,4.533333333333333,0.8,4.388,2,NOT_LISTED,True,,,,-3.0,54.5,25.75,4.333333333333333,0.11923285281344624,-0.007935755577792865,4.686384078884078
2026,5,2026_05_HOU_TEN,00-0035685,David Montgomery,RB,HOU,TEN,rush_attempts,10.061233499307157,10.143208540800611,9.733333333333334,0.8,4.388,4,NOT_LISTED,True,,,,7.5,38.5,23.0,10.833333333333334,0.43968137937436175,-0.07001880708816585,3.596292987023465
2026,5,2026_05_IND_PIT,00-0035710,Daniel Jones,QB,IND,PIT,rush_attempts,2.5113149067485514,2.4224769667690227,2.8666666666666667,0.8,4.388,4,NOT_LISTED,True,,,,-2.5,44.5,21.0,2.1666666666666665,0.07596622103547068,-0.1259101344399286,3.8586179915514593
2026,5,2026_05_BAL_ATL,00-0035993,Tyler Huntley,QB,BAL,ATL,rush_attempts,4.14283697144209,4.011879547635946,4.666666666666667,0.8,4.388,1,NOT_LISTED,True,,,,-3.0,43.5,20.25,4.666666666666667,0.12992254996971977,-0.1525406724500617,3.7520322847124907
2026,5,2026_05_IND_PIT,00-0036139,Rico Dowdle,RB,PIT,IND,rush_attempts,8.453283885291066,8.4832715232805,8.333333333333332,0.8,4.388,2,LIMITED,True,,Limited Participation in Practice,,2.5,44.5,23.5,9.833333333333334,0.43549461680597723,-0.033537966985157784,4.2362108836577
2026,5,2026_05_DEN_LAC,00-0036158,J.K. Dobbins,RB,DEN,LAC,rush_attempts,11.821819846901178,11.560608141959806,12.866666666666667,0.8,4.388,4,NOT_LISTED,True,,,,3.5,41.5,22.5,13.166666666666666,0.5648861283643892,-0.18055840185757804,3.5493515317552538
2026,5,2026_05_IND_PIT,00-0036223,Jonathan Taylor,RB,IND,PIT,rush_attempts,18.803839669604976,18.138132920339554,21.46666666666667,0.8,4.388,4,LIMITED,True,,Limited Participation in Practice,,-2.5,44.5,21.0,20.166666666666668,0.7605246008471815,-0.1259101344399286,3.8586179915514593
2026,5,2026_05_CHI_GB,00-0036275,D'Andre Swift,RB,CHI,GB,rush_attempts,14.168190098812737,13.693570956849253,16.066666666666666,0.8,4.388,4,DNP,True,,Did Not Participate In Practice,,2.5,45.5,24.0,14.666666666666666,0.46525338460822335,-0.03722833188745785,4.3664215757799925
2026,5,2026_05_DEN_LAC,00-0036355,Justin Herbert,QB,LAC,DEN,rush_attempts,4.510557855320063,4.454863985816746,4.7333333333333325,0.8,4.388,4,NOT_LISTED,True,,,,-3.5,41.5,19.0,5.333333333333333,0.19622564935064934,0.06420327580679752,4.654753391631252
2026,5,2026_05_PHI_JAX,00-0036389,Jalen Hurts,QB,PHI,JAX,rush_attempts,4.668079487179012,4.618432692307099,4.866666666666667,0.8,4.388,4,NOT_LISTED,True,,,,-7.5,41.5,17.0,5.166666666666667,0.19220474488340844,-0.07379740534197694,3.6983929850464294
2026,5,2026_05_CIN_MIA,00-0036442,Joe Burrow,QB,CIN,MIA,rush_attempts,2.8838825566615487,3.038186529160269,2.2666666666666666,0.8,4.388,4,NOT_LISTED,True,,,,6.5,42.5,24.5,2.6666666666666665,0.11758147381335786,-0.034773158308008506,4.154568041188357
2026,5,2026_05_CLE_NYJ,00-0036842,Kene Nwangwu,RB,NYJ,CLE,rush_attempts,2.5480498523412063,2.318395648759841,3.4666666666666663,0.8,4.388,1,NOT_LISTED,True,,,,2.5,39.5,21.0,2.1666666666666665,0.08643892339544514,0.077189846089728,4.952126359816503
2026,5,2026_05_LV_NE,00-0036875,Rhamondre Stevenson,RB,NE,LV,rush_attempts,9.426800290451755,9.500167029731362,9.133333333333333,0.8,4.388,4,LIMITED,True,,Limited Participation in Practice,,3.5,45.5,24.5,9.833333333333334,0.31061579856646265,-0.10657202904169252,4.546613099085492
2026,5,2026_05_NYG_WAS,00-0036893,Najee Harris,RB,NYG,WAS,rush_attempts,6.492416106397611,6.398853466330348,6.866666666666666,0.8,4.388,3,DNP,True,,Did Not Participate In Practice,,-4.5,41.5,18.5,6.166666666666667,0.2244350094350094,0.029551193879589422,4.427833395993826
2026,5,2026_05_TB_DAL,00-0036919,Kenny Gainwell,RB,TB,DAL,rush_attempts,4.0157307745293584,4.202996801495032,3.2666666666666666,0.8,4.388,4,NOT_LISTED,True,,,,-9.5,48.5,19.5,4.166666666666667,0.17827188940092165,0.0034748111152853797,4.934382442400535
2026,5,2026_05_PHI_JAX,00-0036971,Trevor Lawrence,QB,JAX,PHI,rush_attempts,3.1559119906252597,3.1448899882815744,3.2,0.8,4.388,4,NOT_LISTED,True,,,,7.5,41.5,24.5,3.5,0.12491219667943805,-0.014883556671813984,3.7941509904099266
2026,5,2026_05_SF_SEA,00-0036972,Mac Jones,QB,SF,SEA,rush_attempts,1.8437842027730027,1.7047302534662534,2.4000000000000004,0.8,4.388,1,NOT_LISTED,True,,,,-3.0,45.5,21.25,2.5,0.08360624640194532,-0.17485011382614163,3.699234030615968
2026,5,2026_05_MIN_NO,00-0036973,Travis Etienne,RB,NO,MIN,rush_attempts,11.110232683175402,11.104457520635918,11.133333333333333,0.8,4.388,3,NOT_LISTED,True,,,,-2.5,41.5,19.5,12.833333333333334,0.48045247217661013,-0.14288762218624212,3.981380325582217
2026,5,2026_05_TB_DAL,00-0036997,Javonte Williams,RB,DAL,TB,rush_attempts,14.599390687249903,14.34923835906238,15.600000000000001,0.8,4.388,4,NOT_LISTED,True,,,,9.5,48.5,29.0,14.0,0.5530312441182006,-0.14432601969496556,3.6495580285254197
2026,5,2026_05_TB_DAL,00-0037120,Tyler Goodson,RB,DAL,TB,rush_attempts,3.3037832740336586,3.4130624258754065,2.8666666666666667,0.8,4.388,2,NOT_LISTED,True,,Full Participation in Practice,,9.5,48.5,29.0,2.1666666666666665,0.0842857142857143,-0.14432601969496556,3.6495580285254197
2026,5,2026_05_DET_ARI,00-0037157,Bam Knight,RB,ARI,DET,rush_attempts,4.551547220002707,4.589434025003383,4.4,0.8,4.388,1,NOT_LISTED,True,,,,-5.5,54.5,24.5,6.0,0.3502260553344145,0.060631655684037736,5.015310018340871
2026,5,2026_05_IND_PIT,00-0037228,Jaylen Warren,RB,PIT,IND,rush_attempts,15.214738332104226,15.418422915130282,14.4,0.8,4.388,4,NOT_LISTED,True,,,,2.5,44.5,23.5,13.5,0.6119419926628165,-0.033537966985157784,4.2362108836577
2026,5,2026_05_BUF_LA,00-0037248,James Cook,RB,BUF,LA,rush_attempts,17.740172627094495,17.791882450534786,17.533333333333335,0.8,4.388,4,NOT_LISTED,True,,,,-3.0,54.5,25.75,15.333333333333334,0.5303709856035438,-0.007935755577792865,4.686384078884078
2026,5,2026_05_NYG_WAS,00-0037256,Rachaad White,RB,WAS,NYG,rush_attempts,6.754167838679142,6.742709798348928,6.8,0.8,4.388,3,LIMITED,True,,Limited Participation in Practice,,4.5,41.5,23.0,6.0,0.1884469696969697,-0.04755900629483796,4.219459866637286
2026,5,2026_05_DET_ARI,00-0037263,Tyler Allgeier,RB,ARI,DET,rush_attempts,6.700396622347003,6.808829111267087,6.266666666666667,0.8,4.388,4,NOT_LISTED,True,,,,-5.5,54.5,24.5,8.166666666666666,0.29315238864258475,0.060631655684037736,5.015310018340871
2026,5,2026_05_MIN_NO,00-0037525,Jordan Mason,RB,MIN,NO,rush_attempts,10.134453776777082,10.151400554304688,10.066666666666666,0.8,4.388,1,NOT_LISTED,True,,,,2.5,41.5,22.0,9.666666666666666,0.33549629529231045,-0.048380387965520404,4.133167000263774
2026,5,2026_05_BUF_LA,00-0037557,Ronnie Rivers,RB,LA,BUF,rush_attempts,3.14810525722464,3.4017982381974665,2.1333333333333333,0.8,4.388,1,NOT_LISTED,True,,,,3.0,54.5,28.75,2.3333333333333335,0.07410600255427842,0.08090955219871246,4.636802773839063
2026,5,2026_05_BAL_ATL,00-0037746,Brian Robinson,RB,ATL,BAL,rush_attempts,9.616905120444045,9.437798067221722,10.333333333333332,0.8,4.388,4,NOT_LISTED,True,,,,3.0,43.5,23.25,8.333333333333334,0.2603814575266246,-0.14072759638472015,3.925844433866526
2026,5,2026_05_SF_SEA,00-0037834,Brock Purdy,QB,SF,SEA,rush_attempts,4.661386757873011,4.610066780674598,4.866666666666667,0.8,4.388,4,NOT_LISTED,True,,,,-3.0,45.5,21.25,4.666666666666667,0.16559764002219243,-0.17485011382614163,3.699234030615968
2026,5,2026_05_BUF_LA,00-0037840,Kyren Williams,RB,LA,BUF,rush_attempts,13.846065748550195,13.840915519021078,13.866666666666667,0.8,4.388,4,NOT_LISTED,True,,,,3.0,54.5,28.75,13.166666666666666,0.5228587434393402,0.08090955219871246,4.636802773839063
2026,5,2026_05_CLE_NYJ,00-0038120,Breece Hall,RB,NYJ,CLE,rush_attempts,15.424899218338886,15.181124022923608,16.4,0.8,4.388,3,DNP,True,,Did Not Participate In Practice,,2.5,39.5,21.0,15.5,0.5859842805018244,0.077189846089728,4.952126359816503
2026,5,2026_05_CIN_MIA,00-0038128,Malik Willis,QB,MIA,CIN,rush_attempts,5.1127811917026165,5.107643156294937,5.133333333333333,0.8,4.388,4,NOT_LISTED,True,,,,-6.5,42.5,18.0,6.333333333333333,0.26006950571826576,-0.060978494256603025,4.815502899877901
2026,5,2026_05_DEN_LAC,00-0038454,Keaton Mitchell,RB,LAC,DEN,rush_attempts,7.1702561763941866,7.179486887159401,7.133333333333333,0.8,4.388,4,NOT_LISTED,True,,,,-3.5,41.5,19.0,6.333333333333333,0.19813764516987786,0.06420327580679752,4.654753391631252
2026,5,2026_05_LV_NE,00-0038476,Tommy DeVito,QB,NE,LV,rush_attempts,2.53850095910784,2.4897928655514665,2.7333333333333334,0.8,4.388,1,NOT_LISTED,True,,,,3.5,45.5,24.5,2.3333333333333335,0.12115384615384615,-0.10657202904169252,4.546613099085492
2026,5,2026_05_BAL_ATL,00-0038542,Bijan Robinson,RB,ATL,BAL,rush_attempts,19.951644495332868,19.70622228583275,20.93333333333333,0.8,4.388,4,NOT_LISTED,True,,,,3.0,43.5,23.25,20.333333333333332,0.6157100395888752,-0.14072759638472015,3.925844433866526
2026,5,2026_05_MIN_NO,00-0038551,Kendre Miller,RB,NO,MIN,rush_attempts,6.319886391639403,6.31652465621592,6.333333333333333,0.8,4.388,3,NOT_LISTED,True,,,,-2.5,41.5,19.5,6.333333333333333,0.25977159437382885,-0.14288762218624212,3.981380325582217
2026,5,2026_05_PHI_JAX,00-0038555,Tank Bigsby,RB,PHI,JAX,rush_attempts,7.534585015203824,7.301564602338113,8.466666666666667,0.8,4.388,4,NOT_LISTED,True,,,,-7.5,41.5,17.0,7.666666666666667,0.313966143099915,-0.07379740534197694,3.6983929850464294
2026,5,2026_05_CIN_MIA,00-0038597,Chase Brown,RB,CIN,MIA,rush_attempts,15.533468145789776,15.76683518223722,14.600000000000001,0.8,4.388,4,NOT_LISTED,True,,,,6.5,42.5,24.5,15.5,0.6554919101295913,-0.034773158308008506,4.154568041188357
2026,5,2026_05_PHI_JAX,00-0038611,Chris Rodriguez Jr.,RB,JAX,PHI,rush_attempts,7.508731360853977,7.4359142010674715,7.800000000000001,0.8,4.388,4,NOT_LISTED,True,,,,7.5,41.5,24.5,9.5,0.3155926447084984,-0.014883556671813984,3.7941509904099266
2026,5,2026_05_CHI_GB,00-0038685,Chris Brooks,RB,GB,CHI,rush_attempts,4.384343210347363,4.613762346267537,3.466666666666667,0.8,4.388,4,DNP,True,,Did Not Participate In Practice,,-2.5,45.5,21.5,4.666666666666667,0.18116402116402117,0.023079004106420036,4.70839883335046
2026,5,2026_05_TB_DAL,00-0038705,Emari Demercado,RB,DAL,TB,rush_attempts,3.1078440785868082,3.23480509823351,2.6000000000000005,0.8,4.388,2,NOT_LISTED,True,,,,9.5,48.5,29.0,3.0,0.17282122064730762,-0.14432601969496556,3.6495580285254197
2026,5,2026_05_TB_DAL,00-0038738,Hunter Luepke,RB,DAL,TB,rush_attempts,1.64634399831017,1.7579299978877123,1.2,0.8,4.388,3,NOT_LISTED,True,,,,9.5,48.5,29.0,2.0,0.062068406633624014,-0.14432601969496556,3.6495580285254197
2026,5,2026_05_CLE_NYJ,00-0038794,Jaleel McLaughlin,RB,CLE,NYJ,rush_attempts,3.813182535276773,3.9998115024292993,3.0666666666666664,0.8,4.388,2,NOT_LISTED,True,,,,-2.5,39.5,18.5,3.6666666666666665,0.14190791018240967,-0.13541173550296665,4.199079764980928
2026,5,2026_05_SF_SEA,00-0038797,Emanuel Wilson,RB,SEA,SF,rush_attempts,13.152489667686488,12.657278751274777,15.133333333333333,0.8,4.388,4,NOT_LISTED,True,,,,3.0,45.5,24.25,12.333333333333334,0.4071715049656226,0.04885395890306228,4.276404964767034
2026,5,2026_05_TB_DAL,00-0038951,Sean Tucker,RB,TB,DAL,rush_attempts,3.491575821775162,3.5144697772189524,3.4,0.8,4.388,1,NOT_LISTED,True,,,,-9.5,48.5,19.5,4.0,0.13325496188399413,0.0034748111152853797,4.934382442400535
2026,5,2026_05_HOU_TEN,00-0039032,Tyjae Spears,RB,TEN,HOU,rush_attempts,4.3200753079644105,4.400094134955514,4.0,0.8,4.388,4,NOT_LISTED,True,,,,-7.5,38.5,15.5,4.0,0.17460428258976354,-0.08124408198778915,3.5673402359938127
2026,5,2026_05_CIN_MIA,00-0039040,De'Von Achane,RB,MIA,CIN,rush_attempts,11.102876291896035,10.861928698203378,12.066666666666666,0.8,4.388,3,NOT_LISTED,True,,,,-6.5,42.5,18.0,13.166666666666666,0.5472091271312628,-0.060978494256603025,4.815502899877901
2026,5,2026_05_DET_ARI,00-0039139,Jahmyr Gibbs,RB,DET,ARI,rush_attempts,18.38463936439527,18.497465872160756,17.933333333333334,0.8,4.388,4,NOT_LISTED,True,,,,5.5,54.5,30.0,19.333333333333332,0.7693041526374861,-0.10036120248537686,4.198019791480521
2026,5,2026_05_HOU_TEN,00-0039163,C.J. Stroud,QB,HOU,TEN,rush_attempts,2.961441730450809,3.101802163063511,2.4000000000000004,0.8,4.388,4,NOT_LISTED,True,,,,7.5,38.5,23.0,2.5,0.10163582977050468,-0.07001880708816585,3.596292987023465
2026,5,2026_05_SF_SEA,00-0039299,George Holani,RB,SEA,SF,rush_attempts,4.856618308596348,4.854106219078767,4.866666666666667,0.8,4.388,4,NOT_LISTED,True,,,,3.0,45.5,24.25,5.166666666666667,0.17529016876842962,0.04885395890306228,4.276404964767034
2026,5,2026_05_TB_DAL,00-0039361,Bucky Irving,RB,TB,DAL,rush_attempts,14.68297472693126,14.437051741997408,15.666666666666666,0.8,4.388,4,NOT_LISTED,True,,,,-9.5,48.5,19.5,15.166666666666666,0.5819937275985664,0.0034748111152853797,4.934382442400535
2026,5,2026_05_NYG_WAS,00-0039384,Tyrone Tracy Jr.,RB,NYG,WAS,rush_attempts,2.779854135572882,2.774817669466102,2.8000000000000003,0.8,4.388,4,NOT_LISTED,True,,,,-4.5,41.5,18.5,6.0,0.18903071221619608,0.029551193879589422,4.427833395993826
2026,5,2026_05_DEN_LAC,00-0039391,Kimani Vidal,RB,LAC,DEN,rush_attempts,3.3206218534975505,3.417443983538605,2.9333333333333336,0.8,4.388,3,NOT_LISTED,True,,,,-3.5,41.5,19.0,4.333333333333333,0.15002161392247598,0.06420327580679752,4.654753391631252
2026,5,2026_05_HOU_TEN,00-0039603,British Brooks,RB,HOU,TEN,rush_attempts,2.7493144334326685,2.5699763751241687,3.4666666666666663,0.8,4.388,1,NOT_LISTED,True,,,,7.5,38.5,23.0,2.1666666666666665,0.06770833333333333,-0.07001880708816585,3.596292987023465
2026,5,2026_05_DEN_LAC,00-0039732,Bo Nix,QB,DEN,LAC,rush_attempts,3.8991709715530214,3.80729704777461,4.266666666666667,0.8,4.388,4,NOT_LISTED,True,,,,3.5,41.5,22.5,5.166666666666667,0.19479917260159194,-0.18055840185757804,3.5493515317552538
2026,5,2026_05_BUF_LA,00-0039738,Blake Corum,RB,LA,BUF,rush_attempts,8.398340437183709,8.48125887981297,8.066666666666666,0.8,4.388,4,NOT_LISTED,True,,,,3.0,54.5,28.75,8.666666666666666,0.32560390311756565,0.08090955219871246,4.636802773839063
2026,5,2026_05_PHI_JAX,00-0039746,Will Shipley,RB,PHI,JAX,rush_attempts,3.737057277639957,3.721321597049946,3.8,0.8,4.388,4,NOT_LISTED,True,,,,-7.5,41.5,17.0,3.0,0.10842114634877793,-0.07379740534197694,3.6983929850464294
2026,5,2026_05_CLE_NYJ,00-0039794,Braelon Allen,RB,NYJ,CLE,rush_attempts,9.481486945045079,9.985192014639683,7.466666666666667,0.8,4.388,4,NOT_LISTED,True,,,,2.5,39.5,21.0,7.166666666666667,0.34264141090990824,0.077189846089728,4.952126359816503
2026,5,2026_05_CLE_NYJ,00-0039798,Isaiah Davis,RB,NYJ,CLE,rush_attempts,1.6614455370211965,1.8268069212764955,1.0,0.8,4.388,3,NOT_LISTED,True,,,,2.5,39.5,21.0,2.5,0.08973214285714286,0.077189846089728,4.952126359816503
2026,5,2026_05_CHI_GB,00-0039811,MarShawn Lloyd,RB,GB,CHI,rush_attempts,7.4487682181575146,7.740960272696894,6.28,0.8,4.388,4,NOT_LISTED,True,,,,-2.5,45.5,21.5,7.2,0.3580065887990416,0.023079004106420036,4.70839883335046
2026,5,2026_05_LV_NE,00-0039851,Drake Maye,QB,NE,LV,rush_attempts,5.1754843581154475,5.152688780977643,5.266666666666667,0.8,4.388,4,NOT_LISTED,True,,Full Participation in Practice,,3.5,45.5,24.5,5.166666666666667,0.1635788889583956,-0.10657202904169252,4.546613099085492
2026,5,2026_05_CIN_MIA,00-0039874,Jaylen Wright,RB,MIA,CIN,rush_attempts,4.433389047348972,4.558402975852881,3.9333333333333336,0.8,4.388,3,NOT_LISTED,True,,,,-6.5,42.5,18.0,5.833333333333333,0.23506568144499176,-0.060978494256603025,4.815502899877901
2026,5,2026_05_BUF_LA,00-0039875,Ray Davis,RB,BUF,LA,rush_attempts,2.2465676762178823,2.258209595272353,2.2,0.8,4.388,3,NOT_LISTED,True,,,,-3.0,54.5,25.75,4.5,0.11995707446790045,-0.007935755577792865,4.686384078884078
2026,5,2026_05_NYG_WAS,00-0039910,Jayden Daniels,QB,WAS,NYG,rush_attempts,6.033036834310976,6.007962709555386,6.133333333333333,0.8,4.388,2,NOT_LISTED,True,,Full Participation in Practice,,4.5,41.5,23.0,7.333333333333333,0.2391642920219358,-0.04755900629483796,4.219459866637286
2026,5,2026_05_CHI_GB,00-0039918,Caleb Williams,QB,CHI,GB,rush_attempts,5.442332193189597,5.552915241486996,5.0,0.8,4.388,2,DNP,True,,Did Not Participate In Practice,,2.5,45.5,24.0,4.5,0.15113709468548178,-0.03722833188745785,4.3664215757799925
2026,5,2026_05_LV_NE,00-0040122,Ashton Jeanty,RB,LV,NE,rush_attempts,16.551279221434044,15.939099026792553,19.0,0.8,4.388,4,NOT_LISTED,True,,,,-3.5,45.5,21.0,20.0,0.7064810555471475,-0.0011950811828712743,4.4477226117986985
2026,5,2026_05_CHI_GB,00-0040142,Kaleb Johnson,RB,GB,CHI,rush_attempts,6.5383403244497895,6.772925405562238,5.6,0.8,4.388,4,NOT_LISTED,True,,,,-2.5,45.5,21.5,4.0,0.23150599128540306,0.023079004106420036,4.70839883335046
2026,5,2026_05_CLE_NYJ,00-0040162,Dylan Sampson,RB,CLE,NYJ,rush_attempts,4.6982237528349575,4.25611302437703,6.466666666666667,0.8,4.388,1,NOT_LISTED,True,,,,-2.5,39.5,18.5,5.666666666666667,0.22415969733174035,-0.13541173550296665,4.199079764980928
2026,5,2026_05_CIN_MIA,00-0040198,Ollie Gordon II,RB,MIA,CIN,rush_attempts,9.854322830489325,10.217903538111656,8.4,0.8,4.388,3,NOT_LISTED,True,,,,-6.5,42.5,18.0,6.5,0.25792494305842467,-0.060978494256603025,4.815502899877901
2026,5,2026_05_CHI_GB,00-0040236,Kyle Monangai,RB,CHI,GB,rush_attempts,13.727662399953056,13.426244666607985,14.933333333333334,0.8,4.388,4,DNP,True,,Did Not Participate In Practice,,2.5,45.5,24.0,12.333333333333334,0.3528717399685141,-0.03722833188745785,4.3664215757799925
2026,5,2026_05_NYG_WAS,00-0040242,Jacory Croskey-Merritt,RB,WAS,NYG,rush_attempts,11.930660974391206,11.579992884655674,13.333333333333334,0.8,4.388,4,LIMITED,True,,Limited Participation in Practice,,4.5,41.5,23.0,13.333333333333334,0.4804023466371028,-0.04755900629483796,4.219459866637286
2026,5,2026_05_CLE_NYJ,00-0040466,Raheim Sanders,RB,CLE,NYJ,rush_attempts,3.267947947509374,3.518268267720051,2.2666666666666666,0.8,4.388,4,NOT_LISTED,True,,,,-2.5,39.5,18.5,3.1666666666666665,0.12802530132240275,-0.13541173550296665,4.199079764980928
2026,5,2026_05_LV_NE,00-0040556,Corey Kiner,RB,NE,LV,rush_attempts,3.428200172548441,3.5852502156855515,2.8,0.8,4.388,4,NOT_LISTED,True,,,,3.5,45.5,24.5,3.0,0.12877821103627554,-0.10657202904169252,4.546613099085492
2026,5,2026_05_HOU_TEN,00-0040583,Woody Marks,RB,HOU,TEN,rush_attempts,7.845678457082968,7.90709807135371,7.6,0.8,4.388,4,NOT_LISTED,True,,,,7.5,38.5,23.0,9.5,0.3584837809392763,-0.07001880708816585,3.596292987023465
2026,5,2026_05_DEN_LAC,00-0040666,Omarion Hampton,RB,LAC,DEN,rush_attempts,13.419315707111334,12.940811300555833,15.333333333333332,0.8,4.388,4,NOT_LISTED,True,,,,-3.5,41.5,19.0,14.833333333333334,0.538059163059163,0.06420327580679752,4.654753391631252
2026,5,2026_05_CLE_NYJ,00-0040668,Shedeur Sanders,QB,CLE,NYJ,rush_attempts,2.5063548711144645,2.516276922226414,2.466666666666667,0.8,4.388,1,NOT_LISTED,True,,,,-2.5,39.5,18.5,2.6666666666666665,0.11483870967741937,-0.13541173550296665,4.199079764980928
2026,5,2026_05_HOU_TEN,00-0040676,Cam Ward,QB,TEN,HOU,rush_attempts,3.206309242426562,3.274553219699869,2.9333333333333336,0.8,4.388,4,NOT_LISTED,True,,,,-7.5,38.5,15.5,2.8333333333333335,0.13363370849759235,-0.08124408198778915,3.5673402359938127
2026,5,2026_05_NYG_WAS,00-0040691,Jaxson Dart,QB,NYG,WAS,rush_attempts,5.315060649653303,5.243825812066628,5.6,0.8,4.388,2,NOT_LISTED,True,,,,-4.5,41.5,18.5,6.0,0.18681356203255536,0.029551193879589422,4.427833395993826
2026,5,2026_05_NYG_WAS,00-0040715,Cam Skattebo,RB,NYG,WAS,rush_attempts,13.985450500851062,13.531813126063827,15.8,0.8,4.388,4,LIMITED,True,,Limited Participation in Practice,,-4.5,41.5,18.5,14.5,0.4916149916149916,0.029551193879589422,4.427833395993826
2026,5,2026_05_PHI_JAX,00-0040719,Bhayshul Tuten,RB,JAX,PHI,rush_attempts,14.105800462362208,14.282250577952759,13.4,0.8,4.388,4,NOT_LISTED,True,,,,7.5,41.5,24.5,11.0,0.3975694444444444,-0.014883556671813984,3.7941509904099266
2026,5,2026_05_DEN_LAC,00-0040730,RJ Harvey,RB,DEN,LAC,rush_attempts,5.961520903872971,6.051901129841214,5.6,0.8,4.388,3,NOT_LISTED,True,,,,3.5,41.5,22.5,8.0,0.32188624863435106,-0.18055840185757804,3.5493515317552538
2026,5,2026_05_LV_NE,00-0040734,TreVeyon Henderson,RB,NE,LV,rush_attempts,11.47645506371361,11.195568829642013,12.6,0.8,4.388,3,NOT_LISTED,True,,,,3.5,45.5,24.5,12.5,0.40110715040382555,-0.10657202904169252,4.546613099085492
2026,5,2026_05_MIN_NO,00-0040743,Tyler Shough,QB,NO,MIN,rush_attempts,3.6242418295216154,3.546968953568686,3.9333333333333336,0.8,4.388,4,LIMITED,True,,Limited Participation in Practice,,-2.5,41.5,19.5,3.8333333333333335,0.153934739300872,-0.14288762218624212,3.981380325582217
2026,5,2026_05_CLE_NYJ,00-0040784,Quinshon Judkins,RB,CLE,NYJ,rush_attempts,14.169598827588832,14.045331867819375,14.666666666666664,0.8,4.388,4,NOT_LISTED,True,,,,-2.5,39.5,18.5,13.166666666666666,0.5508146369413317,-0.13541173550296665,4.199079764980928
2026,5,2026_05_LV_NE,00-0040878,Mike Washington Jr.,RB,LV,NE,rush_attempts,6.190817909762231,6.288522387202788,5.800000000000001,0.8,4.388,4,NOT_LISTED,True,,,,-3.5,45.5,21.0,6.0,0.20599412409757237,-0.0011950811828712743,4.4477226117986985
2026,5,2026_05_HOU_TEN,00-0040886,Nicholas Singleton,RB,TEN,HOU,rush_attempts,3.6449486646276585,3.6811858307845733,3.5,0.8,4.388,2,NOT_LISTED,True,,,,-7.5,38.5,15.5,3.5,0.126657824933687,-0.08124408198778915,3.5673402359938127
2026,5,2026_05_DET_ARI,00-0041027,Jeremiyah Love,RB,ARI,DET,rush_attempts,13.625923266321657,13.45740408290207,14.299999999999999,0.8,4.388,4,NOT_LISTED,True,,,,-5.5,54.5,24.5,13.75,0.5422951231774761,0.060631655684037736,5.015310018340871
2026,5,2026_05_SF_SEA,00-0041052,Kaelon Black,RB,SF,SEA,rush_attempts,6.555931070855374,6.569913838569217,6.5,0.8,4.388,4,NOT_LISTED,True,,,,-3.0,45.5,21.25,7.75,0.2678168852081895,-0.17485011382614163,3.699234030615968
2026,5,2026_05_NYG_WAS,00-0041096,Kaytron Allen,RB,WAS,NYG,rush_attempts,4.078529596761285,4.098161995951607,4.0,0.8,4.388,3,NOT_LISTED,True,,,,4.5,41.5,23.0,4.0,0.13920454545454544,-0.04755900629483796,4.219459866637286
2026,5,2026_05_MIN_NO,00-0041104,Demond Claiborne,RB,MIN,NO,rush_attempts,2.653816569336037,2.817270711670046,2.0,0.8,4.388,3,NOT_LISTED,True,,,,2.5,41.5,22.0,2.0,0.07573632538569425,-0.048380387965520404,4.133167000263774
2026,5,2026_05_IND_PIT,00-0041125,Seth McGowan,RB,IND,PIT,rush_attempts,3.4475826901922426,3.4094783627403036,3.6,0.8,4.388,4,NOT_LISTED,True,,,,-2.5,44.5,21.0,3.0,0.09788306451612903,-0.1259101344399286,3.8586179915514593
2026,5,2026_05_TB_DAL,00-0041251,Jalon Daniels,QB,TB,DAL,rush_attempts,4.565503741481639,4.581879676852049,4.5,0.8,4.388,2,NOT_LISTED,True,,,,-9.5,48.5,19.5,4.5,0.15284178187403993,0.0034748111152853797,4.934382442400535
2026,5,2026_05_DEN_LAC,00-0041496,Jonah Coleman,RB,DEN,LAC,rush_attempts,5.054551247843074,5.068189059803842,5.0,0.8,4.388,2,NOT_LISTED,True,,,,3.5,41.5,22.5,5.0,0.17857142857142858,-0.18055840185757804,3.5493515317552538
2026,5,2026_05_SF_SEA,00-0041512,Jadarian Price,RB,SEA,SF,rush_attempts,8.466276400508644,8.249512167302472,9.333333333333334,0.8,4.388,3,NOT_LISTED,True,,,,3.0,45.5,24.25,9.333333333333334,0.3524410774410775,0.04885395890306228,4.276404964767034
2026,5,2026_05_BUF_LA,00-0026498,Matthew Stafford,QB,LA,BUF,rushing_yards,8.071373348664283,8.43690982195798,6.0,0.85,26.803,4,NOT_LISTED,True,,,,3.0,54.5,28.75,2.0,0.07517287439229693,0.08090955219871246,4.636802773839063
2026,5,2026_05_CHI_GB,00-0028986,Case Keenum,QB,CHI,GB,rushing_yards,7.140958832563525,7.895245685368852,2.866666666666667,0.85,26.803,1,NOT_LISTED,True,,,,2.5,45.5,24.0,2.6666666666666665,0.08914134081817009,-0.03722833188745785,4.3664215757799925
2026,5,2026_05_LV_NE,00-0029604,Kirk Cousins,QB,LV,NE,rushing_yards,4.416524328434064,5.066499209922428,0.7333333333333333,0.85,26.803,4,NOT_LISTED,True,,,,-3.5,45.5,21.0,2.6666666666666665,0.08908005183867253,-0.0011950811828712743,4.4477226117986985
2026,5,2026_05_CLE_NYJ,00-0030565,Geno Smith,QB,NYJ,CLE,rushing_yards,10.642776569522129,11.062090081790739,8.266666666666666,0.85,26.803,4,NOT_LISTED,True,,,,2.5,39.5,21.0,2.3333333333333335,0.08238241615434598,0.077189846089728,4.952126359816503
2026,5,2026_05_NYG_WAS,00-0032268,Marcus Mariota,QB,WAS,NYG,rushing_yards,12.88703712624044,12.278867207341694,16.333333333333332,0.85,26.803,3,DNP,True,,Did Not Participate In Practice,,4.5,41.5,23.0,3.3333333333333335,0.10477381265424744,-0.04755900629483796,4.219459866637286
2026,5,2026_05_BAL_ATL,00-0032764,Derrick Henry,RB,BAL,ATL,rushing_yards,77.58359595692787,74.73364230226807,93.73333333333333,0.85,26.803,4,NOT_LISTED,True,,,,-3.0,43.5,20.25,24.166666666666668,0.7077974321105734,-0.1525406724500617,3.7520322847124907
2026,5,2026_05_MIN_NO,00-0032950,Carson Wentz,QB,MIN,NO,rushing_yards,9.268096369137503,10.044819257808827,4.866666666666667,0.85,26.803,2,NOT_LISTED,True,,,,2.5,41.5,22.0,2.8333333333333335,0.10975825112653757,-0.048380387965520404,4.133167000263774
2026,5,2026_05_TB_DAL,00-0033077,Dak Prescott,QB,DAL,TB,rushing_yards,14.706667041420616,14.419608284024255,16.333333333333332,0.85,26.803,4,NOT_LISTED,True,,,,9.5,48.5,29.0,3.0,0.11208273208273208,-0.14432601969496556,3.6495580285254197
2026,5,2026_05_DET_ARI,00-0033106,Jared Goff,QB,DET,ARI,rushing_yards,6.719181373008837,7.246095732951574,3.7333333333333334,0.85,26.803,4,NOT_LISTED,True,,,,5.5,54.5,30.0,2.0,0.073989898989899,-0.10036120248537686,4.198019791480521
2026,5,2026_05_DET_ARI,00-0033119,Jacoby Brissett,QB,ARI,DET,rushing_yards,13.330253835834508,13.929710395099422,9.933333333333334,0.85,26.803,4,NOT_LISTED,True,,,,-5.5,54.5,24.5,3.0,0.12288140327356013,0.060631655684037736,5.015310018340871
2026,5,2026_05_SF_SEA,00-0033280,Christian McCaffrey,RB,SF,SEA,rushing_yards,52.78037868266046,52.31809256783583,55.400000000000006,0.85,26.803,4,NOT_LISTED,True,,,,-3.0,45.5,21.25,13.5,0.5212643833700953,-0.17485011382614163,3.699234030615968
2026,5,2026_05_MIN_NO,00-0033293,Aaron Jones,RB,MIN,NO,rushing_yards,75.1271641418788,74.19666369632799,80.4,0.85,26.803,4,LIMITED,True,,Limited Participation in Practice,,2.5,41.5,22.0,18.5,0.6464896617833669,-0.048380387965520404,4.133167000263774
2026,5,2026_05_PHI_JAX,00-0033319,Nick Mullens,QB,JAX,PHI,rushing_yards,7.578462845655777,9.315838641947973,-2.2666666666666666,0.85,26.803,1,NOT_LISTED,True,,,,7.5,41.5,24.5,2.8333333333333335,0.10300925925925926,-0.014883556671813984,3.7941509904099266
2026,5,2026_05_CIN_MIA,00-0033526,Samaje Perine,RB,CIN,MIA,rushing_yards,16.493399802723594,17.580470356145405,10.333333333333332,0.85,26.803,4,NOT_LISTED,True,,,,6.5,42.5,24.5,4.0,0.1740871098842113,-0.034773158308008506,4.154568041188357
2026,5,2026_05_CLE_NYJ,00-0033537,Deshaun Watson,QB,CLE,NYJ,rushing_yards,31.56018844372995,32.294339345564644,27.400000000000002,0.85,26.803,4,NOT_LISTED,True,,,,-2.5,39.5,18.5,6.166666666666667,0.24303985332970843,-0.13541173550296665,4.199079764980928
2026,5,2026_05_NYG_WAS,00-0033699,Austin Ekeler,RB,WAS,NYG,rushing_yards,24.91752226397635,25.444143839972178,21.93333333333333,0.85,26.803,1,NOT_LISTED,True,,,,4.5,41.5,23.0,5.333333333333333,0.2314110085820612,-0.04755900629483796,4.219459866637286
2026,5,2026_05_MIN_NO,00-0033906,Alvin Kamara,RB,NO,MIN,rushing_yards,30.543415584976756,31.180488923502068,26.933333333333334,0.85,26.803,3,DNP,True,,Did Not Participate In Practice,,-2.5,41.5,19.5,9.333333333333334,0.3589153062837273,-0.14288762218624212,3.981380325582217
2026,5,2026_05_BAL_ATL,00-0034796,Lamar Jackson,QB,BAL,ATL,rushing_yards,23.158863680335195,21.692780800394345,31.466666666666665,0.85,26.803,4,DNP,True,,Did Not Participate In Practice,,-3.0,43.5,20.25,4.166666666666667,0.13405383054505862,-0.1525406724500617,3.7520322847124907
2026,5,2026_05_PHI_JAX,00-0034844,Saquon Barkley,RB,PHI,JAX,rushing_yards,41.80423579478371,41.19321858209848,45.266666666666666,0.85,26.803,4,NOT_LISTED,True,,,,-7.5,41.5,17.0,12.666666666666666,0.48949400797956016,-0.07379740534197694,3.6983929850464294
2026,5,2026_05_TB_DAL,00-0034855,Baker Mayfield,QB,TB,DAL,rushing_yards,22.270615595527723,22.01248893591497,23.733333333333334,0.85,26.803,3,OUT,False,Out,Did Not Participate In Practice,Thumb,-9.5,48.5,19.5,3.6666666666666665,0.1515313852813853,0.0034748111152853797,4.934382442400535
2026,5,2026_05_BUF_LA,00-0034857,Josh Allen,QB,BUF,LA,rushing_yards,32.642876182316144,33.14456021448958,29.8,0.85,26.803,4,NOT_LISTED,True,,,,-3.0,54.5,25.75,7.833333333333333,0.2700879899155761,-0.007935755577792865,4.686384078884078
2026,5,2026_05_SF_SEA,00-0034869,Sam Darnold,QB,SEA,SF,rushing_yards,6.135776803404651,6.48914918047606,4.133333333333333,0.85,26.803,3,NOT_LISTED,True,,,,3.0,45.5,24.25,2.6666666666666665,0.08394068894068894,0.04885395890306228,4.276404964767034
2026,5,2026_05_BAL_ATL,00-0034975,Justice Hill,RB,BAL,ATL,rushing_yards,13.95234715741046,14.214526067541716,12.466666666666667,0.85,26.803,4,NOT_LISTED,True,,,,-3.0,43.5,20.25,2.5,0.07429355192513087,-0.1525406724500617,3.7520322847124907
2026,5,2026_05_MIN_NO,00-0035228,Kyler Murray,QB,MIN,NO,rushing_yards,17.205493396119632,17.053521642493685,18.06666666666667,0.85,26.803,3,NOT_LISTED,True,,,,2.5,41.5,22.0,4.166666666666667,0.1642771390124943,-0.048380387965520404,4.133167000263774
2026,5,2026_05_NYG_WAS,00-0035250,Devin Singletary,RB,NYG,WAS,rushing_yards,23.183217951176353,23.639079942560414,20.6,0.85,26.803,2,NOT_LISTED,True,,,,-4.5,41.5,18.5,7.0,0.23056904681974202,0.029551193879589422,4.427833395993826
2026,5,2026_05_HOU_TEN,00-0035261,Tony Pollard,RB,TEN,HOU,rushing_yards,56.2530207907902,55.4506126950473,60.8,0.85,26.803,4,DNP,True,,Did Not Participate In Practice,,-7.5,38.5,15.5,14.333333333333334,0.6312277156197302,-0.08124408198778915,3.5673402359938127
2026,5,2026_05_BUF_LA,00-0035537,Ty Johnson,RB,BUF,LA,rushing_yards,10.97841430797571,10.562840362324366,13.333333333333334,0.85,26.803,2,NOT_LISTED,True,,,,-3.0,54.5,25.75,4.333333333333333,0.11923285281344624,-0.007935755577792865,4.686384078884078
2026,5,2026_05_HOU_TEN,00-0035685,David Montgomery,RB,HOU,TEN,rushing_yards,38.582318513253234,40.7439041332391,26.333333333333336,0.85,26.803,4,NOT_LISTED,True,,,,7.5,38.5,23.0,10.833333333333334,0.43968137937436175,-0.07001880708816585,3.596292987023465
2026,5,2026_05_IND_PIT,00-0035710,Daniel Jones,QB,IND,PIT,rushing_yards,8.040554918016314,8.553594021195664,5.133333333333333,0.85,26.803,4,NOT_LISTED,True,,,,-2.5,44.5,21.0,2.1666666666666665,0.07596622103547068,-0.1259101344399286,3.8586179915514593
2026,5,2026_05_BAL_ATL,00-0035993,Tyler Huntley,QB,BAL,ATL,rushing_yards,19.648066769436046,18.39772561110123,26.733333333333334,0.85,26.803,1,NOT_LISTED,True,,,,-3.0,43.5,20.25,4.666666666666667,0.12992254996971977,-0.1525406724500617,3.7520322847124907
2026,5,2026_05_IND_PIT,00-0036139,Rico Dowdle,RB,PIT,IND,rushing_yards,31.999024262997033,33.822381485878864,21.666666666666664,0.85,26.803,2,LIMITED,True,,Limited Participation in Practice,,2.5,44.5,23.5,9.833333333333334,0.43549461680597723,-0.033537966985157784,4.2362108836577
2026,5,2026_05_DEN_LAC,00-0036158,J.K. Dobbins,RB,DEN,LAC,rushing_yards,48.67641704856064,49.336961233600746,44.93333333333334,0.85,26.803,4,NOT_LISTED,True,,,,3.5,41.5,22.5,13.166666666666666,0.5648861283643892,-0.18055840185757804,3.5493515317552538
2026,5,2026_05_IND_PIT,00-0036223,Jonathan Taylor,RB,IND,PIT,rushing_yards,77.57596822874028,76.9834920338121,80.93333333333334,0.85,26.803,4,LIMITED,True,,Limited Participation in Practice,,-2.5,44.5,21.0,20.166666666666668,0.7605246008471815,-0.1259101344399286,3.8586179915514593
2026,5,2026_05_CHI_GB,00-0036275,D'Andre Swift,RB,CHI,GB,rushing_yards,60.21128433775404,59.4720992208871,64.4,0.85,26.803,4,DNP,True,,Did Not Participate In Practice,,2.5,45.5,24.0,14.666666666666666,0.46525338460822335,-0.03722833188745785,4.3664215757799925
2026,5,2026_05_DEN_LAC,00-0036355,Justin Herbert,QB,LAC,DEN,rushing_yards,20.961079687792598,20.61303492681482,22.933333333333334,0.85,26.803,4,NOT_LISTED,True,,,,-3.5,41.5,19.0,5.333333333333333,0.19622564935064934,0.06420327580679752,4.654753391631252
2026,5,2026_05_PHI_JAX,00-0036389,Jalen Hurts,QB,PHI,JAX,rushing_yards,21.74807124854578,21.73890735123033,21.8,0.85,26.803,4,NOT_LISTED,True,,,,-7.5,41.5,17.0,5.166666666666667,0.19220474488340844,-0.07379740534197694,3.6983929850464294
2026,5,2026_05_CIN_MIA,00-0036442,Joe Burrow,QB,CIN,MIA,rushing_yards,11.241495156789867,11.919406066811609,7.4,0.85,26.803,4,NOT_LISTED,True,,,,6.5,42.5,24.5,2.6666666666666665,0.11758147381335786,-0.034773158308008506,4.154568041188357
2026,5,2026_05_CLE_NYJ,00-0036842,Kene Nwangwu,RB,NYJ,CLE,rushing_yards,10.073907989185477,9.545774104924089,13.066666666666666,0.85,26.803,1,NOT_LISTED,True,,,,2.5,39.5,21.0,2.1666666666666665,0.08643892339544514,0.077189846089728,4.952126359816503
2026,5,2026_05_LV_NE,00-0036875,Rhamondre Stevenson,RB,NE,LV,rushing_yards,45.85878013991213,45.9868001646025,45.13333333333334,0.85,26.803,4,LIMITED,True,,Limited Participation in Practice,,3.5,45.5,24.5,9.833333333333334,0.31061579856646265,-0.10657202904169252,4.546613099085492
2026,5,2026_05_NYG_WAS,00-0036893,Najee Harris,RB,NYG,WAS,rushing_yards,26.857605871293643,26.738359848580757,27.53333333333333,0.85,26.803,3,DNP,True,,Did Not Participate In Practice,,-4.5,41.5,18.5,6.166666666666667,0.2244350094350094,0.029551193879589422,4.427833395993826
2026,5,2026_05_TB_DAL,00-0036919,Kenny Gainwell,RB,TB,DAL,rushing_yards,13.210735981188268,14.424395271986196,6.333333333333334,0.85,26.803,4,NOT_LISTED,True,,,,-9.5,48.5,19.5,4.166666666666667,0.17827188940092165,0.0034748111152853797,4.934382442400535
2026,5,2026_05_PHI_JAX,00-0036971,Trevor Lawrence,QB,JAX,PHI,rushing_yards,13.73740024189417,14.232235578699022,10.933333333333334,0.85,26.803,4,NOT_LISTED,True,,,,7.5,41.5,24.5,3.5,0.12491219667943805,-0.014883556671813984,3.7941509904099266
2026,5,2026_05_SF_SEA,00-0036972,Mac Jones,QB,SF,SEA,rushing_yards,1.2849719056810702,1.605849300801259,-0.5333333333333333,0.85,26.803,1,NOT_LISTED,True,,,,-3.0,45.5,21.25,2.5,0.08360624640194532,-0.17485011382614163,3.699234030615968
2026,5,2026_05_MIN_NO,00-0036973,Travis Etienne,RB,NO,MIN,rushing_yards,43.57077942857375,43.37738756302794,44.666666666666664,0.85,26.803,3,NOT_LISTED,True,,,,-2.5,41.5,19.5,12.833333333333334,0.48045247217661013,-0.14288762218624212,3.981380325582217
2026,5,2026_05_TB_DAL,00-0036997,Javonte Williams,RB,DAL,TB,rushing_yards,59.45051452155571,59.48295826065378,59.266666666666666,0.85,26.803,4,NOT_LISTED,True,,,,9.5,48.5,29.0,14.0,0.5530312441182006,-0.14432601969496556,3.6495580285254197
2026,5,2026_05_TB_DAL,00-0037120,Tyler Goodson,RB,DAL,TB,rushing_yards,12.2812289130419,12.601445780049294,10.466666666666667,0.85,26.803,2,NOT_LISTED,True,,Full Participation in Practice,,9.5,48.5,29.0,2.1666666666666665,0.0842857142857143,-0.14432601969496556,3.6495580285254197
2026,5,2026_05_DET_ARI,00-0037157,Bam Knight,RB,ARI,DET,rushing_yards,19.92704407355089,20.50240479241281,16.666666666666668,0.85,26.803,1,NOT_LISTED,True,,,,-5.5,54.5,24.5,6.0,0.3502260553344145,0.060631655684037736,5.015310018340871
2026,5,2026_05_IND_PIT,00-0037228,Jaylen Warren,RB,PIT,IND,rushing_yards,74.06154285150613,72.68416806059545,81.86666666666667,0.85,26.803,4,NOT_LISTED,True,,,,2.5,44.5,23.5,13.5,0.6119419926628165,-0.033537966985157784,4.2362108836577
2026,5,2026_05_BUF_LA,00-0037248,James Cook,RB,BUF,LA,rushing_yards,84.16619794675944,80.17199758442285,106.8,0.85,26.803,4,NOT_LISTED,True,,,,-3.0,54.5,25.75,15.333333333333334,0.5303709856035438,-0.007935755577792865,4.686384078884078
2026,5,2026_05_NYG_WAS,00-0037256,Rachaad White,RB,WAS,NYG,rushing_yards,29.902625350412748,29.556029824014995,31.866666666666667,0.85,26.803,3,LIMITED,True,,Limited Participation in Practice,,4.5,41.5,23.0,6.0,0.1884469696969697,-0.04755900629483796,4.219459866637286
2026,5,2026_05_DET_ARI,00-0037263,Tyler Allgeier,RB,ARI,DET,rushing_yards,27.11607309188373,28.32479187280439,20.266666666666666,0.85,26.803,4,NOT_LISTED,True,,,,-5.5,54.5,24.5,8.166666666666666,0.29315238864258475,0.060631655684037736,5.015310018340871
2026,5,2026_05_MIN_NO,00-0037525,Jordan Mason,RB,MIN,NO,rushing_yards,48.51570088376402,48.1361186867812,50.666666666666664,0.85,26.803,1,NOT_LISTED,True,,,,2.5,41.5,22.0,9.666666666666666,0.33549629529231045,-0.048380387965520404,4.133167000263774
2026,5,2026_05_BUF_LA,00-0037557,Ronnie Rivers,RB,LA,BUF,rushing_yards,13.43997663688394,14.199972513981105,9.133333333333333,0.85,26.803,1,NOT_LISTED,True,,,,3.0,54.5,28.75,2.3333333333333335,0.07410600255427842,0.08090955219871246,4.636802773839063
2026,5,2026_05_BAL_ATL,00-0037746,Brian Robinson,RB,ATL,BAL,rushing_yards,41.99543654381874,41.0063959339044,47.6,0.85,26.803,4,NOT_LISTED,True,,,,3.0,43.5,23.25,8.333333333333334,0.2603814575266246,-0.14072759638472015,3.925844433866526
2026,5,2026_05_SF_SEA,00-0037834,Brock Purdy,QB,SF,SEA,rushing_yards,23.306672636365537,22.125497219253575,30.0,0.85,26.803,4,NOT_LISTED,True,,,,-3.0,45.5,21.25,4.666666666666667,0.16559764002219243,-0.17485011382614163,3.699234030615968
2026,5,2026_05_BUF_LA,00-0037840,Kyren Williams,RB,LA,BUF,rushing_yards,65.98661958835315,63.454846574533114,80.33333333333333,0.85,26.803,4,NOT_LISTED,True,,,,3.0,54.5,28.75,13.166666666666666,0.5228587434393402,0.08090955219871246,4.636802773839063
2026,5,2026_05_CLE_NYJ,00-0038120,Breece Hall,RB,NYJ,CLE,rushing_yards,61.500399447015965,62.47105817295996,56.0,0.85,26.803,3,DNP,True,,Did Not Participate In Practice,,2.5,39.5,21.0,15.5,0.5859842805018244,0.077189846089728,4.952126359816503
2026,5,2026_05_CIN_MIA,00-0038128,Malik Willis,QB,MIA,CIN,rushing_yards,25.631873234104006,25.0374979224753,29.0,0.85,26.803,4,NOT_LISTED,True,,,,-6.5,42.5,18.0,6.333333333333333,0.26006950571826576,-0.060978494256603025,4.815502899877901
2026,5,2026_05_DEN_LAC,00-0038454,Keaton Mitchell,RB,LAC,DEN,rushing_yards,30.314436774444225,29.75816091111085,33.46666666666667,0.85,26.803,4,NOT_LISTED,True,,,,-3.5,41.5,19.0,6.333333333333333,0.19813764516987786,0.06420327580679752,4.654753391631252
2026,5,2026_05_LV_NE,00-0038476,Tommy DeVito,QB,NE,LV,rushing_yards,10.549242067318545,10.32852007919829,11.8,0.85,26.803,1,NOT_LISTED,True,,,,3.5,45.5,24.5,2.3333333333333335,0.12115384615384615,-0.10657202904169252,4.546613099085492
2026,5,2026_05_BAL_ATL,00-0038542,Bijan Robinson,RB,ATL,BAL,rushing_yards,101.64604094420949,96.58357758142293,130.33333333333334,0.85,26.803,4,NOT_LISTED,True,,,,3.0,43.5,23.25,20.333333333333332,0.6157100395888752,-0.14072759638472015,3.925844433866526
2026,5,2026_05_MIN_NO,00-0038551,Kendre Miller,RB,NO,MIN,rushing_yards,23.497150032574908,24.337823567735185,18.733333333333334,0.85,26.803,3,NOT_LISTED,True,,,,-2.5,41.5,19.5,6.333333333333333,0.25977159437382885,-0.14288762218624212,3.981380325582217
2026,5,2026_05_PHI_JAX,00-0038555,Tank Bigsby,RB,PHI,JAX,rushing_yards,26.664348167792458,26.228644903285243,29.133333333333333,0.85,26.803,4,NOT_LISTED,True,,,,-7.5,41.5,17.0,7.666666666666667,0.313966143099915,-0.07379740534197694,3.6983929850464294
2026,5,2026_05_CIN_MIA,00-0038597,Chase Brown,RB,CIN,MIA,rushing_yards,64.36220993436368,65.92024698160432,55.53333333333333,0.85,26.803,4,NOT_LISTED,True,,,,6.5,42.5,24.5,15.5,0.6554919101295913,-0.034773158308008506,4.154568041188357
2026,5,2026_05_PHI_JAX,00-0038611,Chris Rodriguez Jr.,RB,JAX,PHI,rushing_yards,32.58643496434334,32.56051172275687,32.733333333333334,0.85,26.803,4,NOT_LISTED,True,,,,7.5,41.5,24.5,9.5,0.3155926447084984,-0.014883556671813984,3.7941509904099266
2026,5,2026_05_CHI_GB,00-0038685,Chris Brooks,RB,GB,CHI,rushing_yards,18.77830280146627,19.103885648783848,16.93333333333333,0.85,26.803,4,DNP,True,,Did Not Participate In Practice,,-2.5,45.5,21.5,4.666666666666667,0.18116402116402117,0.023079004106420036,4.70839883335046
2026,5,2026_05_TB_DAL,00-0038705,Emari Demercado,RB,DAL,TB,rushing_yards,14.209468808700446,14.152316245529938,14.533333333333333,0.85,26.803,2,NOT_LISTED,True,,,,9.5,48.5,29.0,3.0,0.17282122064730762,-0.14432601969496556,3.6495580285254197
2026,5,2026_05_TB_DAL,00-0038738,Hunter Luepke,RB,DAL,TB,rushing_yards,7.183117938837673,7.580138751573733,4.933333333333334,0.85,26.803,3,NOT_LISTED,True,,,,9.5,48.5,29.0,2.0,0.062068406633624014,-0.14432601969496556,3.6495580285254197
2026,5,2026_05_CLE_NYJ,00-0038794,Jaleel McLaughlin,RB,CLE,NYJ,rushing_yards,19.10343718641701,18.133455513431777,24.6,0.85,26.803,2,NOT_LISTED,True,,,,-2.5,39.5,18.5,3.6666666666666665,0.14190791018240967,-0.13541173550296665,4.199079764980928
2026,5,2026_05_SF_SEA,00-0038797,Emanuel Wilson,RB,SEA,SF,rushing_yards,51.0661963317969,50.536701566819886,54.06666666666666,0.85,26.803,4,NOT_LISTED,True,,,,3.0,45.5,24.25,12.333333333333334,0.4071715049656226,0.04885395890306228,4.276404964767034
2026,5,2026_05_TB_DAL,00-0038951,Sean Tucker,RB,TB,DAL,rushing_yards,12.988170229276761,14.162553210913838,6.333333333333334,0.85,26.803,1,NOT_LISTED,True,,,,-9.5,48.5,19.5,4.0,0.13325496188399413,0.0034748111152853797,4.934382442400535
2026,5,2026_05_HOU_TEN,00-0039032,Tyjae Spears,RB,TEN,HOU,rushing_yards,18.459958333390933,18.847009803989334,16.266666666666666,0.85,26.803,4,NOT_LISTED,True,,,,-7.5,38.5,15.5,4.0,0.17460428258976354,-0.08124408198778915,3.5673402359938127
2026,5,2026_05_CIN_MIA,00-0039040,De'Von Achane,RB,MIA,CIN,rushing_yards,50.56844637600073,50.88052514823615,48.800000000000004,0.85,26.803,3,NOT_LISTED,True,,,,-6.5,42.5,18.0,13.166666666666666,0.5472091271312628,-0.060978494256603025,4.815502899877901
2026,5,2026_05_DET_ARI,00-0039139,Jahmyr Gibbs,RB,DET,ARI,rushing_yards,76.17518101005308,77.08844824712126,71.0,0.85,26.803,4,NOT_LISTED,True,,,,5.5,54.5,30.0,19.333333333333332,0.7693041526374861,-0.10036120248537686,4.198019791480521
2026,5,2026_05_HOU_TEN,00-0039163,C.J. Stroud,QB,HOU,TEN,rushing_yards,14.281181828645732,14.166096268994979,14.933333333333334,0.85,26.803,4,NOT_LISTED,True,,,,7.5,38.5,23.0,2.5,0.10163582977050468,-0.07001880708816585,3.596292987023465
2026,5,2026_05_SF_SEA,00-0039299,George Holani,RB,SEA,SF,rushing_yards,19.847501570456032,20.644119494654156,15.333333333333332,0.85,26.803,4,NOT_LISTED,True,,,,3.0,45.5,24.25,5.166666666666667,0.17529016876842962,0.04885395890306228,4.276404964767034
2026,5,2026_05_TB_DAL,00-0039361,Bucky Irving,RB,TB,DAL,rushing_yards,61.775381874428945,61.700449264034056,62.199999999999996,0.85,26.803,4,NOT_LISTED,True,,,,-9.5,48.5,19.5,15.166666666666666,0.5819937275985664,0.0034748111152853797,4.934382442400535
2026,5,2026_05_NYG_WAS,00-0039384,Tyrone Tracy Jr.,RB,NYG,WAS,rushing_yards,13.194265327260307,13.322665090894478,12.466666666666669,0.85,26.803,4,NOT_LISTED,True,,,,-4.5,41.5,18.5,6.0,0.18903071221619608,0.029551193879589422,4.427833395993826
2026,5,2026_05_DEN_LAC,00-0039391,Kimani Vidal,RB,LAC,DEN,rushing_yards,13.739047106193384,14.045937771992216,12.0,0.85,26.803,3,NOT_LISTED,True,,,,-3.5,41.5,19.0,4.333333333333333,0.15002161392247598,0.06420327580679752,4.654753391631252
2026,5,2026_05_HOU_TEN,00-0039603,British Brooks,RB,HOU,TEN,rushing_yards,10.292716617135865,9.144372490748076,16.8,0.85,26.803,1,NOT_LISTED,True,,,,7.5,38.5,23.0,2.1666666666666665,0.06770833333333333,-0.07001880708816585,3.596292987023465
2026,5,2026_05_DEN_LAC,00-0039732,Bo Nix,QB,DEN,LAC,rushing_yards,14.992201174015069,15.461413145900082,12.333333333333332,0.85,26.803,4,NOT_LISTED,True,,,,3.5,41.5,22.5,5.166666666666667,0.19479917260159194,-0.18055840185757804,3.5493515317552538
2026,5,2026_05_BUF_LA,00-0039738,Blake Corum,RB,LA,BUF,rushing_yards,38.97764034683696,39.232518055102304,37.53333333333333,0.85,26.803,4,NOT_LISTED,True,,,,3.0,54.5,28.75,8.666666666666666,0.32560390311756565,0.08090955219871246,4.636802773839063
2026,5,2026_05_PHI_JAX,00-0039746,Will Shipley,RB,PHI,JAX,rushing_yards,12.123971146025262,11.957613112970897,13.066666666666665,0.85,26.803,4,NOT_LISTED,True,,,,-7.5,41.5,17.0,3.0,0.10842114634877793,-0.07379740534197694,3.6983929850464294
2026,5,2026_05_CLE_NYJ,00-0039794,Braelon Allen,RB,NYJ,CLE,rushing_yards,37.671173191755294,39.424909637359164,27.733333333333334,0.85,26.803,4,NOT_LISTED,True,,,,2.5,39.5,21.0,7.166666666666667,0.34264141090990824,0.077189846089728,4.952126359816503
2026,5,2026_05_CLE_NYJ,00-0039798,Isaiah Davis,RB,NYJ,CLE,rushing_yards,8.002391318647627,8.508695668997207,5.133333333333334,0.85,26.803,3,NOT_LISTED,True,,,,2.5,39.5,21.0,2.5,0.08973214285714286,0.077189846089728,4.952126359816503
2026,5,2026_05_CHI_GB,00-0039811,MarShawn Lloyd,RB,GB,CHI,rushing_yards,29.276895072389607,31.535170673399538,16.479999999999997,0.85,26.803,4,NOT_LISTED,True,,,,-2.5,45.5,21.5,7.2,0.3580065887990416,0.023079004106420036,4.70839883335046
2026,5,2026_05_LV_NE,00-0039851,Drake Maye,QB,NE,LV,rushing_yards,27.781547147001287,27.201820172942693,31.066666666666666,0.85,26.803,4,NOT_LISTED,True,,Full Participation in Practice,,3.5,45.5,24.5,5.166666666666667,0.1635788889583956,-0.10657202904169252,4.546613099085492
2026,5,2026_05_CIN_MIA,00-0039874,Jaylen Wright,RB,MIA,CIN,rushing_yards,14.424643838189922,14.828992750811674,12.133333333333333,0.85,26.803,3,NOT_LISTED,True,,,,-6.5,42.5,18.0,5.833333333333333,0.23506568144499176,-0.060978494256603025,4.815502899877901
2026,5,2026_05_BUF_LA,00-0039875,Ray Davis,RB,BUF,LA,rushing_yards,14.236382458728697,14.478097010269055,12.866666666666667,0.85,26.803,3,NOT_LISTED,True,,,,-3.0,54.5,25.75,4.5,0.11995707446790045,-0.007935755577792865,4.686384078884078
2026,5,2026_05_NYG_WAS,00-0039910,Jayden Daniels,QB,WAS,NYG,rushing_yards,33.408682797457075,32.22197976171421,40.13333333333333,0.85,26.803,2,NOT_LISTED,True,,Full Participation in Practice,,4.5,41.5,23.0,7.333333333333333,0.2391642920219358,-0.04755900629483796,4.219459866637286
2026,5,2026_05_CHI_GB,00-0039918,Caleb Williams,QB,CHI,GB,rushing_yards,30.922379084234564,30.579269510864194,32.86666666666667,0.85,26.803,2,DNP,True,,Did Not Participate In Practice,,2.5,45.5,24.0,4.5,0.15113709468548178,-0.03722833188745785,4.3664215757799925
2026,5,2026_05_LV_NE,00-0040122,Ashton Jeanty,RB,LV,NE,rushing_yards,61.999636076483455,62.387807148804065,59.8,0.85,26.803,4,NOT_LISTED,True,,,,-3.5,45.5,21.0,20.0,0.7064810555471475,-0.0011950811828712743,4.4477226117986985
2026,5,2026_05_CHI_GB,00-0040142,Kaleb Johnson,RB,GB,CHI,rushing_yards,27.072725816334394,27.99144213686399,21.866666666666667,0.85,26.803,4,NOT_LISTED,True,,,,-2.5,45.5,21.5,4.0,0.23150599128540306,0.023079004106420036,4.70839883335046
2026,5,2026_05_CLE_NYJ,00-0040162,Dylan Sampson,RB,CLE,NYJ,rushing_yards,17.807409809212412,17.58518801083813,19.06666666666667,0.85,26.803,1,NOT_LISTED,True,,,,-2.5,39.5,18.5,5.666666666666667,0.22415969733174035,-0.13541173550296665,4.199079764980928
2026,5,2026_05_CIN_MIA,00-0040198,Ollie Gordon II,RB,MIA,CIN,rushing_yards,42.45651086147313,42.890012778203676,40.0,0.85,26.803,3,NOT_LISTED,True,,,,-6.5,42.5,18.0,6.5,0.25792494305842467,-0.060978494256603025,4.815502899877901
2026,5,2026_05_CHI_GB,00-0040236,Kyle Monangai,RB,CHI,GB,rushing_yards,62.202321349786786,60.84978982327857,69.86666666666667,0.85,26.803,4,DNP,True,,Did Not Participate In Practice,,2.5,45.5,24.0,12.333333333333334,0.3528717399685141,-0.03722833188745785,4.3664215757799925
2026,5,2026_05_NYG_WAS,00-0040242,Jacory Croskey-Merritt,RB,WAS,NYG,rushing_yards,50.615157532193585,52.80606768493363,38.2,0.85,26.803,4,LIMITED,True,,Limited Participation in Practice,,4.5,41.5,23.0,13.333333333333334,0.4804023466371028,-0.04755900629483796,4.219459866637286
2026,5,2026_05_CLE_NYJ,00-0040466,Raheim Sanders,RB,CLE,NYJ,rushing_yards,13.122425390613179,13.461676930133152,11.2,0.85,26.803,4,NOT_LISTED,True,,,,-2.5,39.5,18.5,3.1666666666666665,0.12802530132240275,-0.13541173550296665,4.199079764980928
2026,5,2026_05_LV_NE,00-0040556,Corey Kiner,RB,NE,LV,rushing_yards,12.536942910647376,13.59640342429103,6.533333333333333,0.85,26.803,4,NOT_LISTED,True,,,,3.5,45.5,24.5,3.0,0.12877821103627554,-0.10657202904169252,4.546613099085492
2026,5,2026_05_HOU_TEN,00-0040583,Woody Marks,RB,HOU,TEN,rushing_yards,29.356398864956585,30.525175135243042,22.733333333333334,0.85,26.803,4,NOT_LISTED,True,,,,7.5,38.5,23.0,9.5,0.3584837809392763,-0.07001880708816585,3.596292987023465
2026,5,2026_05_DEN_LAC,00-0040666,Omarion Hampton,RB,LAC,DEN,rushing_yards,56.2460829812443,55.148332919110935,62.46666666666667,0.85,26.803,4,NOT_LISTED,True,,,,-3.5,41.5,19.0,14.833333333333334,0.538059163059163,0.06420327580679752,4.654753391631252
2026,5,2026_05_CLE_NYJ,00-0040668,Shedeur Sanders,QB,CLE,NYJ,rushing_yards,13.015981049511584,11.948212999425394,19.066666666666666,0.85,26.803,1,NOT_LISTED,True,,,,-2.5,39.5,18.5,2.6666666666666665,0.11483870967741937,-0.13541173550296665,4.199079764980928
2026,5,2026_05_HOU_TEN,00-0040676,Cam Ward,QB,TEN,HOU,rushing_yards,14.560005339102563,14.94118275188537,12.399999999999999,0.85,26.803,4,NOT_LISTED,True,,,,-7.5,38.5,15.5,2.8333333333333335,0.13363370849759235,-0.08124408198778915,3.5673402359938127
2026,5,2026_05_NYG_WAS,00-0040691,Jaxson Dart,QB,NYG,WAS,rushing_yards,25.457065558855845,24.514194775124523,30.8,0.85,26.803,2,NOT_LISTED,True,,,,-4.5,41.5,18.5,6.0,0.18681356203255536,0.029551193879589422,4.427833395993826
2026,5,2026_05_NYG_WAS,00-0040715,Cam Skattebo,RB,NYG,WAS,rushing_yards,52.494065742196426,52.71066557905463,51.266666666666666,0.85,26.803,4,LIMITED,True,,Limited Participation in Practice,,-4.5,41.5,18.5,14.5,0.4916149916149916,0.029551193879589422,4.427833395993826
2026,5,2026_05_PHI_JAX,00-0040719,Bhayshul Tuten,RB,JAX,PHI,rushing_yards,64.34047949261853,64.63585822661004,62.666666666666664,0.85,26.803,4,NOT_LISTED,True,,,,7.5,41.5,24.5,11.0,0.3975694444444444,-0.014883556671813984,3.7941509904099266
2026,5,2026_05_DEN_LAC,00-0040730,RJ Harvey,RB,DEN,LAC,rushing_yards,23.36881828969629,23.76331563493681,21.133333333333333,0.85,26.803,3,NOT_LISTED,True,,,,3.5,41.5,22.5,8.0,0.32188624863435106,-0.18055840185757804,3.5493515317552538
2026,5,2026_05_LV_NE,00-0040734,TreVeyon Henderson,RB,NE,LV,rushing_yards,47.70376907176266,47.863257731485476,46.8,0.85,26.803,3,NOT_LISTED,True,,,,3.5,45.5,24.5,12.5,0.40110715040382555,-0.10657202904169252,4.546613099085492
2026,5,2026_05_MIN_NO,00-0040743,Tyler Shough,QB,NO,MIN,rushing_yards,17.243490538045247,16.709988868288526,20.266666666666666,0.85,26.803,4,LIMITED,True,,Limited Participation in Practice,,-2.5,41.5,19.5,3.8333333333333335,0.153934739300872,-0.14288762218624212,3.981380325582217
2026,5,2026_05_CLE_NYJ,00-0040784,Quinshon Judkins,RB,CLE,NYJ,rushing_yards,52.64646455463336,54.266428887803954,43.46666666666666,0.85,26.803,4,NOT_LISTED,True,,,,-2.5,39.5,18.5,13.166666666666666,0.5508146369413317,-0.13541173550296665,4.199079764980928
2026,5,2026_05_LV_NE,00-0040878,Mike Washington Jr.,RB,LV,NE,rushing_yards,24.55573271580854,23.983214959774756,27.799999999999997,0.85,26.803,4,NOT_LISTED,True,,,,-3.5,45.5,21.0,6.0,0.20599412409757237,-0.0011950811828712743,4.4477226117986985
2026,5,2026_05_HOU_TEN,00-0040886,Nicholas Singleton,RB,TEN,HOU,rushing_yards,10.384260357125985,11.157953361324688,6.0,0.85,26.803,2,NOT_LISTED,True,,,,-7.5,38.5,15.5,3.5,0.126657824933687,-0.08124408198778915,3.5673402359938127
2026,5,2026_05_DET_ARI,00-0041027,Jeremiyah Love,RB,ARI,DET,rushing_yards,58.73340997501333,58.73930585295686,58.7,0.85,26.803,4,NOT_LISTED,True,,,,-5.5,54.5,24.5,13.75,0.5422951231774761,0.060631655684037736,5.015310018340871
2026,5,2026_05_SF_SEA,00-0041052,Kaelon Black,RB,SF,SEA,rushing_yards,26.15523347395458,26.712039381123038,23.0,0.85,26.803,4,NOT_LISTED,True,,,,-3.0,45.5,21.25,7.75,0.2678168852081895,-0.17485011382614163,3.699234030615968
2026,5,2026_05_NYG_WAS,00-0041096,Kaytron Allen,RB,WAS,NYG,rushing_yards,16.767406417042967,17.31459578475643,13.666666666666666,0.85,26.803,3,NOT_LISTED,True,,,,4.5,41.5,23.0,4.0,0.13920454545454544,-0.04755900629483796,4.219459866637286
2026,5,2026_05_MIN_NO,00-0041104,Demond Claiborne,RB,MIN,NO,rushing_yards,8.60472126213501,9.358495602511777,4.333333333333333,0.85,26.803,3,NOT_LISTED,True,,,,2.5,41.5,22.0,2.0,0.07573632538569425,-0.048380387965520404,4.133167000263774
2026,5,2026_05_IND_PIT,00-0041125,Seth McGowan,RB,IND,PIT,rushing_yards,12.459922593754378,12.276379522063975,13.5,0.85,26.803,4,NOT_LISTED,True,,,,-2.5,44.5,21.0,3.0,0.09788306451612903,-0.1259101344399286,3.8586179915514593
2026,5,2026_05_TB_DAL,00-0041251,Jalon Daniels,QB,TB,DAL,rushing_yards,25.408945725033345,24.245818500039228,32.0,0.85,26.803,2,NOT_LISTED,True,,,,-9.5,48.5,19.5,4.5,0.15284178187403993,0.0034748111152853797,4.934382442400535
2026,5,2026_05_DEN_LAC,00-0041496,Jonah Coleman,RB,DEN,LAC,rushing_yards,20.172732851475377,20.291450413500442,19.5,0.85,26.803,2,NOT_LISTED,True,,,,3.5,41.5,22.5,5.0,0.17857142857142858,-0.18055840185757804,3.5493515317552538
2026,5,2026_05_SF_SEA,00-0041512,Jadarian Price,RB,SEA,SF,rushing_yards,37.271194166310856,36.848463725071596,39.666666666666664,0.85,26.803,3,NOT_LISTED,True,,,,3.0,45.5,24.25,9.333333333333334,0.3524410774410775,0.04885395890306228,4.276404964767034
2026,5,2026_05_SF_SEA,00-0029892,Kyle Juszczyk,FB,SF,SEA,receptions,1.3635697921116972,1.3635697921116972,1.3333333333333333,1.0,1.921,3,NOT_LISTED,True,,,,-3.0,45.5,21.25,1.8333333333333333,0.06858685163282864,-0.16750320090578563,4.853633370597656
2026,5,2026_05_PHI_JAX,00-0030061,Zach Ertz,TE,PHI,JAX,receptions,2.9285040819272377,2.9285040819272377,2.2666666666666666,1.0,1.921,2,NOT_LISTED,True,,,,-7.5,41.5,17.0,5.666666666666667,0.18867061418785555,-0.1702104653983672,6.506935146166645
2026,5,2026_05_IND_PIT,00-0030279,Keenan Allen,WR,IND,PIT,receptions,4.050295984072006,4.050295984072006,4.333333333333333,1.0,1.921,3,LIMITED,True,,Limited Participation in Practice,,-2.5,44.5,21.0,6.833333333333333,0.20802616013522868,0.057264015361963495,7.74546796679198
2026,5,2026_05_NYG_WAS,00-0031235,Odell Beckham Jr.,WR,NYG,WAS,receptions,1.049378882429453,1.049378882429453,0.8,1.0,1.921,1,NOT_LISTED,True,,,,-4.5,41.5,18.5,2.1666666666666665,0.062338969404186796,0.07475384034366883,6.652420774334399
2026,5,2026_05_SF_SEA,00-0031236,Brandin Cooks,WR,SF,SEA,receptions,1.3059914242239656,1.3059914242239656,1.2666666666666666,1.0,1.921,1,NOT_LISTED,True,,,,-3.0,45.5,21.25,2.5,0.09261989537476795,-0.16750320090578563,4.853633370597656
2026,5,2026_05_BUF_LA,00-0031381,Davante Adams,WR,LA,BUF,receptions,4.79310313284104,4.79310313284104,5.8,1.0,1.921,4,NOT_LISTED,True,,,,3.0,54.5,28.75,8.833333333333334,0.23854202839407787,-0.05548814477474302,5.635218445130121
2026,5,2026_05_SF_SEA,00-0031408,Mike Evans,WR,SF,SEA,receptions,3.6851748022765562,3.6851748022765562,3.6666666666666665,1.0,1.921,4,NOT_LISTED,True,,,,-3.0,45.5,21.25,5.5,0.18422846592217787,-0.16750320090578563,4.853633370597656
2026,5,2026_05_NYG_WAS,00-0031588,Stefon Diggs,WR,WAS,NYG,receptions,4.302221883904249,4.302221883904249,4.6000000000000005,1.0,1.921,4,DNP,True,,Did Not Participate In Practice,,4.5,41.5,23.0,6.666666666666667,0.2266914581924724,-0.0602493268192795,6.557376277275174
2026,5,2026_05_CLE_NYJ,00-0032385,Sterling Shepard,WR,NYJ,CLE,receptions,1.2949762845036084,1.2949762845036084,1.0666666666666667,1.0,1.921,2,NOT_LISTED,True,,,,2.5,39.5,21.0,2.5,0.09225955247460625,-0.03963762558831056,6.4160206737003325
2026,5,2026_05_BAL_ATL,00-0032392,Austin Hooper,TE,ATL,BAL,receptions,1.8350978083988356,1.8350978083988356,1.6666666666666667,1.0,1.921,3,NOT_LISTED,True,,,,3.0,43.5,23.25,2.3333333333333335,0.0818711458402903,0.10817347811480696,6.968386705619937
2026,5,2026_05_BAL_ATL,00-0032398,Chris Moore,WR,BAL,ATL,receptions,1.322556686913055,1.322556686913055,1.0,1.0,1.921,3,LIMITED,True,,Limited Participation in Practice,,-3.0,43.5,20.25,2.0,0.07613574165298302,0.006540530234941402,6.330753093163383
2026,5,2026_05_CHI_GB,00-0032464,Kalif Raymond,WR,CHI,GB,receptions,3.7579117200696057,3.7579117200696057,4.266666666666667,1.0,1.921,4,NOT_LISTED,True,,,,2.5,45.5,24.0,4.666666666666667,0.15591964089477664,0.18713215734884686,6.853471408765526
2026,5,2026_05_SF_SEA,00-0032775,Demarcus Robinson,WR,SF,SEA,receptions,2.2065593164577426,2.2065593164577426,2.533333333333333,1.0,1.921,2,NOT_LISTED,True,,,,-3.0,45.5,21.25,2.6666666666666665,0.09531354629393844,-0.16750320090578563,4.853633370597656
2026,5,2026_05_IND_PIT,00-0032951,Laquon Treadwell,WR,IND,PIT,receptions,1.899637152500108,1.899637152500108,2.4,1.0,1.921,4,NOT_LISTED,True,,,,-2.5,44.5,21.0,1.8333333333333333,0.0616584564860427,0.057264015361963495,7.74546796679198
2026,5,2026_05_LV_NE,00-0033090,Hunter Henry,TE,NE,LV,receptions,2.9249628978229993,2.9249628978229993,3.1333333333333333,1.0,1.921,4,NOT_LISTED,True,,,,3.5,45.5,24.5,3.8333333333333335,0.15173749786653012,0.030376162500259474,6.575533731619258
2026,5,2026_05_BUF_LA,00-0033110,Tyler Higbee,TE,LA,BUF,receptions,3.3116482129671017,3.3116482129671017,4.6,1.0,1.921,3,NOT_LISTED,True,,,,3.0,54.5,28.75,5.0,0.12383923339105413,-0.05548814477474302,5.635218445130121
2026,5,2026_05_IND_PIT,00-0033217,Mo Alie-Cox,TE,IND,PIT,receptions,1.4725308808051305,1.4725308808051305,2.066666666666667,1.0,1.921,1,NOT_LISTED,True,,,,-2.5,44.5,21.0,2.1666666666666665,0.06610016687880982,0.057264015361963495,7.74546796679198
2026,5,2026_05_SF_SEA,00-0033280,Christian McCaffrey,RB,SF,SEA,receptions,4.065922123507301,4.065922123507301,3.933333333333333,1.0,1.921,4,NOT_LISTED,True,,,,-3.0,45.5,21.25,5.833333333333333,0.20526153910197178,-0.16750320090578563,4.853633370597656
2026,5,2026_05_SF_SEA,00-0033288,George Kittle,TE,SF,SEA,receptions,4.511059449829419,4.511059449829419,4.666666666666667,1.0,1.921,4,NOT_LISTED,True,,,,-3.0,45.5,21.25,6.166666666666667,0.2192243061073352,-0.16750320090578563,4.853633370597656
2026,5,2026_05_MIN_NO,00-0033293,Aaron Jones,RB,MIN,NO,receptions,2.7289286762951623,2.7289286762951623,2.7333333333333334,1.0,1.921,4,LIMITED,True,,Limited Participation in Practice,,2.5,41.5,22.0,3.6666666666666665,0.15700859526946484,0.05799804953246461,6.3957924614525155
2026,5,2026_05_DET_ARI,00-0033307,Kendrick Bourne,WR,ARI,DET,receptions,3.0939372007598034,3.0939372007598034,3.466666666666667,1.0,1.921,3,NOT_LISTED,True,,,,-5.5,54.5,24.5,3.5,0.10174267507600843,0.10266819289671897,6.649415599289252
2026,5,2026_05_CIN_MIA,00-0033526,Samaje Perine,RB,CIN,MIA,receptions,1.3834053534460453,1.3834053534460453,1.0,1.0,1.921,4,NOT_LISTED,True,,,,6.5,42.5,24.5,2.1666666666666665,0.05933475874015436,0.37047209523101876,8.518959598393305
2026,5,2026_05_LV_NE,00-0033555,Mack Hollins,WR,NE,LV,receptions,3.449457422985778,3.449457422985778,3.933333333333333,1.0,1.921,4,DNP,True,,Did Not Participate In Practice,,3.5,45.5,24.5,6.166666666666667,0.20759360114198824,0.030376162500259474,6.575533731619258
2026,5,2026_05_NYG_WAS,00-0033699,Austin Ekeler,RB,WAS,NYG,receptions,2.11518233163211,2.11518233163211,2.4000000000000004,1.0,1.921,1,NOT_LISTED,True,,,,4.5,41.5,23.0,3.8333333333333335,0.11585929870032304,-0.0602493268192795,6.557376277275174
2026,5,2026_05_CHI_GB,00-0033858,Jonnu Smith,TE,GB,CHI,receptions,1.7832596539508618,1.7832596539508618,1.7333333333333334,1.0,1.921,3,NOT_LISTED,True,,,,-2.5,45.5,21.5,2.5,0.06234372213474381,-0.01895787938530588,6.953186625820897
2026,5,2026_05_DEN_LAC,00-0033881,Evan Engram,TE,DEN,LAC,receptions,2.002843391709745,2.002843391709745,1.2666666666666666,1.0,1.921,4,NOT_LISTED,True,,,,3.5,41.5,22.5,3.5,0.11629736196548716,0.014659545510640023,7.0233970311899006
2026,5,2026_05_DEN_LAC,00-0033885,David Njoku,TE,LAC,DEN,receptions,2.164085456861155,2.164085456861155,2.2,1.0,1.921,2,NOT_LISTED,True,,,,-3.5,41.5,19.0,2.5,0.09272368529710252,-0.09455846420832109,5.655602398576912
2026,5,2026_05_MIN_NO,00-0033906,Alvin Kamara,RB,NO,MIN,receptions,2.534694929188582,2.534694929188582,3.333333333333333,1.0,1.921,3,DNP,True,,Did Not Participate In Practice,,-2.5,41.5,19.5,3.6666666666666665,0.10805540225072635,-0.3888597580555023,5.012554235853738
2026,5,2026_05_SF_SEA,00-0033908,Cooper Kupp,WR,SEA,SF,receptions,2.158127647789677,2.158127647789677,2.2,1.0,1.921,4,NOT_LISTED,True,,,,3.0,45.5,24.25,3.0,0.1073005698005698,0.11454549228960391,6.4571042068773465
2026,5,2026_05_TB_DAL,00-0033921,Chris Godwin Jr.,WR,TB,DAL,receptions,3.551105444454751,3.551105444454751,4.0,1.0,1.921,4,NOT_LISTED,True,,,,-9.5,48.5,19.5,4.5,0.14164107497440834,0.4705700307419768,8.505812817154585
2026,5,2026_05_DEN_LAC,00-0034272,Marquez Valdes-Scantling,WR,LAC,DEN,receptions,1.3045514149372972,1.3045514149372972,1.6666666666666667,1.0,1.921,2,NOT_LISTED,True,,,,-3.5,41.5,19.0,3.6666666666666665,0.09681327543523355,-0.09455846420832109,5.655602398576912
2026,5,2026_05_DEN_LAC,00-0034348,Courtland Sutton,WR,DEN,LAC,receptions,2.9490965900054418,2.9490965900054418,2.3333333333333335,1.0,1.921,4,NOT_LISTED,True,,,,3.5,41.5,22.5,5.666666666666667,0.17734070002205884,0.014659545510640023,7.0233970311899006
2026,5,2026_05_PHI_JAX,00-0034351,Dallas Goedert,TE,PHI,JAX,receptions,3.575666182917184,3.575666182917184,3.2666666666666666,1.0,1.921,2,NOT_LISTED,True,,,,-7.5,41.5,17.0,5.5,0.21905309814992746,-0.1702104653983672,6.506935146166645
2026,5,2026_05_LV_NE,00-0034365,Ian Thomas,TE,LV,NE,receptions,1.3809264003111787,1.3809264003111787,1.7333333333333334,1.0,1.921,2,NOT_LISTED,True,,,,-3.5,45.5,21.0,1.8333333333333333,0.052318610508265674,0.004219220760639311,6.117619428407968
2026,5,2026_05_HOU_TEN,00-0034383,Dalton Schultz,TE,HOU,TEN,receptions,3.999476708704046,3.999476708704046,5.266666666666667,1.0,1.921,4,NOT_LISTED,True,,,,7.5,38.5,23.0,5.833333333333333,0.164973764973765,0.24441872834061978,7.830497322051736
2026,5,2026_05_CIN_MIA,00-0034613,Tanner Hudson,TE,CIN,MIA,receptions,1.4214890180333333,1.4214890180333333,1.4666666666666668,1.0,1.921,3,NOT_LISTED,True,,,,6.5,42.5,24.5,2.0,0.0556811262165528,0.37047209523101876,8.518959598393305
2026,5,2026_05_BAL_ATL,00-0034753,Mark Andrews,TE,BAL,ATL,receptions,3.849997018126512,3.849997018126512,4.4,1.0,1.921,4,NOT_LISTED,True,,Full Participation in Practice,,-3.0,43.5,20.25,5.166666666666667,0.22079107505070994,0.006540530234941402,6.330753093163383
2026,5,2026_05_BUF_LA,00-0034827,DJ Moore,WR,BUF,LA,receptions,3.0121698713980996,3.0121698713980996,2.3333333333333335,1.0,1.921,4,NOT_LISTED,True,,,,-3.0,54.5,25.75,4.5,0.15716811923708476,-0.019494050470675817,5.847637476043049
2026,5,2026_05_CIN_MIA,00-0034829,Mike Gesicki,TE,CIN,MIA,receptions,3.0373951139917574,3.0373951139917574,3.4,1.0,1.921,3,NOT_LISTED,True,,,,6.5,42.5,24.5,3.8333333333333335,0.10392882571361868,0.37047209523101876,8.518959598393305
2026,5,2026_05_HOU_TEN,00-0034837,Calvin Ridley,WR,TEN,HOU,receptions,1.5422443705899611,1.5422443705899611,1.2666666666666666,1.0,1.921,3,NOT_LISTED,True,,,,-7.5,38.5,15.5,2.8333333333333335,0.09085114526290998,0.05205539133025397,7.170065462152156
2026,5,2026_05_PHI_JAX,00-0034844,Saquon Barkley,RB,PHI,JAX,receptions,1.290015209610015,1.290015209610015,0.8666666666666667,1.0,1.921,4,NOT_LISTED,True,,,,-7.5,41.5,17.0,1.5,0.056449689593705825,-0.1702104653983672,6.506935146166645
2026,5,2026_05_PHI_JAX,00-0034960,Jakobi Meyers,WR,JAX,PHI,receptions,3.1097922004520147,3.1097922004520147,3.8,1.0,1.921,4,NOT_LISTED,True,,Full Participation in Practice,,7.5,41.5,24.5,5.0,0.1729922251778259,-0.07329098310499965,5.82452472983406
2026,5,2026_05_HOU_TEN,00-0034981,Foster Moreau,TE,HOU,TEN,receptions,1.6183417106198004,1.6183417106198004,1.6,1.0,1.921,4,NOT_LISTED,True,,,,7.5,38.5,23.0,1.8333333333333333,0.06063203137671223,0.24441872834061978,7.830497322051736
2026,5,2026_05_IND_PIT,00-0035021,Ashton Dulin,WR,IND,PIT,receptions,1.7083756750592085,1.7083756750592085,0.8666666666666667,1.0,1.921,2,DNP,True,,Did Not Participate In Practice,,-2.5,44.5,21.0,1.6666666666666667,0.05570723924450286,0.057264015361963495,7.74546796679198
2026,5,2026_05_BAL_ATL,00-0035208,Olamide Zaccheaus,WR,ATL,BAL,receptions,1.4933447776684705,1.4933447776684705,1.0,1.0,1.921,4,NOT_LISTED,True,,,,3.0,43.5,23.25,2.5,0.09498119974157422,0.10817347811480696,6.968386705619937
2026,5,2026_05_MIN_NO,00-0035229,T.J. Hockenson,TE,MIN,NO,receptions,4.529151875509611,4.529151875509611,5.3999999999999995,1.0,1.921,4,NOT_LISTED,True,,,,2.5,41.5,22.0,5.333333333333333,0.20561143471326537,0.05799804953246461,6.3957924614525155
2026,5,2026_05_MIN_NO,00-0035249,Josh Oliver,TE,MIN,NO,receptions,1.5323971475081173,1.5323971475081173,1.1333333333333333,1.0,1.921,3,NOT_LISTED,True,,,,2.5,41.5,22.0,2.0,0.09441720242635572,0.05799804953246461,6.3957924614525155
2026,5,2026_05_NYG_WAS,00-0035250,Devin Singletary,RB,NYG,WAS,receptions,1.5551635126952337,1.5551635126952337,1.4666666666666668,1.0,1.921,2,NOT_LISTED,True,,,,-4.5,41.5,18.5,1.8333333333333333,0.06863548727772865,0.07475384034366883,6.652420774334399
2026,5,2026_05_HOU_TEN,00-0035261,Tony Pollard,RB,TEN,HOU,receptions,2.045330684817884,2.045330684817884,2.2666666666666666,1.0,1.921,4,DNP,True,,Did Not Participate In Practice,,-7.5,38.5,15.5,2.6666666666666665,0.08924115100585688,0.05205539133025397,7.170065462152156
2026,5,2026_05_DEN_LAC,00-0035406,Lil'Jordan Humphrey,WR,DEN,LAC,receptions,1.2692515603614494,1.2692515603614494,1.2000000000000002,1.0,1.921,1,NOT_LISTED,True,,,,3.5,41.5,22.5,2.6666666666666665,0.07411421698536862,0.014659545510640023,7.0233970311899006
2026,5,2026_05_BUF_LA,00-0035500,Greg Dortch,WR,BUF,LA,receptions,0.7381336371929921,0.7381336371929921,0.5333333333333333,1.0,1.921,4,NOT_LISTED,True,,,,-3.0,54.5,25.75,1.8333333333333333,0.041617704661182926,-0.019494050470675817,5.847637476043049
2026,5,2026_05_BUF_LA,00-0035537,Ty Johnson,RB,BUF,LA,receptions,2.308215418645783,2.308215418645783,2.533333333333333,1.0,1.921,2,NOT_LISTED,True,,,,-3.0,54.5,25.75,2.5,0.08808968808968809,-0.019494050470675817,5.847637476043049
2026,5,2026_05_CIN_MIA,00-0035631,Drew Sample,TE,CIN,MIA,receptions,2.0354496233146087,2.0354496233146087,2.2,1.0,1.921,2,NOT_LISTED,True,,,,6.5,42.5,24.5,2.1666666666666665,0.06193523858059961,0.37047209523101876,8.518959598393305
2026,5,2026_05_IND_PIT,00-0035640,DK Metcalf,WR,PIT,IND,receptions,3.8604076281944506,3.8604076281944506,3.9333333333333336,1.0,1.921,4,NOT_LISTED,True,,,,2.5,44.5,23.5,7.5,0.20892104720627644,0.1407783793769441,7.5267548099021315
2026,5,2026_05_MIN_NO,00-0035644,Noah Fant,TE,NO,MIN,receptions,1.900352440399251,1.900352440399251,2.2666666666666666,1.0,1.921,3,LIMITED,True,,Limited Participation in Practice,,-2.5,41.5,19.5,2.6666666666666665,0.06100342152973731,-0.3888597580555023,5.012554235853738
2026,5,2026_05_NYG_WAS,00-0035659,Terry McLaurin,WR,WAS,NYG,receptions,3.9494162878639543,3.9494162878639543,3.466666666666667,1.0,1.921,3,DNP,True,,Did Not Participate In Practice,,4.5,41.5,23.0,6.166666666666667,0.24108276099308446,-0.0602493268192795,6.557376277275174
2026,5,2026_05_PHI_JAX,00-0035662,Marquise Brown,WR,PHI,JAX,receptions,1.4192427240022858,1.4192427240022858,1.4666666666666668,1.0,1.921,1,NOT_LISTED,True,,,,-7.5,41.5,17.0,2.6666666666666665,0.10297152560083596,-0.1702104653983672,6.506935146166645
2026,5,2026_05_LV_NE,00-0035676,A.J. Brown,WR,NE,LV,receptions,4.841407147578295,4.841407147578295,5.733333333333333,1.0,1.921,1,NOT_LISTED,True,,,,3.5,45.5,24.5,8.333333333333334,0.28570392566060265,0.030376162500259474,6.575533731619258
2026,5,2026_05_HOU_TEN,00-0035685,David Montgomery,RB,HOU,TEN,receptions,1.1090521823942086,1.1090521823942086,1.4666666666666668,1.0,1.921,4,NOT_LISTED,True,,,,7.5,38.5,23.0,1.6666666666666667,0.04963739601670636,0.24441872834061978,7.830497322051736
2026,5,2026_05_BUF_LA,00-0035689,Dawson Knox,TE,BUF,LA,receptions,1.4299190875794232,1.4299190875794232,1.8666666666666667,1.0,1.921,4,NOT_LISTED,True,,,,-3.0,54.5,25.75,2.1666666666666665,0.07253579753579753,-0.019494050470675817,5.847637476043049
2026,5,2026_05_SF_SEA,00-0035719,Deebo Samuel Sr.,WR,SF,SEA,receptions,3.3569933806486665,3.3569933806486665,2.8,1.0,1.921,4,NOT_LISTED,True,,,,-3.0,45.5,21.25,4.333333333333333,0.17614819672575624,-0.16750320090578563,4.853633370597656
2026,5,2026_05_LV_NE,00-0035891,Cody White,WR,LV,NE,receptions,1.617911086987665,1.617911086987665,1.4,1.0,1.921,4,NOT_LISTED,True,,,,-3.5,45.5,21.0,1.8333333333333333,0.053352490421455935,0.004219220760639311,6.117619428407968
2026,5,2026_05_MIN_NO,00-0036040,Juwan Johnson,TE,NO,MIN,receptions,3.7974433508183942,3.7974433508183942,5.466666666666667,1.0,1.921,4,NOT_LISTED,True,,,,-2.5,41.5,19.5,6.0,0.15417252037506524,-0.3888597580555023,5.012554235853738
2026,5,2026_05_IND_PIT,00-0036139,Rico Dowdle,RB,PIT,IND,receptions,2.0704374761535353,2.0704374761535353,2.1333333333333333,1.0,1.921,2,LIMITED,True,,Limited Participation in Practice,,2.5,44.5,23.5,3.5,0.1229165801746447,0.1407783793769441,7.5267548099021315
2026,5,2026_05_IND_PIT,00-0036223,Jonathan Taylor,RB,IND,PIT,receptions,2.732815896259501,2.732815896259501,2.4000000000000004,1.0,1.921,4,LIMITED,True,,Limited Participation in Practice,,-2.5,44.5,21.0,3.8333333333333335,0.12706871672388917,0.057264015361963495,7.74546796679198
2026,5,2026_05_BUF_LA,00-0036244,Colby Parkinson,TE,LA,BUF,receptions,2.0562137659505035,2.0562137659505035,1.6,1.0,1.921,3,NOT_LISTED,True,,,,3.0,54.5,28.75,3.8333333333333335,0.10468597849550232,-0.05548814477474302,5.635218445130121
2026,5,2026_05_IND_PIT,00-0036252,Michael Pittman,WR,PIT,IND,receptions,2.3265013564613186,2.3265013564613186,2.4000000000000004,1.0,1.921,3,LIMITED,True,,Limited Participation in Practice,,2.5,44.5,23.5,4.0,0.1180807986981513,0.1407783793769441,7.5267548099021315
2026,5,2026_05_MIN_NO,00-0036259,Jauan Jennings,WR,MIN,NO,receptions,1.4454365180491466,1.4454365180491466,1.2666666666666666,1.0,1.921,3,NOT_LISTED,True,,,,2.5,41.5,22.0,3.3333333333333335,0.11317230273752012,0.05799804953246461,6.3957924614525155
2026,5,2026_05_CHI_GB,00-0036275,D'Andre Swift,RB,CHI,GB,receptions,2.149531809702898,2.149531809702898,2.6666666666666665,1.0,1.921,4,DNP,True,,Did Not Participate In Practice,,2.5,45.5,24.0,2.6666666666666665,0.08396137040709443,0.18713215734884686,6.853471408765526
2026,5,2026_05_CHI_GB,00-0036290,Cole Kmet,TE,CHI,GB,receptions,1.3822253928070714,1.3822253928070714,0.9333333333333333,1.0,1.921,4,NOT_LISTED,True,,,,2.5,45.5,24.0,2.1666666666666665,0.07050286587353917,0.18713215734884686,6.853471408765526
2026,5,2026_05_NYG_WAS,00-0036309,Darnell Mooney,WR,NYG,WAS,receptions,1.8804563618119812,1.8804563618119812,1.5333333333333332,1.0,1.921,4,NOT_LISTED,True,,,,-4.5,41.5,18.5,3.3333333333333335,0.12631191844553916,0.07475384034366883,6.652420774334399
2026,5,2026_05_MIN_NO,00-0036322,Justin Jefferson,WR,MIN,NO,receptions,4.778029023083109,4.778029023083109,4.666666666666666,1.0,1.921,3,LIMITED,True,,Limited Participation in Practice,,2.5,41.5,22.0,6.833333333333333,0.3097882387127238,0.05799804953246461,6.3957924614525155
2026,5,2026_05_TB_DAL,00-0036358,CeeDee Lamb,WR,DAL,TB,receptions,7.073589541324287,7.073589541324287,9.266666666666666,1.0,1.921,4,NOT_LISTED,True,,Full Participation in Practice,,9.5,48.5,29.0,9.5,0.26110289649707114,0.1228007875639109,6.872865604575163
2026,5,2026_05_CLE_NYJ,00-0036407,Jerry Jeudy,WR,CLE,NYJ,receptions,2.359055136941092,2.359055136941092,2.0,1.0,1.921,3,NOT_LISTED,True,,,,-2.5,39.5,18.5,4.166666666666667,0.1740451443349994,0.3799893147280837,7.608999241572034
2026,5,2026_05_CIN_MIA,00-0036410,Tee Higgins,WR,CIN,MIA,receptions,5.470607504718653,5.470607504718653,6.7333333333333325,1.0,1.921,4,DNP,True,,Did Not Participate In Practice,,6.5,42.5,24.5,8.833333333333334,0.22974741196948553,0.37047209523101876,8.518959598393305
2026,5,2026_05_DEN_LAC,00-0036422,Adam Trautman,TE,DEN,LAC,receptions,1.6521512471553734,1.6521512471553734,1.5333333333333332,1.0,1.921,2,NOT_LISTED,True,,,,3.5,41.5,22.5,2.5,0.06754619288545104,0.014659545510640023,7.0233970311899006
2026,5,2026_05_BAL_ATL,00-0036550,Rashod Bateman,WR,BAL,ATL,receptions,2.3285119167294024,2.3285119167294024,3.0,1.0,1.921,4,LIMITED,True,,Limited Participation in Practice,,-3.0,43.5,20.25,3.0,0.12016283524904216,0.006540530234941402,6.330753093163383
2026,5,2026_05_HOU_TEN,00-0036554,Nico Collins,WR,HOU,TEN,receptions,5.272505268209018,5.272505268209018,5.266666666666667,1.0,1.921,2,LIMITED,True,,Limited Participation in Practice,,7.5,38.5,23.0,7.166666666666667,0.24110951071735387,0.24441872834061978,7.830497322051736
2026,5,2026_05_HOU_TEN,00-0036556,Brevin Jordan,TE,HOU,TEN,receptions,1.2257248347152074,1.2257248347152074,1.1333333333333333,1.0,1.921,1,NOT_LISTED,True,,,,7.5,38.5,23.0,1.6666666666666667,0.04813622098963655,0.24441872834061978,7.830497322051736
2026,5,2026_05_DEN_LAC,00-0036613,Jaylen Waddle,WR,DEN,LAC,receptions,4.085415204532384,4.085415204532384,4.4,1.0,1.921,4,NOT_LISTED,True,,,,3.5,41.5,22.5,6.0,0.19923987646896144,0.014659545510640023,7.0233970311899006
2026,5,2026_05_NYG_WAS,00-0036626,Dyami Brown,WR,WAS,NYG,receptions,1.6762781168657228,1.6762781168657228,1.9333333333333336,1.0,1.921,4,NOT_LISTED,True,,,,4.5,41.5,23.0,2.3333333333333335,0.07035643573954116,-0.0602493268192795,6.557376277275174
2026,5,2026_05_DET_ARI,00-0036754,Brock Wright,TE,DET,ARI,receptions,1.5076185443819647,1.5076185443819647,1.2000000000000002,1.0,1.921,4,NOT_LISTED,True,,,,5.5,54.5,30.0,2.6666666666666665,0.0715134072144958,0.37095700328721865,7.892248430205748
2026,5,2026_05_BUF_LA,00-0036849,Tutu Atwell,WR,LA,BUF,receptions,1.268585027163533,1.268585027163533,1.0,1.0,1.921,2,NOT_LISTED,True,,,,3.0,54.5,28.75,2.1666666666666665,0.0558522710353374,-0.05548814477474302,5.635218445130121
2026,5,2026_05_LV_NE,00-0036875,Rhamondre Stevenson,RB,NE,LV,receptions,2.697378052276301,2.697378052276301,2.666666666666667,1.0,1.921,4,LIMITED,True,,Limited Participation in Practice,,3.5,45.5,24.5,3.8333333333333335,0.13794589520395972,0.030376162500259474,6.575533731619258
2026,5,2026_05_IND_PIT,00-0036894,Pat Freiermuth,TE,PIT,IND,receptions,3.056617144891879,3.056617144891879,3.1333333333333333,1.0,1.921,4,NOT_LISTED,True,,,,2.5,44.5,23.5,4.833333333333333,0.1293798592185689,0.1407783793769441,7.5267548099021315
2026,5,2026_05_CIN_MIA,00-0036900,Ja'Marr Chase,WR,CIN,MIA,receptions,4.845168134357047,4.845168134357047,6.2,1.0,1.921,4,DNP,True,,Did Not Participate In Practice,,6.5,42.5,24.5,7.833333333333333,0.2207971508070059,0.37047209523101876,8.518959598393305
2026,5,2026_05_PHI_JAX,00-0036912,DeVonta Smith,WR,PHI,JAX,receptions,5.048773876917447,5.048773876917447,5.8,1.0,1.921,3,NOT_LISTED,True,,,,-7.5,41.5,17.0,7.333333333333333,0.2659770114942529,-0.1702104653983672,6.506935146166645
2026,5,2026_05_TB_DAL,00-0036919,Kenny Gainwell,RB,TB,DAL,receptions,2.479515771154519,2.479515771154519,2.666666666666667,1.0,1.921,4,NOT_LISTED,True,,,,-9.5,48.5,19.5,4.166666666666667,0.11511382344715677,0.4705700307419768,8.505812817154585
2026,5,2026_05_DET_ARI,00-0036963,Amon-Ra St. Brown,WR,DET,ARI,receptions,6.548074193809391,6.548074193809391,7.533333333333334,1.0,1.921,4,NOT_LISTED,True,,,,5.5,54.5,30.0,12.333333333333334,0.33996215691778703,0.37095700328721865,7.892248430205748
2026,5,2026_05_BAL_ATL,00-0036970,Kyle Pitts,TE,ATL,BAL,receptions,2.193116557060984,2.193116557060984,1.8666666666666667,1.0,1.921,4,NOT_LISTED,True,,,,3.0,43.5,23.25,3.5,0.13939371570581433,0.10817347811480696,6.968386705619937
2026,5,2026_05_MIN_NO,00-0036973,Travis Etienne,RB,NO,MIN,receptions,2.4097420316875566,2.4097420316875566,3.4,1.0,1.921,3,NOT_LISTED,True,,,,-2.5,41.5,19.5,3.6666666666666665,0.09029553525521267,-0.3888597580555023,5.012554235853738
2026,5,2026_05_BUF_LA,00-0036988,Josh Palmer,WR,BUF,LA,receptions,1.6081354219594506,1.6081354219594506,1.0,1.0,1.921,3,NOT_LISTED,True,,,,-3.0,54.5,25.75,2.5,0.08920153920153921,-0.019494050470675817,5.847637476043049
2026,5,2026_05_TB_DAL,00-0036997,Javonte Williams,RB,DAL,TB,receptions,3.038682929235063,3.038682929235063,3.1333333333333337,1.0,1.921,4,NOT_LISTED,True,,,,9.5,48.5,29.0,3.6666666666666665,0.10604725834236335,0.1228007875639109,6.872865604575163
2026,5,2026_05_DEN_LAC,00-0037085,Tyler Badie,RB,DEN,LAC,receptions,1.623408307963441,1.623408307963441,1.5333333333333332,1.0,1.921,3,NOT_LISTED,True,,,,3.5,41.5,22.5,1.8333333333333333,0.05675197206150744,0.014659545510640023,7.0233970311899006
2026,5,2026_05_DET_ARI,00-0037157,Bam Knight,RB,ARI,DET,receptions,1.2908755087531945,1.2908755087531945,1.5333333333333334,1.0,1.921,1,NOT_LISTED,True,,,,-5.5,54.5,24.5,3.0,0.06626149017453366,0.10266819289671897,6.649415599289252
2026,5,2026_05_IND_PIT,00-0037228,Jaylen Warren,RB,PIT,IND,receptions,3.1033129103992305,3.1033129103992305,2.8,1.0,1.921,4,NOT_LISTED,True,,,,2.5,44.5,23.5,4.166666666666667,0.11113084096955066,0.1407783793769441,7.5267548099021315
2026,5,2026_05_MIN_NO,00-0037231,Kevin Austin Jr.,WR,NO,MIN,receptions,1.978293670559497,1.978293670559497,2.7333333333333334,1.0,1.921,1,NOT_LISTED,True,,,,-2.5,41.5,19.5,4.0,0.1217752368758755,-0.3888597580555023,5.012554235853738
2026,5,2026_05_BAL_ATL,00-0037238,Drake London,WR,ATL,BAL,receptions,4.747814655674047,4.747814655674047,5.266666666666667,1.0,1.921,4,NOT_LISTED,True,,,,3.0,43.5,23.25,5.833333333333333,0.2455443189554063,0.10817347811480696,6.968386705619937
2026,5,2026_05_MIN_NO,00-0037239,Chris Olave,WR,NO,MIN,receptions,6.465613711428497,6.465613711428497,8.533333333333333,1.0,1.921,4,DNP,True,,Did Not Participate In Practice,,-2.5,41.5,19.5,12.5,0.31510868137641185,-0.3888597580555023,5.012554235853738
2026,5,2026_05_DET_ARI,00-0037240,Jameson Williams,WR,DET,ARI,receptions,3.661710989453246,3.661710989453246,4.0,1.0,1.921,4,NOT_LISTED,True,,,,5.5,54.5,30.0,6.0,0.15793298165180233,0.37095700328721865,7.892248430205748
2026,5,2026_05_TB_DAL,00-0037247,George Pickens,WR,DAL,TB,receptions,4.056330099005624,4.056330099005624,4.533333333333333,1.0,1.921,4,NOT_LISTED,True,,,,9.5,48.5,29.0,6.0,0.17869260491451364,0.1228007875639109,6.872865604575163
2026,5,2026_05_BUF_LA,00-0037248,James Cook,RB,BUF,LA,receptions,1.7545303644626529,1.7545303644626529,1.0666666666666667,1.0,1.921,4,NOT_LISTED,True,,,,-3.0,54.5,25.75,2.3333333333333335,0.07939005439005438,-0.019494050470675817,5.847637476043049
2026,5,2026_05_CIN_MIA,00-0037252,Greg Dulcich,TE,MIA,CIN,receptions,3.0495552858521497,3.0495552858521497,3.1333333333333333,1.0,1.921,3,NOT_LISTED,True,,,,-6.5,42.5,18.0,4.166666666666667,0.1578918453231297,0.0056948935588698735,7.041066992515163
2026,5,2026_05_NYG_WAS,00-0037256,Rachaad White,RB,WAS,NYG,receptions,2.086271574498824,2.086271574498824,2.8,1.0,1.921,3,LIMITED,True,,Limited Participation in Practice,,4.5,41.5,23.0,2.5,0.08252217919560718,-0.0602493268192795,6.557376277275174
2026,5,2026_05_BUF_LA,00-0037261,Khalil Shakir,WR,BUF,LA,receptions,4.102648220868281,4.102648220868281,3.8666666666666667,1.0,1.921,4,NOT_LISTED,True,,,,-3.0,54.5,25.75,5.833333333333333,0.21675361675361673,-0.019494050470675817,5.847637476043049
2026,5,2026_05_DET_ARI,00-0037263,Tyler Allgeier,RB,ARI,DET,receptions,1.906285224265734,1.906285224265734,2.333333333333333,1.0,1.921,4,NOT_LISTED,True,,,,-5.5,54.5,24.5,2.0,0.055797775797775805,0.10266819289671897,6.649415599289252
2026,5,2026_05_LV_NE,00-0037291,Jalen Nailor,WR,LV,NE,receptions,1.9436615604666798,1.9436615604666798,1.5333333333333332,1.0,1.921,3,NOT_LISTED,True,,,,-3.5,45.5,21.0,2.8333333333333335,0.10570786035553652,0.004219220760639311,6.117619428407968
2026,5,2026_05_SF_SEA,00-0037545,Rashid Shaheed,WR,SEA,SF,receptions,2.1302046330344364,2.1302046330344364,1.8,1.0,1.921,4,NOT_LISTED,True,,,,3.0,45.5,24.25,2.8333333333333335,0.10822649572649573,0.11454549228960391,6.4571042068773465
2026,5,2026_05_IND_PIT,00-0037664,Alec Pierce,WR,IND,PIT,receptions,2.7309756942263235,2.7309756942263235,2.7333333333333334,1.0,1.921,2,NOT_LISTED,True,,,,-2.5,44.5,21.0,4.0,0.12905625664246353,0.057264015361963495,7.74546796679198
2026,5,2026_05_CIN_MIA,00-0037666,Jalen Tolbert,WR,MIA,CIN,receptions,1.3608586786320518,1.3608586786320518,1.2,1.0,1.921,1,NOT_LISTED,True,,,,-6.5,42.5,18.0,2.1666666666666665,0.06881947827440155,0.0056948935588698735,7.041066992515163
2026,5,2026_05_CLE_NYJ,00-0037740,Garrett Wilson,WR,NYJ,CLE,receptions,4.891942013521387,4.891942013521387,5.3999999999999995,1.0,1.921,4,NOT_LISTED,True,,,,2.5,39.5,21.0,7.0,0.3165495535060752,-0.03963762558831056,6.4160206737003325
2026,5,2026_05_BAL_ATL,00-0037741,Jahan Dotson,WR,ATL,BAL,receptions,2.12233066236597,2.12233066236597,1.6,1.0,1.921,4,NOT_LISTED,True,,,,3.0,43.5,23.25,3.6666666666666665,0.14135174010282023,0.10817347811480696,6.968386705619937
2026,5,2026_05_NYG_WAS,00-0037742,Treylon Burks,WR,WAS,NYG,receptions,1.4413802346025772,1.4413802346025772,1.1333333333333333,1.0,1.921,3,NOT_LISTED,True,,Full Participation in Practice,,4.5,41.5,23.0,2.8333333333333335,0.12252936262224189,-0.0602493268192795,6.557376277275174
2026,5,2026_05_DET_ARI,00-0037744,Trey McBride,TE,ARI,DET,receptions,6.699533020527932,6.699533020527932,8.133333333333333,1.0,1.921,4,NOT_LISTED,True,,,,-5.5,54.5,24.5,11.166666666666666,0.32599445599445603,0.10266819289671897,6.649415599289252
2026,5,2026_05_CLE_NYJ,00-0037755,Jelani Woods,TE,NYJ,CLE,receptions,1.310749779730366,1.310749779730366,1.0666666666666667,1.0,1.921,2,NOT_LISTED,True,,,,2.5,39.5,21.0,2.1666666666666665,0.0750521968046478,-0.03963762558831056,6.4160206737003325
2026,5,2026_05_CLE_NYJ,00-0037805,Jeremy Ruckert,TE,NYJ,CLE,receptions,2.047305614385844,2.047305614385844,2.466666666666667,1.0,1.921,3,NOT_LISTED,True,,,,2.5,39.5,21.0,2.6666666666666665,0.08040133323860946,-0.03963762558831056,6.4160206737003325
2026,5,2026_05_NYG_WAS,00-0037809,Chig Okonkwo,TE,WAS,NYG,receptions,2.8123922896082805,2.8123922896082805,2.466666666666667,1.0,1.921,2,LIMITED,True,,Limited Participation in Practice,,4.5,41.5,23.0,5.5,0.18076550950114167,-0.0602493268192795,6.557376277275174
2026,5,2026_05_LV_NE,00-0037816,Romeo Doubs,WR,NE,LV,receptions,3.245842101049316,3.245842101049316,3.7333333333333334,1.0,1.921,4,NOT_LISTED,True,,,,3.5,45.5,24.5,4.833333333333333,0.1734306195596518,0.030376162500259474,6.575533731619258
2026,5,2026_05_NYG_WAS,00-0037838,Isaiah Likely,TE,NYG,WAS,receptions,4.594736450639921,4.594736450639921,4.6000000000000005,1.0,1.921,4,LIMITED,True,,Limited Participation in Practice,,-4.5,41.5,18.5,6.666666666666667,0.2513162448887601,0.07475384034366883,6.652420774334399
2026,5,2026_05_BUF_LA,00-0037840,Kyren Williams,RB,LA,BUF,receptions,3.9814983490757605,3.9814983490757605,5.3999999999999995,1.0,1.921,4,NOT_LISTED,True,,,,3.0,54.5,28.75,5.5,0.13318389818389817,-0.05548814477474302,5.635218445130121
2026,5,2026_05_TB_DAL,00-0038041,Jake Ferguson,TE,DAL,TB,receptions,2.4851756719187588,2.4851756719187588,2.9333333333333336,1.0,1.921,4,NOT_LISTED,True,,,,9.5,48.5,29.0,3.1666666666666665,0.09270570963997038,0.1228007875639109,6.872865604575163
2026,5,2026_05_CHI_GB,00-0038090,Skyy Moore,WR,GB,CHI,receptions,1.7535244774246859,1.7535244774246859,1.6,1.0,1.921,4,NOT_LISTED,True,,,,-2.5,45.5,21.5,2.1666666666666665,0.05539497408158666,-0.01895787938530588,6.953186625820897
2026,5,2026_05_HOU_TEN,00-0038115,Daniel Bellinger,TE,TEN,HOU,receptions,1.285337482043409,1.285337482043409,1.1333333333333333,1.0,1.921,4,NOT_LISTED,True,,,,-7.5,38.5,15.5,1.6666666666666667,0.05889053897421037,0.05205539133025397,7.170065462152156
2026,5,2026_05_HOU_TEN,00-0038117,Wan'Dale Robinson,WR,TEN,HOU,receptions,4.419954037643711,4.419954037643711,4.199999999999999,1.0,1.921,4,NOT_LISTED,True,,,,-7.5,38.5,15.5,7.166666666666667,0.28504391146378977,0.05205539133025397,7.170065462152156
2026,5,2026_05_CLE_NYJ,00-0038120,Breece Hall,RB,NYJ,CLE,receptions,2.535497599537079,2.535497599537079,3.0666666666666664,1.0,1.921,3,DNP,True,,Did Not Participate In Practice,,2.5,39.5,21.0,3.0,0.0922773396798333,-0.03963762558831056,6.4160206737003325
2026,5,2026_05_CHI_GB,00-0038124,Christian Watson,WR,GB,CHI,receptions,4.581936298596766,4.581936298596766,4.6000000000000005,1.0,1.921,4,NOT_LISTED,True,,,,-2.5,45.5,21.5,7.333333333333333,0.2275647960333559,-0.01895787938530588,6.953186625820897
2026,5,2026_05_TB_DAL,00-0038129,Cade Otton,TE,TB,DAL,receptions,4.216138960345323,4.216138960345323,4.133333333333333,1.0,1.921,4,NOT_LISTED,True,,,,-9.5,48.5,19.5,6.0,0.2115335282001949,0.4705700307419768,8.505812817154585
2026,5,2026_05_BUF_LA,00-0038359,Xavier Smith,WR,LA,BUF,receptions,0.8915244155306006,0.8915244155306006,0.46666666666666673,1.0,1.921,3,NOT_LISTED,True,,,,3.0,54.5,28.75,1.8333333333333333,0.04928678678678678,-0.05548814477474302,5.635218445130121
2026,5,2026_05_PHI_JAX,00-0038393,Dontayvion Wicks,WR,PHI,JAX,receptions,3.0899741518927746,3.0899741518927746,3.0,1.0,1.921,4,NOT_LISTED,True,,,,-7.5,41.5,17.0,3.8333333333333335,0.14693701723113486,-0.1702104653983672,6.506935146166645
2026,5,2026_05_DEN_LAC,00-0038454,Keaton Mitchell,RB,LAC,DEN,receptions,1.8315356338634203,1.8315356338634203,2.533333333333333,1.0,1.921,4,NOT_LISTED,True,,,,-3.5,41.5,19.0,2.0,0.07048650274456726,-0.09455846420832109,5.655602398576912
2026,5,2026_05_BAL_ATL,00-0038542,Bijan Robinson,RB,ATL,BAL,receptions,3.7584321635771847,3.7584321635771847,2.666666666666667,1.0,1.921,4,NOT_LISTED,True,,,,3.0,43.5,23.25,4.833333333333333,0.22371742821288843,0.10817347811480696,6.968386705619937
2026,5,2026_05_SF_SEA,00-0038543,Jaxon Smith-Njigba,WR,SEA,SF,receptions,6.8113240550067955,6.8113240550067955,7.933333333333334,1.0,1.921,4,NOT_LISTED,True,,,,3.0,45.5,24.25,10.333333333333334,0.37695868945868943,0.11454549228960391,6.4571042068773465
2026,5,2026_05_DEN_LAC,00-0038544,Quentin Johnston,WR,LAC,DEN,receptions,2.816679249481407,2.816679249481407,2.0666666666666664,1.0,1.921,4,NOT_LISTED,True,,,,-3.5,41.5,19.0,5.333333333333333,0.1829166950134692,-0.09455846420832109,5.655602398576912
2026,5,2026_05_IND_PIT,00-0038558,Darnell Washington,TE,PIT,IND,receptions,2.192424967487943,2.192424967487943,2.3333333333333335,1.0,1.921,4,NOT_LISTED,True,,,,2.5,44.5,23.5,3.1666666666666665,0.08744378438775723,0.1407783793769441,7.5267548099021315
2026,5,2026_05_DET_ARI,00-0038559,Michael Wilson,WR,ARI,DET,receptions,5.889686020858357,5.889686020858357,6.333333333333334,1.0,1.921,4,NOT_LISTED,True,,,,-5.5,54.5,24.5,10.333333333333334,0.2902128502128502,0.10266819289671897,6.649415599289252
2026,5,2026_05_LV_NE,00-0038563,Tre Tucker,WR,LV,NE,receptions,3.572998269794591,3.572998269794591,4.066666666666666,1.0,1.921,4,NOT_LISTED,True,,,,-3.5,45.5,21.0,5.833333333333333,0.18739421498042189,0.004219220760639311,6.117619428407968
2026,5,2026_05_CIN_MIA,00-0038597,Chase Brown,RB,CIN,MIA,receptions,3.8837306876322875,3.8837306876322875,5.066666666666666,1.0,1.921,4,NOT_LISTED,True,,,,6.5,42.5,24.5,5.5,0.1413609937387517,0.37047209523101876,8.518959598393305
2026,5,2026_05_PHI_JAX,00-0038606,Parker Washington,WR,JAX,PHI,receptions,4.344102333545125,4.344102333545125,4.133333333333333,1.0,1.921,4,NOT_LISTED,True,,,,7.5,41.5,24.5,7.5,0.2650830888325044,-0.07329098310499965,5.82452472983406
2026,5,2026_05_HOU_TEN,00-0038608,Kayshon Boutte,WR,HOU,TEN,receptions,2.204175205713148,2.204175205713148,2.4,1.0,1.921,4,NOT_LISTED,True,,,,7.5,38.5,23.0,3.3333333333333335,0.10988812988812989,0.24441872834061978,7.830497322051736
2026,5,2026_05_HOU_TEN,00-0038618,Xavier Hutchinson,WR,HOU,TEN,receptions,3.7314429822069792,3.7314429822069792,3.0666666666666664,1.0,1.921,4,NOT_LISTED,True,,,,7.5,38.5,23.0,6.333333333333333,0.20188050688050688,0.24441872834061978,7.830497322051736
2026,5,2026_05_CIN_MIA,00-0038619,Andrei Iosivas,WR,CIN,MIA,receptions,1.5016422554346645,1.5016422554346645,1.6666666666666667,1.0,1.921,2,NOT_LISTED,True,,,,6.5,42.5,24.5,2.5,0.07354912519448621,0.37047209523101876,8.518959598393305
2026,5,2026_05_LV_NE,00-0038621,DeMario Douglas,WR,NE,LV,receptions,2.2108432378114964,2.2108432378114964,1.6,1.0,1.921,4,NOT_LISTED,True,,,,3.5,45.5,24.5,3.6666666666666665,0.13350742447516642,0.030376162500259474,6.575533731619258
2026,5,2026_05_HOU_TEN,00-0038728,Jared Wayne,WR,HOU,TEN,receptions,1.8914511235143385,1.8914511235143385,1.4,1.0,1.921,3,NOT_LISTED,True,,,,7.5,38.5,23.0,3.5,0.09491465149359887,0.24441872834061978,7.830497322051736
2026,5,2026_05_DEN_LAC,00-0038783,Nate Adkins,TE,DEN,LAC,receptions,1.4422953155434945,1.4422953155434945,1.2,1.0,1.921,3,NOT_LISTED,True,,,,3.5,41.5,22.5,1.6666666666666667,0.04799417702701084,0.014659545510640023,7.0233970311899006
2026,5,2026_05_CIN_MIA,00-0038839,Mitchell Tinsley,WR,CIN,MIA,receptions,2.2243946630398472,2.2243946630398472,1.4,1.0,1.921,1,NOT_LISTED,True,,,,6.5,42.5,24.5,4.5,0.10755826316583182,0.37047209523101876,8.518959598393305
2026,5,2026_05_BUF_LA,00-0038933,Dalton Kincaid,TE,BUF,LA,receptions,3.1502765846134624,3.1502765846134624,3.2,1.0,1.921,4,NOT_LISTED,True,,,,-3.0,54.5,25.75,3.8333333333333335,0.14079161579161578,-0.019494050470675817,5.847637476043049
2026,5,2026_05_PHI_JAX,00-0038935,Brenton Strange,TE,JAX,PHI,receptions,3.7891919853672347,3.7891919853672347,3.9333333333333336,1.0,1.921,4,NOT_LISTED,True,,,,7.5,41.5,24.5,4.833333333333333,0.1793300847765551,-0.07329098310499965,5.82452472983406
2026,5,2026_05_DEN_LAC,00-0038976,Marvin Mims Jr.,WR,DEN,LAC,receptions,1.533620296955012,1.533620296955012,1.4666666666666668,1.0,1.921,2,NOT_LISTED,True,,,,3.5,41.5,22.5,3.1666666666666665,0.09503460840703404,0.014659545510640023,7.0233970311899006
2026,5,2026_05_MIN_NO,00-0038994,Jordan Addison,WR,MIN,NO,receptions,3.2498443860682595,3.2498443860682595,3.0,1.0,1.921,4,DNP,True,,Did Not Participate In Practice,,2.5,41.5,22.0,4.333333333333333,0.17722686162045428,0.05799804953246461,6.3957924614525155
2026,5,2026_05_CHI_GB,00-0038996,Tucker Kraft,TE,GB,CHI,receptions,3.910132138161716,3.910132138161716,4.0,1.0,1.921,4,NOT_LISTED,True,,,,-2.5,45.5,21.5,6.0,0.16441691619176405,-0.01895787938530588,6.953186625820897
2026,5,2026_05_IND_PIT,00-0038997,Josh Downs,WR,IND,PIT,receptions,4.267075167954618,4.267075167954618,4.533333333333333,1.0,1.921,4,NOT_LISTED,True,,,,-2.5,44.5,21.0,6.166666666666667,0.19729561626113348,0.057264015361963495,7.74546796679198
2026,5,2026_05_HOU_TEN,00-0039032,Tyjae Spears,RB,TEN,HOU,receptions,1.6250641290896772,1.6250641290896772,1.4666666666666668,1.0,1.921,4,NOT_LISTED,True,,,,-7.5,38.5,15.5,2.6666666666666665,0.09424709277650455,0.05205539133025397,7.170065462152156
2026,5,2026_05_CIN_MIA,00-0039040,De'Von Achane,RB,MIA,CIN,receptions,2.897821113413178,2.897821113413178,2.666666666666667,1.0,1.921,3,NOT_LISTED,True,,,,-6.5,42.5,18.0,4.0,0.1575345536614902,0.0056948935588698735,7.041066992515163
2026,5,2026_05_DET_ARI,00-0039041,Elijah Higgins,TE,ARI,DET,receptions,1.9377619609047636,1.9377619609047636,2.0,1.0,1.921,3,NOT_LISTED,True,,,,-5.5,54.5,24.5,2.8333333333333335,0.08811986863711002,0.10266819289671897,6.649415599289252
2026,5,2026_05_BAL_ATL,00-0039064,Zay Flowers,WR,BAL,ATL,receptions,5.536047098968201,5.536047098968201,5.8,1.0,1.921,3,LIMITED,True,,Limited Participation in Practice,,-3.0,43.5,20.25,6.666666666666667,0.30796146044624745,0.006540530234941402,6.330753093163383
2026,5,2026_05_DET_ARI,00-0039065,Sam LaPorta,TE,DET,ARI,receptions,5.258352438312899,5.258352438312899,5.6,1.0,1.921,4,NOT_LISTED,True,,,,5.5,54.5,30.0,7.5,0.1919575287525078,0.37095700328721865,7.892248430205748
2026,5,2026_05_LV_NE,00-0039066,Michael Mayer,TE,LV,NE,receptions,4.439899037427677,4.439899037427677,4.933333333333334,1.0,1.921,4,NOT_LISTED,True,,,,-3.5,45.5,21.0,6.5,0.2061823712685782,0.004219220760639311,6.117619428407968
2026,5,2026_05_BUF_LA,00-0039074,Davis Allen,TE,LA,BUF,receptions,1.3505604274905878,1.3505604274905878,1.0,1.0,1.921,4,NOT_LISTED,True,,,,3.0,54.5,28.75,2.1666666666666665,0.05046475897666374,-0.05548814477474302,5.635218445130121
2026,5,2026_05_BUF_LA,00-0039075,Puka Nacua,WR,LA,BUF,receptions,6.806210156368989,6.806210156368989,8.133333333333333,1.0,1.921,2,NOT_LISTED,True,,,,3.0,54.5,28.75,11.5,0.29520257099204467,-0.05548814477474302,5.635218445130121
2026,5,2026_05_DET_ARI,00-0039139,Jahmyr Gibbs,RB,DET,ARI,receptions,4.7664158291039715,4.7664158291039715,5.2,1.0,1.921,4,NOT_LISTED,True,,,,5.5,54.5,30.0,6.0,0.16273133780589602,0.37095700328721865,7.892248430205748
2026,5,2026_05_CHI_GB,00-0039146,Jayden Reed,WR,GB,CHI,receptions,2.736542262193862,2.736542262193862,2.9333333333333336,1.0,1.921,2,NOT_LISTED,True,,,,-2.5,45.5,21.5,4.166666666666667,0.13917707812760285,-0.01895787938530588,6.953186625820897
2026,5,2026_05_NYG_WAS,00-0039337,Malik Nabers,WR,NYG,WAS,receptions,4.003576467574656,4.003576467574656,3.8666666666666667,1.0,1.921,4,DNP,True,,Did Not Participate In Practice,,-4.5,41.5,18.5,6.0,0.22429529282977556,0.07475384034366883,6.652420774334399
2026,5,2026_05_LV_NE,00-0039338,Brock Bowers,TE,LV,NE,receptions,5.742161681093821,5.742161681093821,6.533333333333333,1.0,1.921,2,NOT_LISTED,True,,,,-3.5,45.5,21.0,7.666666666666667,0.26169372294372295,0.004219220760639311,6.117619428407968
2026,5,2026_05_HOU_TEN,00-0039359,Cade Stover,TE,HOU,TEN,receptions,1.3232416512607115,1.3232416512607115,1.2666666666666666,1.0,1.921,2,NOT_LISTED,True,,,,7.5,38.5,23.0,2.0,0.0671728410698999,0.24441872834061978,7.830497322051736
2026,5,2026_05_TB_DAL,00-0039361,Bucky Irving,RB,TB,DAL,receptions,2.755729347814893,2.755729347814893,2.466666666666667,1.0,1.921,4,NOT_LISTED,True,,,,-9.5,48.5,19.5,3.8333333333333335,0.120338303671637,0.4705700307419768,8.505812817154585
2026,5,2026_05_NYG_WAS,00-0039384,Tyrone Tracy Jr.,RB,NYG,WAS,receptions,0.6729799765693145,0.6729799765693145,0.6000000000000001,1.0,1.921,4,NOT_LISTED,True,,,,-4.5,41.5,18.5,1.8333333333333333,0.058369252873563225,0.07475384034366883,6.652420774334399
2026,5,2026_05_TB_DAL,00-0039410,Ryan Flournoy,WR,DAL,TB,receptions,3.5587969061985225,3.5587969061985225,3.533333333333333,1.0,1.921,4,NOT_LISTED,True,,,,9.5,48.5,29.0,5.333333333333333,0.16833476938075098,0.1228007875639109,6.872865604575163
2026,5,2026_05_MIN_NO,00-0039424,Devaughn Vele,WR,NO,MIN,receptions,3.8097359028318265,3.8097359028318265,4.733333333333333,1.0,1.921,4,NOT_LISTED,True,,,,-2.5,41.5,19.5,7.0,0.19614411197930415,-0.3888597580555023,5.012554235853738
2026,5,2026_05_CLE_NYJ,00-0039451,Isaiah Williams,WR,NYJ,CLE,receptions,2.9188737235676903,2.9188737235676903,3.0666666666666664,1.0,1.921,4,NOT_LISTED,True,,,,2.5,39.5,21.0,4.0,0.15668871687893426,-0.03963762558831056,6.4160206737003325
2026,5,2026_05_TB_DAL,00-0039530,Brevyn Spann-Ford,TE,DAL,TB,receptions,1.1351047978160365,1.1351047978160365,0.6,1.0,1.921,4,NOT_LISTED,True,,,,9.5,48.5,29.0,1.5,0.05015213646406771,0.1228007875639109,6.872865604575163
2026,5,2026_05_IND_PIT,00-0039739,Roman Wilson,WR,PIT,IND,receptions,2.977042458593374,2.977042458593374,3.1333333333333333,1.0,1.921,4,NOT_LISTED,True,,,,2.5,44.5,23.5,4.666666666666667,0.13565793404503082,0.1407783793769441,7.5267548099021315
2026,5,2026_05_PHI_JAX,00-0039746,Will Shipley,RB,PHI,JAX,receptions,1.1144222528307086,1.1144222528307086,1.0,1.0,1.921,4,NOT_LISTED,True,,,,-7.5,41.5,17.0,1.5,0.052085561497326203,-0.1702104653983672,6.506935146166645
2026,5,2026_05_BAL_ATL,00-0039792,Devontez Walker,WR,BAL,ATL,receptions,1.0984884367036343,1.0984884367036343,0.6666666666666666,1.0,1.921,3,NOT_LISTED,True,,,,-3.0,43.5,20.25,1.5,0.06204079332882578,0.006540530234941402,6.330753093163383
2026,5,2026_05_SF_SEA,00-0039793,AJ Barner,TE,SEA,SF,receptions,2.633068257471646,2.633068257471646,2.3333333333333335,1.0,1.921,4,NOT_LISTED,True,,,,3.0,45.5,24.25,3.5,0.11709401709401711,0.11454549228960391,6.4571042068773465
2026,5,2026_05_CLE_NYJ,00-0039794,Braelon Allen,RB,NYJ,CLE,receptions,1.4448230971789622,1.4448230971789622,1.7333333333333334,1.0,1.921,4,NOT_LISTED,True,,,,2.5,39.5,21.0,1.5,0.05751092707614447,-0.03963762558831056,6.4160206737003325
2026,5,2026_05_CHI_GB,00-0039811,MarShawn Lloyd,RB,GB,CHI,receptions,2.03522868601072,2.03522868601072,2.5999999999999996,1.0,1.921,4,NOT_LISTED,True,,,,-2.5,45.5,21.5,2.4,0.07927575804857752,-0.01895787938530588,6.953186625820897
2026,5,2026_05_CIN_MIA,00-0039814,Erick All,TE,CIN,MIA,receptions,1.8623874312898718,1.8623874312898718,1.8666666666666667,1.0,1.921,1,NOT_LISTED,True,,,,6.5,42.5,24.5,2.1666666666666665,0.07162788395256837,0.37047209523101876,8.518959598393305
2026,5,2026_05_NYG_WAS,00-0039847,Theo Johnson,TE,NYG,WAS,receptions,1.559884325164111,1.559884325164111,0.9333333333333333,1.0,1.921,3,NOT_LISTED,True,,,,-4.5,41.5,18.5,3.3333333333333335,0.13204268592199625,0.07475384034366883,6.652420774334399
2026,5,2026_05_DET_ARI,00-0039849,Marvin Harrison Jr.,WR,ARI,DET,receptions,1.7432744814936298,1.7432744814936298,1.2,1.0,1.921,4,NOT_LISTED,True,,,,-5.5,54.5,24.5,2.8333333333333335,0.07764133971030522,0.10266819289671897,6.649415599289252
2026,5,2026_05_TB_DAL,00-0039855,Jalen McMillan,WR,TB,DAL,receptions,1.9661150362843043,1.9661150362843043,2.7333333333333334,1.0,1.921,1,NOT_LISTED,True,,,,-9.5,48.5,19.5,3.6666666666666665,0.10910330261136712,0.4705700307419768,8.505812817154585
2026,5,2026_05_DEN_LAC,00-0039868,Troy Franklin,WR,DEN,LAC,receptions,1.3202080763461237,1.3202080763461237,1.0666666666666667,1.0,1.921,3,NOT_LISTED,True,,,,3.5,41.5,22.5,2.3333333333333335,0.06642377332435528,0.014659545510640023,7.0233970311899006
2026,5,2026_05_CIN_MIA,00-0039880,Malik Washington,WR,MIA,CIN,receptions,4.392829705056956,4.392829705056956,4.2,1.0,1.921,4,NOT_LISTED,True,,,,-6.5,42.5,18.0,5.833333333333333,0.2327583060745891,0.0056948935588698735,7.041066992515163
2026,5,2026_05_CLE_NYJ,00-0039890,Adonai Mitchell,WR,NYJ,CLE,receptions,3.887280572880254,3.887280572880254,3.2,1.0,1.921,2,DNP,True,,Did Not Participate In Practice,,2.5,39.5,21.0,7.0,0.22318372342349324,-0.03963762558831056,6.4160206737003325
2026,5,2026_05_PHI_JAX,00-0039893,Brian Thomas Jr.,WR,JAX,PHI,receptions,2.472841063591446,2.472841063591446,2.2666666666666666,1.0,1.921,4,NOT_LISTED,True,,,,7.5,41.5,24.5,4.333333333333333,0.1505074165195717,-0.07329098310499965,5.82452472983406
2026,5,2026_05_BUF_LA,00-0039901,Keon Coleman,WR,BUF,LA,receptions,3.1197546285211164,3.1197546285211164,3.8,1.0,1.921,4,NOT_LISTED,True,,,,-3.0,54.5,25.75,3.8333333333333335,0.1357041107041107,-0.019494050470675817,5.847637476043049
2026,5,2026_05_NYG_WAS,00-0039912,Ben Sinnott,TE,WAS,NYG,receptions,1.196134344396535,1.196134344396535,1.1333333333333333,1.0,1.921,2,LIMITED,True,,Limited Participation in Practice,,4.5,41.5,23.0,1.8333333333333333,0.08683074106835716,-0.0602493268192795,6.557376277275174
2026,5,2026_05_DEN_LAC,00-0039915,Ladd McConkey,WR,LAC,DEN,receptions,2.5475638109487244,2.5475638109487244,2.5333333333333337,1.0,1.921,4,NOT_LISTED,True,,,,-3.5,41.5,19.0,4.166666666666667,0.1449128330848761,-0.09455846420832109,5.655602398576912
2026,5,2026_05_CHI_GB,00-0039919,Rome Odunze,WR,CHI,GB,receptions,3.3473148101198786,3.3473148101198786,3.6666666666666665,1.0,1.921,4,NOT_LISTED,True,,,,2.5,45.5,24.0,5.833333333333333,0.18974916476102432,0.18713215734884686,6.853471408765526
2026,5,2026_05_PHI_JAX,00-0040024,Darius Cooper,WR,PHI,JAX,receptions,1.7469808741078765,1.7469808741078765,1.6,1.0,1.921,4,NOT_LISTED,True,,,,-7.5,41.5,17.0,2.6666666666666665,0.09345811051693405,-0.1702104653983672,6.506935146166645
2026,5,2026_05_LV_NE,00-0040122,Ashton Jeanty,RB,LV,NE,receptions,3.7611223288764233,3.7611223288764233,4.199999999999999,1.0,1.921,4,NOT_LISTED,True,,,,-3.5,45.5,21.0,5.166666666666667,0.16311313207864933,0.004219220760639311,6.117619428407968
2026,5,2026_05_CHI_GB,00-0040126,Colston Loveland,TE,CHI,GB,receptions,3.543184770276705,3.543184770276705,4.0,1.0,1.921,4,NOT_LISTED,True,,,,2.5,45.5,24.0,6.833333333333333,0.2149298058118316,0.18713215734884686,6.853471408765526
2026,5,2026_05_IND_PIT,00-0040128,Tyler Warren,TE,IND,PIT,receptions,4.942720724398027,4.942720724398027,6.2,1.0,1.921,4,NOT_LISTED,True,,,,-2.5,44.5,21.0,6.666666666666667,0.21311887346370106,0.057264015361963495,7.74546796679198
2026,5,2026_05_TB_DAL,00-0040129,Emeka Egbuka,WR,TB,DAL,receptions,3.3336131492313736,3.3336131492313736,3.2666666666666666,1.0,1.921,4,NOT_LISTED,True,,,,-9.5,48.5,19.5,5.333333333333333,0.17245439745439742,0.4705700307419768,8.505812817154585
2026,5,2026_05_LV_NE,00-0040131,Kyle Williams,WR,NE,LV,receptions,1.2250019048178735,1.2250019048178735,0.7333333333333334,1.0,1.921,4,NOT_LISTED,True,,,,3.5,45.5,24.5,2.0,0.07513227513227515,0.030376162500259474,6.575533731619258
2026,5,2026_05_DEN_LAC,00-0040134,Pat Bryant,WR,DEN,LAC,receptions,2.7630239842214888,2.7630239842214888,2.2,1.0,1.921,4,NOT_LISTED,True,,,,3.5,41.5,22.5,4.166666666666667,0.13191213768705157,0.014659545510640023,7.0233970311899006
2026,5,2026_05_HOU_TEN,00-0040138,Jaylin Noel,WR,HOU,TEN,receptions,2.1116688010417963,2.1116688010417963,2.0,1.0,1.921,4,NOT_LISTED,True,,,,7.5,38.5,23.0,2.8333333333333335,0.08983318483318482,0.24441872834061978,7.830497322051736
2026,5,2026_05_CLE_NYJ,00-0040162,Dylan Sampson,RB,CLE,NYJ,receptions,1.2444796590339986,1.2444796590339986,1.8,1.0,1.921,1,NOT_LISTED,True,,,,-2.5,39.5,18.5,2.5,0.0996422214957684,0.3799893147280837,7.608999241572034
2026,5,2026_05_HOU_TEN,00-0040170,Elic Ayomanor,WR,TEN,HOU,receptions,2.225636434664474,2.225636434664474,1.6,1.0,1.921,4,NOT_LISTED,True,,,,-7.5,38.5,15.5,4.5,0.15134538663950428,0.05205539133025397,7.170065462152156
2026,5,2026_05_SF_SEA,00-0040172,Jordan Watkins,WR,SF,SEA,receptions,1.4228028080934,1.4228028080934,1.3333333333333333,1.0,1.921,1,NOT_LISTED,True,,,,-3.0,45.5,21.25,1.6666666666666667,0.06163915560830007,-0.16750320090578563,4.853633370597656
2026,5,2026_05_DEN_LAC,00-0040189,Oronde Gadsden II,TE,LAC,DEN,receptions,2.3668171049192304,2.3668171049192304,2.3333333333333335,1.0,1.921,4,NOT_LISTED,True,,,,-3.5,41.5,19.0,3.8333333333333335,0.12435845401323613,-0.09455846420832109,5.655602398576912
2026,5,2026_05_CHI_GB,00-0040236,Kyle Monangai,RB,CHI,GB,receptions,1.2378752988466324,1.2378752988466324,1.2000000000000002,1.0,1.921,4,DNP,True,,Did Not Participate In Practice,,2.5,45.5,24.0,1.6666666666666667,0.05214911154844413,0.18713215734884686,6.853471408765526
2026,5,2026_05_TB_DAL,00-0040237,Tez Johnson,WR,TB,DAL,receptions,1.6184833302513675,1.6184833302513675,1.2666666666666666,1.0,1.921,4,NOT_LISTED,True,,,,-9.5,48.5,19.5,2.0,0.06387069720403053,0.4705700307419768,8.505812817154585
2026,5,2026_05_CHI_GB,00-0040277,Jahdae Walker,WR,CHI,GB,receptions,1.249978593887203,1.249978593887203,1.4666666666666668,1.0,1.921,1,NOT_LISTED,True,,,,2.5,45.5,24.0,1.8333333333333333,0.057987032124963166,0.18713215734884686,6.853471408765526
2026,5,2026_05_CLE_NYJ,00-0040466,Raheim Sanders,RB,CLE,NYJ,receptions,1.9222918449953506,1.9222918449953506,2.2,1.0,1.921,4,NOT_LISTED,True,,,,-2.5,39.5,18.5,2.3333333333333335,0.08859087772131251,0.3799893147280837,7.608999241572034
2026,5,2026_05_LV_NE,00-0040563,Efton Chism III,WR,NE,LV,receptions,1.3674352107145498,1.3674352107145498,1.2666666666666666,1.0,1.921,3,NOT_LISTED,True,,,,3.5,45.5,24.5,1.6666666666666667,0.05923280423280423,0.030376162500259474,6.575533731619258
2026,5,2026_05_HOU_TEN,00-0040583,Woody Marks,RB,HOU,TEN,receptions,1.5614745961981948,1.5614745961981948,1.8666666666666667,1.0,1.921,4,NOT_LISTED,True,,,,7.5,38.5,23.0,2.3333333333333335,0.06825908325908325,0.24441872834061978,7.830497322051736
2026,5,2026_05_HOU_TEN,00-0040584,Gunnar Helm,TE,TEN,HOU,receptions,2.0024003468031473,2.0024003468031473,1.8,1.0,1.921,4,NOT_LISTED,True,,,,-7.5,38.5,15.5,2.8333333333333335,0.10241207594148771,0.05205539133025397,7.170065462152156
2026,5,2026_05_BUF_LA,00-0040590,Konata Mumpfield,WR,LA,BUF,receptions,1.7743757412199102,1.7743757412199102,1.7333333333333334,1.0,1.921,4,NOT_LISTED,True,,,,3.0,54.5,28.75,3.3333333333333335,0.0821474876236781,-0.05548814477474302,5.635218445130121
2026,5,2026_05_SF_SEA,00-0040648,Tory Horton,WR,SEA,SF,receptions,1.8482738712449163,1.8482738712449163,2.333333333333333,1.0,1.921,2,NOT_LISTED,True,,,,3.0,45.5,24.25,2.6666666666666665,0.09101588911426639,0.11454549228960391,6.4571042068773465
2026,5,2026_05_CLE_NYJ,00-0040663,Harold Fannin Jr.,TE,CLE,NYJ,receptions,3.9161419592973434,3.9161419592973434,4.533333333333333,1.0,1.921,4,NOT_LISTED,True,,,,-2.5,39.5,18.5,5.166666666666667,0.18284292197335675,0.3799893147280837,7.608999241572034
2026,5,2026_05_DEN_LAC,00-0040666,Omarion Hampton,RB,LAC,DEN,receptions,1.474846322047576,1.474846322047576,1.6666666666666665,1.0,1.921,4,NOT_LISTED,True,,,,-3.5,41.5,19.0,2.5,0.08353922063599484,-0.09455846420832109,5.655602398576912
2026,5,2026_05_CHI_GB,00-0040667,Matthew Golden,WR,GB,CHI,receptions,4.3530506960336925,4.3530506960336925,3.7333333333333334,1.0,1.921,4,NOT_LISTED,True,,,,-2.5,45.5,21.5,7.166666666666667,0.23258733378408836,-0.01895787938530588,6.953186625820897
2026,5,2026_05_DET_ARI,00-0040669,Isaac TeSlaa,WR,DET,ARI,receptions,2.7311447960792146,2.7311447960792146,2.6666666666666665,1.0,1.921,4,NOT_LISTED,True,,,,5.5,54.5,30.0,3.6666666666666665,0.09609428731940156,0.37095700328721865,7.892248430205748
2026,5,2026_05_HOU_TEN,00-0040705,Chimere Dike,WR,TEN,HOU,receptions,0.9997634032747948,0.9997634032747948,1.0666666666666667,1.0,1.921,4,NOT_LISTED,True,,,,-7.5,38.5,15.5,2.0,0.06067821067821067,0.05205539133025397,7.170065462152156
2026,5,2026_05_NYG_WAS,00-0040715,Cam Skattebo,RB,NYG,WAS,receptions,2.0867234577685654,2.0867234577685654,2.4,1.0,1.921,4,LIMITED,True,,Limited Participation in Practice,,-4.5,41.5,18.5,2.8333333333333335,0.10378103697069213,0.07475384034366883,6.652420774334399
2026,5,2026_05_DEN_LAC,00-0040727,Tre Harris,WR,LAC,DEN,receptions,3.3405912914181677,3.3405912914181677,3.0666666666666664,1.0,1.921,4,NOT_LISTED,True,,,,-3.5,41.5,19.0,4.666666666666667,0.15019519561115488,-0.09455846420832109,5.655602398576912
2026,5,2026_05_LV_NE,00-0040729,Jack Bech,WR,LV,NE,receptions,2.0885110380199654,2.0885110380199654,2.0,1.0,1.921,2,NOT_LISTED,True,,,,-3.5,45.5,21.0,3.3333333333333335,0.12574482988276095,0.004219220760639311,6.117619428407968
2026,5,2026_05_DEN_LAC,00-0040730,RJ Harvey,RB,DEN,LAC,receptions,4.700655160488404,4.700655160488404,6.0,1.0,1.921,3,NOT_LISTED,True,,,,3.5,41.5,22.5,6.0,0.18031389205203827,0.014659545510640023,7.0233970311899006
2026,5,2026_05_CHI_GB,00-0040735,Luther Burden III,WR,CHI,GB,receptions,4.627057623450317,4.627057623450317,4.800000000000001,1.0,1.921,4,NOT_LISTED,True,,,,2.5,45.5,24.0,7.0,0.21856984829241585,0.18713215734884686,6.853471408765526
2026,5,2026_05_CLE_NYJ,00-0040736,Mason Taylor,TE,NYJ,CLE,receptions,2.6894163965572995,2.6894163965572995,2.9333333333333336,1.0,1.921,1,NOT_LISTED,True,,Full Participation in Practice,,2.5,39.5,21.0,4.333333333333333,0.17171942692045541,-0.03963762558831056,6.4160206737003325
2026,5,2026_05_BUF_LA,00-0040737,Terrance Ferguson,TE,LA,BUF,receptions,2.349677214344104,2.349677214344104,2.2666666666666666,1.0,1.921,3,NOT_LISTED,True,,,,3.0,54.5,28.75,3.6666666666666665,0.10415489782657701,-0.05548814477474302,5.635218445130121
2026,5,2026_05_CLE_NYJ,00-0040782,Isaiah Bond,WR,CLE,NYJ,receptions,1.127077997731639,1.127077997731639,1.0,1.0,1.921,2,NOT_LISTED,True,,,,-2.5,39.5,18.5,1.5,0.055230829634756694,0.3799893147280837,7.608999241572034
2026,5,2026_05_CLE_NYJ,00-0040784,Quinshon Judkins,RB,CLE,NYJ,receptions,3.036434659331033,3.036434659331033,4.133333333333333,1.0,1.921,4,NOT_LISTED,True,,,,-2.5,39.5,18.5,4.333333333333333,0.14793635277506245,0.3799893147280837,7.608999241572034
2026,5,2026_05_CIN_MIA,00-0040785,Dohnte Meyers,WR,CIN,MIA,receptions,2.6533975117514577,2.6533975117514577,3.1,1.0,1.921,4,NOT_LISTED,True,,,,6.5,42.5,24.5,4.0,0.09165407127796588,0.37047209523101876,8.518959598393305
2026,5,2026_05_PHI_JAX,00-0040867,Makai Lemon,WR,PHI,JAX,receptions,2.5073352967987264,2.5073352967987264,2.4000000000000004,1.0,1.921,4,NOT_LISTED,True,,,,-7.5,41.5,17.0,3.75,0.15280748663101604,-0.1702104653983672,6.506935146166645
2026,5,2026_05_BAL_ATL,00-0040879,Matthew Hibner,TE,BAL,ATL,receptions,1.5708241430294452,1.5708241430294452,1.6666666666666667,1.0,1.921,3,NOT_LISTED,True,,,,-3.0,43.5,20.25,1.6666666666666667,0.07021072796934866,0.006540530234941402,6.330753093163383
2026,5,2026_05_DET_ARI,00-0041027,Jeremiyah Love,RB,ARI,DET,receptions,2.365063869102369,2.365063869102369,2.9,1.0,1.921,4,NOT_LISTED,True,,,,-5.5,54.5,24.5,3.25,0.08801603801603802,0.10266819289671897,6.649415599289252
2026,5,2026_05_CLE_NYJ,00-0041032,Kenyon Sadiq,TE,NYJ,CLE,receptions,3.3463486140825025,3.3463486140825025,3.0,1.0,1.921,4,NOT_LISTED,True,,,,2.5,39.5,21.0,4.5,0.17566425120772947,-0.03963762558831056,6.4160206737003325
2026,5,2026_05_CLE_NYJ,00-0041037,Denzel Boston,WR,CLE,NYJ,receptions,3.668381027406146,3.668381027406146,3.5,1.0,1.921,4,NOT_LISTED,True,,,,-2.5,39.5,18.5,5.5,0.19015151515151515,0.3799893147280837,7.608999241572034
2026,5,2026_05_NYG_WAS,00-0041040,Antonio Williams,WR,WAS,NYG,receptions,2.81212996767326,2.81212996767326,2.8,1.0,1.921,4,NOT_LISTED,True,,,,4.5,41.5,23.0,4.75,0.14543047103899032,-0.0602493268192795,6.557376277275174
2026,5,2026_05_NYG_WAS,00-0041042,Malachi Fields,WR,NYG,WAS,receptions,2.2137920342041597,2.2137920342041597,2.0,1.0,1.921,4,NOT_LISTED,True,,,,-4.5,41.5,18.5,3.75,0.13102935139573071,0.07475384034366883,6.652420774334399
2026,5,2026_05_BAL_ATL,00-0041044,Zachariah Branch,WR,ATL,BAL,receptions,1.4428240673857395,1.4428240673857395,1.5,1.0,1.921,4,NOT_LISTED,True,,,,3.0,43.5,23.25,1.5,0.06286816269284712,0.10817347811480696,6.968386705619937
2026,5,2026_05_TB_DAL,00-0041048,Ted Hurst III,WR,TB,DAL,receptions,2.3254025767273445,2.3254025767273445,1.8,1.0,1.921,4,NOT_LISTED,True,,,,-9.5,48.5,19.5,4.0,0.1310828060828061,0.4705700307419768,8.505812817154585
2026,5,2026_05_MIN_NO,00-0041067,Bryce Lance,WR,NO,MIN,receptions,1.309996939004226,1.309996939004226,0.8999999999999999,1.0,1.921,4,NOT_LISTED,True,,,,-2.5,41.5,19.5,3.25,0.0723890139116203,-0.3888597580555023,5.012554235853738
2026,5,2026_05_PHI_JAX,00-0041100,Josh Cameron,WR,JAX,PHI,receptions,1.3924396004274877,1.3924396004274877,1.1,1.0,1.921,4,NOT_LISTED,True,,,,7.5,41.5,24.5,1.5,0.06406717276282493,-0.07329098310499965,5.82452472983406
2026,5,2026_05_CIN_MIA,00-0041436,DJ Herman,RB,MIA,CIN,receptions,1.0892891485723553,1.0892891485723553,0.5,1.0,1.921,2,NOT_LISTED,True,,,,-6.5,42.5,18.0,1.5,0.06521739130434782,0.0056948935588698735,7.041066992515163
2026,5,2026_05_HOU_TEN,00-0041438,Carnell Tate,WR,TEN,HOU,receptions,5.049406248606806,5.049406248606806,5.8,1.0,1.921,4,NOT_LISTED,True,,,,-7.5,38.5,15.5,8.0,0.2985294117647059,0.05205539133025397,7.170065462152156
2026,5,2026_05_IND_PIT,00-0041489,Germie Bernard,WR,PIT,IND,receptions,2.023421540672671,2.023421540672671,2.3333333333333335,1.0,1.921,3,NOT_LISTED,True,,,,2.5,44.5,23.5,3.6666666666666665,0.09991877733813219,0.1407783793769441,7.5267548099021315
2026,5,2026_05_DEN_LAC,00-0041496,Jonah Coleman,RB,DEN,LAC,receptions,1.2519186795067352,1.2519186795067352,1.5,1.0,1.921,2,NOT_LISTED,True,,,,3.5,41.5,22.5,1.5,0.05172413793103448,0.014659545510640023,7.0233970311899006
2026,5,2026_05_SF_SEA,00-0041512,Jadarian Price,RB,SEA,SF,receptions,1.562929898729816,1.562929898729816,1.3333333333333333,1.0,1.921,3,NOT_LISTED,True,,,,3.0,45.5,24.25,2.3333333333333335,0.07564102564102564,0.11454549228960391,6.4571042068773465
2026,5,2026_05_CIN_MIA,00-0041523,Caleb Douglas,WR,MIA,CIN,receptions,3.5599266558727365,3.5599266558727365,3.5,1.0,1.921,2,DNP,True,,Did Not Participate In Practice,,-6.5,42.5,18.0,5.0,0.19484702093397743,0.0056948935588698735,7.041066992515163
2026,5,2026_05_CIN_MIA,00-0041525,Chris Bell,WR,MIA,CIN,receptions,1.9103010421376116,1.9103010421376116,1.2999999999999998,1.0,1.921,4,LIMITED,True,,Limited Participation in Practice,,-6.5,42.5,18.0,3.25,0.12350573079473337,0.0056948935588698735,7.041066992515163
2026,5,2026_05_CIN_MIA,00-0041529,Kevin Coleman Jr.,WR,MIA,CIN,receptions,1.6513814987515985,1.6513814987515985,0.6666666666666666,1.0,1.921,3,NOT_LISTED,True,,,,-6.5,42.5,18.0,3.3333333333333335,0.14121796866894906,0.0056948935588698735,7.041066992515163
2026,5,2026_05_CLE_NYJ,00-0041547,KC Concepcion,WR,CLE,NYJ,receptions,4.241462229789687,4.241462229789687,4.3,1.0,1.921,4,NOT_LISTED,True,,,,-2.5,39.5,18.5,7.0,0.24242424242424243,0.3799893147280837,7.608999241572034
2026,5,2026_05_CHI_GB,00-0041558,Sam Roush,TE,CHI,GB,receptions,1.2912130247432896,1.2912130247432896,1.0,1.0,1.921,3,NOT_LISTED,True,,,,2.5,45.5,24.0,1.6666666666666667,0.0538899430740038,0.18713215734884686,6.853471408765526
2026,5,2026_05_SF_SEA,00-0029892,Kyle Juszczyk,FB,SF,SEA,receiving_yards,14.393010305932737,14.393010305932737,16.4,1.0,26.765,3,NOT_LISTED,True,,,,-3.0,45.5,21.25,1.8333333333333333,0.06858685163282864,-0.16750320090578563,4.853633370597656
2026,5,2026_05_PHI_JAX,00-0030061,Zach Ertz,TE,PHI,JAX,receiving_yards,31.586277936502352,31.586277936502352,22.266666666666666,1.0,26.765,2,NOT_LISTED,True,,,,-7.5,41.5,17.0,5.666666666666667,0.18867061418785555,-0.1702104653983672,6.506935146166645
2026,5,2026_05_IND_PIT,00-0030279,Keenan Allen,WR,IND,PIT,receiving_yards,42.50948743291535,42.50948743291535,33.13333333333333,1.0,26.765,3,LIMITED,True,,Limited Participation in Practice,,-2.5,44.5,21.0,6.833333333333333,0.20802616013522868,0.057264015361963495,7.74546796679198
2026,5,2026_05_NYG_WAS,00-0031235,Odell Beckham Jr.,WR,NYG,WAS,receiving_yards,13.341005970818728,13.341005970818728,4.666666666666667,1.0,26.765,1,NOT_LISTED,True,,,,-4.5,41.5,18.5,2.1666666666666665,0.062338969404186796,0.07475384034366883,6.652420774334399
2026,5,2026_05_SF_SEA,00-0031236,Brandin Cooks,WR,SF,SEA,receiving_yards,19.82819478898081,19.82819478898081,28.866666666666667,1.0,26.765,1,NOT_LISTED,True,,,,-3.0,45.5,21.25,2.5,0.09261989537476795,-0.16750320090578563,4.853633370597656
2026,5,2026_05_BUF_LA,00-0031381,Davante Adams,WR,LA,BUF,receiving_yards,74.06163652162616,74.06163652162616,105.46666666666667,1.0,26.765,4,NOT_LISTED,True,,,,3.0,54.5,28.75,8.833333333333334,0.23854202839407787,-0.05548814477474302,5.635218445130121
2026,5,2026_05_SF_SEA,00-0031408,Mike Evans,WR,SF,SEA,receiving_yards,51.440916791767606,51.440916791767606,51.33333333333333,1.0,26.765,4,NOT_LISTED,True,,,,-3.0,45.5,21.25,5.5,0.18422846592217787,-0.16750320090578563,4.853633370597656
2026,5,2026_05_NYG_WAS,00-0031588,Stefon Diggs,WR,WAS,NYG,receiving_yards,51.584349989550525,51.584349989550525,43.93333333333334,1.0,26.765,4,DNP,True,,Did Not Participate In Practice,,4.5,41.5,23.0,6.666666666666667,0.2266914581924724,-0.0602493268192795,6.557376277275174
2026,5,2026_05_CLE_NYJ,00-0032385,Sterling Shepard,WR,NYJ,CLE,receiving_yards,14.207641058108713,14.207641058108713,6.866666666666666,1.0,26.765,2,NOT_LISTED,True,,,,2.5,39.5,21.0,2.5,0.09225955247460625,-0.03963762558831056,6.4160206737003325
2026,5,2026_05_BAL_ATL,00-0032392,Austin Hooper,TE,ATL,BAL,receiving_yards,18.76345780790212,18.76345780790212,14.0,1.0,26.765,3,NOT_LISTED,True,,,,3.0,43.5,23.25,2.3333333333333335,0.0818711458402903,0.10817347811480696,6.968386705619937
2026,5,2026_05_BAL_ATL,00-0032398,Chris Moore,WR,BAL,ATL,receiving_yards,21.71287489703799,21.71287489703799,19.666666666666668,1.0,26.765,3,LIMITED,True,,Limited Participation in Practice,,-3.0,43.5,20.25,2.0,0.07613574165298302,0.006540530234941402,6.330753093163383
2026,5,2026_05_CHI_GB,00-0032464,Kalif Raymond,WR,CHI,GB,receiving_yards,41.57520891734681,41.57520891734681,45.666666666666664,1.0,26.765,4,NOT_LISTED,True,,,,2.5,45.5,24.0,4.666666666666667,0.15591964089477664,0.18713215734884686,6.853471408765526
2026,5,2026_05_SF_SEA,00-0032775,Demarcus Robinson,WR,SF,SEA,receiving_yards,28.433719010724943,28.433719010724943,34.733333333333334,1.0,26.765,2,NOT_LISTED,True,,,,-3.0,45.5,21.25,2.6666666666666665,0.09531354629393844,-0.16750320090578563,4.853633370597656
2026,5,2026_05_IND_PIT,00-0032951,Laquon Treadwell,WR,IND,PIT,receiving_yards,25.237045974146273,25.237045974146273,32.8,1.0,26.765,4,NOT_LISTED,True,,,,-2.5,44.5,21.0,1.8333333333333333,0.0616584564860427,0.057264015361963495,7.74546796679198
2026,5,2026_05_LV_NE,00-0033090,Hunter Henry,TE,NE,LV,receiving_yards,32.45059854939192,32.45059854939192,37.266666666666666,1.0,26.765,4,NOT_LISTED,True,,,,3.5,45.5,24.5,3.8333333333333335,0.15173749786653012,0.030376162500259474,6.575533731619258
2026,5,2026_05_BUF_LA,00-0033110,Tyler Higbee,TE,LA,BUF,receiving_yards,38.95938522930646,38.95938522930646,47.400000000000006,1.0,26.765,3,NOT_LISTED,True,,,,3.0,54.5,28.75,5.0,0.12383923339105413,-0.05548814477474302,5.635218445130121
2026,5,2026_05_IND_PIT,00-0033217,Mo Alie-Cox,TE,IND,PIT,receiving_yards,14.02406546911022,14.02406546911022,17.133333333333333,1.0,26.765,1,NOT_LISTED,True,,,,-2.5,44.5,21.0,2.1666666666666665,0.06610016687880982,0.057264015361963495,7.74546796679198
2026,5,2026_05_SF_SEA,00-0033280,Christian McCaffrey,RB,SF,SEA,receiving_yards,33.890933857081286,33.890933857081286,33.53333333333333,1.0,26.765,4,NOT_LISTED,True,,,,-3.0,45.5,21.25,5.833333333333333,0.20526153910197178,-0.16750320090578563,4.853633370597656
2026,5,2026_05_SF_SEA,00-0033288,George Kittle,TE,SF,SEA,receiving_yards,55.17014924846344,55.17014924846344,72.26666666666667,1.0,26.765,4,NOT_LISTED,True,,,,-3.0,45.5,21.25,6.166666666666667,0.2192243061073352,-0.16750320090578563,4.853633370597656
2026,5,2026_05_MIN_NO,00-0033293,Aaron Jones,RB,MIN,NO,receiving_yards,20.463628163810668,20.463628163810668,19.333333333333336,1.0,26.765,4,LIMITED,True,,Limited Participation in Practice,,2.5,41.5,22.0,3.6666666666666665,0.15700859526946484,0.05799804953246461,6.3957924614525155
2026,5,2026_05_DET_ARI,00-0033307,Kendrick Bourne,WR,ARI,DET,receiving_yards,32.1446691187308,32.1446691187308,32.266666666666666,1.0,26.765,3,NOT_LISTED,True,,,,-5.5,54.5,24.5,3.5,0.10174267507600843,0.10266819289671897,6.649415599289252
2026,5,2026_05_CIN_MIA,00-0033526,Samaje Perine,RB,CIN,MIA,receiving_yards,10.651514022048644,10.651514022048644,8.8,1.0,26.765,4,NOT_LISTED,True,,,,6.5,42.5,24.5,2.1666666666666665,0.05933475874015436,0.37047209523101876,8.518959598393305
2026,5,2026_05_LV_NE,00-0033555,Mack Hollins,WR,NE,LV,receiving_yards,46.55797883237031,46.55797883237031,52.86666666666666,1.0,26.765,4,DNP,True,,Did Not Participate In Practice,,3.5,45.5,24.5,6.166666666666667,0.20759360114198824,0.030376162500259474,6.575533731619258
2026,5,2026_05_NYG_WAS,00-0033699,Austin Ekeler,RB,WAS,NYG,receiving_yards,16.804646265427117,16.804646265427117,20.46666666666667,1.0,26.765,1,NOT_LISTED,True,,,,4.5,41.5,23.0,3.8333333333333335,0.11585929870032304,-0.0602493268192795,6.557376277275174
2026,5,2026_05_CHI_GB,00-0033858,Jonnu Smith,TE,GB,CHI,receiving_yards,19.11168779907615,19.11168779907615,24.0,1.0,26.765,3,NOT_LISTED,True,,,,-2.5,45.5,21.5,2.5,0.06234372213474381,-0.01895787938530588,6.953186625820897
2026,5,2026_05_DEN_LAC,00-0033881,Evan Engram,TE,DEN,LAC,receiving_yards,24.536498356264044,24.536498356264044,13.4,1.0,26.765,4,NOT_LISTED,True,,,,3.5,41.5,22.5,3.5,0.11629736196548716,0.014659545510640023,7.0233970311899006
2026,5,2026_05_DEN_LAC,00-0033885,David Njoku,TE,LAC,DEN,receiving_yards,21.86483065749251,21.86483065749251,20.266666666666666,1.0,26.765,2,NOT_LISTED,True,,,,-3.5,41.5,19.0,2.5,0.09272368529710252,-0.09455846420832109,5.655602398576912
2026,5,2026_05_MIN_NO,00-0033906,Alvin Kamara,RB,NO,MIN,receiving_yards,16.636732129448035,16.636732129448035,15.133333333333333,1.0,26.765,3,DNP,True,,Did Not Participate In Practice,,-2.5,41.5,19.5,3.6666666666666665,0.10805540225072635,-0.3888597580555023,5.012554235853738
2026,5,2026_05_SF_SEA,00-0033908,Cooper Kupp,WR,SEA,SF,receiving_yards,28.179553896283267,28.179553896283267,25.733333333333334,1.0,26.765,4,NOT_LISTED,True,,,,3.0,45.5,24.25,3.0,0.1073005698005698,0.11454549228960391,6.4571042068773465
2026,5,2026_05_TB_DAL,00-0033921,Chris Godwin Jr.,WR,TB,DAL,receiving_yards,35.4693597504363,35.4693597504363,37.599999999999994,1.0,26.765,4,NOT_LISTED,True,,,,-9.5,48.5,19.5,4.5,0.14164107497440834,0.4705700307419768,8.505812817154585
2026,5,2026_05_DEN_LAC,00-0034272,Marquez Valdes-Scantling,WR,LAC,DEN,receiving_yards,16.68575020376185,16.68575020376185,12.133333333333333,1.0,26.765,2,NOT_LISTED,True,,,,-3.5,41.5,19.0,3.6666666666666665,0.09681327543523355,-0.09455846420832109,5.655602398576912
2026,5,2026_05_DEN_LAC,00-0034348,Courtland Sutton,WR,DEN,LAC,receiving_yards,38.97345066379167,38.97345066379167,23.733333333333334,1.0,26.765,4,NOT_LISTED,True,,,,3.5,41.5,22.5,5.666666666666667,0.17734070002205884,0.014659545510640023,7.0233970311899006
2026,5,2026_05_PHI_JAX,00-0034351,Dallas Goedert,TE,PHI,JAX,receiving_yards,37.19762225097156,37.19762225097156,35.733333333333334,1.0,26.765,2,NOT_LISTED,True,,,,-7.5,41.5,17.0,5.5,0.21905309814992746,-0.1702104653983672,6.506935146166645
2026,5,2026_05_LV_NE,00-0034365,Ian Thomas,TE,LV,NE,receiving_yards,13.729951538217206,13.729951538217206,20.266666666666666,1.0,26.765,2,NOT_LISTED,True,,,,-3.5,45.5,21.0,1.8333333333333333,0.052318610508265674,0.004219220760639311,6.117619428407968
2026,5,2026_05_HOU_TEN,00-0034383,Dalton Schultz,TE,HOU,TEN,receiving_yards,40.267212075488864,40.267212075488864,56.2,1.0,26.765,4,NOT_LISTED,True,,,,7.5,38.5,23.0,5.833333333333333,0.164973764973765,0.24441872834061978,7.830497322051736
2026,5,2026_05_CIN_MIA,00-0034613,Tanner Hudson,TE,CIN,MIA,receiving_yards,11.169109888990267,11.169109888990267,8.466666666666667,1.0,26.765,3,NOT_LISTED,True,,,,6.5,42.5,24.5,2.0,0.0556811262165528,0.37047209523101876,8.518959598393305
2026,5,2026_05_BAL_ATL,00-0034753,Mark Andrews,TE,BAL,ATL,receiving_yards,42.32976902649745,42.32976902649745,32.733333333333334,1.0,26.765,4,NOT_LISTED,True,,Full Participation in Practice,,-3.0,43.5,20.25,5.166666666666667,0.22079107505070994,0.006540530234941402,6.330753093163383
2026,5,2026_05_BUF_LA,00-0034827,DJ Moore,WR,BUF,LA,receiving_yards,38.759356627843545,38.759356627843545,28.666666666666664,1.0,26.765,4,NOT_LISTED,True,,,,-3.0,54.5,25.75,4.5,0.15716811923708476,-0.019494050470675817,5.847637476043049
2026,5,2026_05_CIN_MIA,00-0034829,Mike Gesicki,TE,CIN,MIA,receiving_yards,36.05442206392948,36.05442206392948,47.666666666666664,1.0,26.765,3,NOT_LISTED,True,,,,6.5,42.5,24.5,3.8333333333333335,0.10392882571361868,0.37047209523101876,8.518959598393305
2026,5,2026_05_HOU_TEN,00-0034837,Calvin Ridley,WR,TEN,HOU,receiving_yards,19.575402819440605,19.575402819440605,23.6,1.0,26.765,3,NOT_LISTED,True,,,,-7.5,38.5,15.5,2.8333333333333335,0.09085114526290998,0.05205539133025397,7.170065462152156
2026,5,2026_05_PHI_JAX,00-0034844,Saquon Barkley,RB,PHI,JAX,receiving_yards,9.655626883454994,9.655626883454994,2.733333333333333,1.0,26.765,4,NOT_LISTED,True,,,,-7.5,41.5,17.0,1.5,0.056449689593705825,-0.1702104653983672,6.506935146166645
2026,5,2026_05_PHI_JAX,00-0034960,Jakobi Meyers,WR,JAX,PHI,receiving_yards,38.33720431035594,38.33720431035594,41.53333333333333,1.0,26.765,4,NOT_LISTED,True,,Full Participation in Practice,,7.5,41.5,24.5,5.0,0.1729922251778259,-0.07329098310499965,5.82452472983406
2026,5,2026_05_HOU_TEN,00-0034981,Foster Moreau,TE,HOU,TEN,receiving_yards,14.632330549424646,14.632330549424646,13.600000000000001,1.0,26.765,4,NOT_LISTED,True,,,,7.5,38.5,23.0,1.8333333333333333,0.06063203137671223,0.24441872834061978,7.830497322051736
2026,5,2026_05_IND_PIT,00-0035021,Ashton Dulin,WR,IND,PIT,receiving_yards,20.38208190397196,20.38208190397196,10.933333333333334,1.0,26.765,2,DNP,True,,Did Not Participate In Practice,,-2.5,44.5,21.0,1.6666666666666667,0.05570723924450286,0.057264015361963495,7.74546796679198
2026,5,2026_05_BAL_ATL,00-0035208,Olamide Zaccheaus,WR,ATL,BAL,receiving_yards,16.201219684633937,16.201219684633937,5.733333333333334,1.0,26.765,4,NOT_LISTED,True,,,,3.0,43.5,23.25,2.5,0.09498119974157422,0.10817347811480696,6.968386705619937
2026,5,2026_05_MIN_NO,00-0035229,T.J. Hockenson,TE,MIN,NO,receiving_yards,50.02251946122173,50.02251946122173,49.33333333333333,1.0,26.765,4,NOT_LISTED,True,,,,2.5,41.5,22.0,5.333333333333333,0.20561143471326537,0.05799804953246461,6.3957924614525155
2026,5,2026_05_MIN_NO,00-0035249,Josh Oliver,TE,MIN,NO,receiving_yards,15.003453286538964,15.003453286538964,16.0,1.0,26.765,3,NOT_LISTED,True,,,,2.5,41.5,22.0,2.0,0.09441720242635572,0.05799804953246461,6.3957924614525155
2026,5,2026_05_NYG_WAS,00-0035250,Devin Singletary,RB,NYG,WAS,receiving_yards,11.336057467976017,11.336057467976017,7.533333333333333,1.0,26.765,2,NOT_LISTED,True,,,,-4.5,41.5,18.5,1.8333333333333333,0.06863548727772865,0.07475384034366883,6.652420774334399
2026,5,2026_05_HOU_TEN,00-0035261,Tony Pollard,RB,TEN,HOU,receiving_yards,12.709625235564092,12.709625235564092,8.4,1.0,26.765,4,DNP,True,,Did Not Participate In Practice,,-7.5,38.5,15.5,2.6666666666666665,0.08924115100585688,0.05205539133025397,7.170065462152156
2026,5,2026_05_DEN_LAC,00-0035406,Lil'Jordan Humphrey,WR,DEN,LAC,receiving_yards,15.423572843078066,15.423572843078066,13.133333333333333,1.0,26.765,1,NOT_LISTED,True,,,,3.5,41.5,22.5,2.6666666666666665,0.07411421698536862,0.014659545510640023,7.0233970311899006
2026,5,2026_05_BUF_LA,00-0035500,Greg Dortch,WR,BUF,LA,receiving_yards,7.895606825025869,7.895606825025869,4.466666666666667,1.0,26.765,4,NOT_LISTED,True,,,,-3.0,54.5,25.75,1.8333333333333333,0.041617704661182926,-0.019494050470675817,5.847637476043049
2026,5,2026_05_BUF_LA,00-0035537,Ty Johnson,RB,BUF,LA,receiving_yards,18.781774631745368,18.781774631745368,24.266666666666666,1.0,26.765,2,NOT_LISTED,True,,,,-3.0,54.5,25.75,2.5,0.08808968808968809,-0.019494050470675817,5.847637476043049
2026,5,2026_05_CIN_MIA,00-0035631,Drew Sample,TE,CIN,MIA,receiving_yards,15.114192993994413,15.114192993994413,13.0,1.0,26.765,2,NOT_LISTED,True,,,,6.5,42.5,24.5,2.1666666666666665,0.06193523858059961,0.37047209523101876,8.518959598393305
2026,5,2026_05_IND_PIT,00-0035640,DK Metcalf,WR,PIT,IND,receiving_yards,54.91264089525517,54.91264089525517,55.266666666666666,1.0,26.765,4,NOT_LISTED,True,,,,2.5,44.5,23.5,7.5,0.20892104720627644,0.1407783793769441,7.5267548099021315
2026,5,2026_05_MIN_NO,00-0035644,Noah Fant,TE,NO,MIN,receiving_yards,17.084038004460627,17.084038004460627,18.933333333333334,1.0,26.765,3,LIMITED,True,,Limited Participation in Practice,,-2.5,41.5,19.5,2.6666666666666665,0.06100342152973731,-0.3888597580555023,5.012554235853738
2026,5,2026_05_NYG_WAS,00-0035659,Terry McLaurin,WR,WAS,NYG,receiving_yards,56.89459440019549,56.89459440019549,49.13333333333334,1.0,26.765,3,DNP,True,,Did Not Participate In Practice,,4.5,41.5,23.0,6.166666666666667,0.24108276099308446,-0.0602493268192795,6.557376277275174
2026,5,2026_05_PHI_JAX,00-0035662,Marquise Brown,WR,PHI,JAX,receiving_yards,18.01157148071796,18.01157148071796,24.06666666666667,1.0,26.765,1,NOT_LISTED,True,,,,-7.5,41.5,17.0,2.6666666666666665,0.10297152560083596,-0.1702104653983672,6.506935146166645
2026,5,2026_05_LV_NE,00-0035676,A.J. Brown,WR,NE,LV,receiving_yards,58.55352522145383,58.55352522145383,68.6,1.0,26.765,1,NOT_LISTED,True,,,,3.5,45.5,24.5,8.333333333333334,0.28570392566060265,0.030376162500259474,6.575533731619258
2026,5,2026_05_HOU_TEN,00-0035685,David Montgomery,RB,HOU,TEN,receiving_yards,8.034829015751658,8.034829015751658,15.933333333333334,1.0,26.765,4,NOT_LISTED,True,,,,7.5,38.5,23.0,1.6666666666666667,0.04963739601670636,0.24441872834061978,7.830497322051736
2026,5,2026_05_BUF_LA,00-0035689,Dawson Knox,TE,BUF,LA,receiving_yards,13.887872116617544,13.887872116617544,10.2,1.0,26.765,4,NOT_LISTED,True,,,,-3.0,54.5,25.75,2.1666666666666665,0.07253579753579753,-0.019494050470675817,5.847637476043049
2026,5,2026_05_SF_SEA,00-0035719,Deebo Samuel Sr.,WR,SF,SEA,receiving_yards,36.89721160566981,36.89721160566981,45.599999999999994,1.0,26.765,4,NOT_LISTED,True,,,,-3.0,45.5,21.25,4.333333333333333,0.17614819672575624,-0.16750320090578563,4.853633370597656
2026,5,2026_05_LV_NE,00-0035891,Cody White,WR,LV,NE,receiving_yards,19.39679285869991,19.39679285869991,17.666666666666664,1.0,26.765,4,NOT_LISTED,True,,,,-3.5,45.5,21.0,1.8333333333333333,0.053352490421455935,0.004219220760639311,6.117619428407968
2026,5,2026_05_MIN_NO,00-0036040,Juwan Johnson,TE,NO,MIN,receiving_yards,40.41773339626842,40.41773339626842,61.46666666666667,1.0,26.765,4,NOT_LISTED,True,,,,-2.5,41.5,19.5,6.0,0.15417252037506524,-0.3888597580555023,5.012554235853738
2026,5,2026_05_IND_PIT,00-0036139,Rico Dowdle,RB,PIT,IND,receiving_yards,16.622043375733163,16.622043375733163,14.333333333333332,1.0,26.765,2,LIMITED,True,,Limited Participation in Practice,,2.5,44.5,23.5,3.5,0.1229165801746447,0.1407783793769441,7.5267548099021315
2026,5,2026_05_IND_PIT,00-0036223,Jonathan Taylor,RB,IND,PIT,receiving_yards,19.593928179060306,19.593928179060306,15.6,1.0,26.765,4,LIMITED,True,,Limited Participation in Practice,,-2.5,44.5,21.0,3.8333333333333335,0.12706871672388917,0.057264015361963495,7.74546796679198
2026,5,2026_05_BUF_LA,00-0036244,Colby Parkinson,TE,LA,BUF,receiving_yards,18.06566150534291,18.06566150534291,12.933333333333334,1.0,26.765,3,NOT_LISTED,True,,,,3.0,54.5,28.75,3.8333333333333335,0.10468597849550232,-0.05548814477474302,5.635218445130121
2026,5,2026_05_IND_PIT,00-0036252,Michael Pittman,WR,PIT,IND,receiving_yards,28.767188627877186,28.767188627877186,27.666666666666668,1.0,26.765,3,LIMITED,True,,Limited Participation in Practice,,2.5,44.5,23.5,4.0,0.1180807986981513,0.1407783793769441,7.5267548099021315
2026,5,2026_05_MIN_NO,00-0036259,Jauan Jennings,WR,MIN,NO,receiving_yards,19.04005230889753,19.04005230889753,12.26666666666667,1.0,26.765,3,NOT_LISTED,True,,,,2.5,41.5,22.0,3.3333333333333335,0.11317230273752012,0.05799804953246461,6.3957924614525155
2026,5,2026_05_CHI_GB,00-0036275,D'Andre Swift,RB,CHI,GB,receiving_yards,15.554781939866343,15.554781939866343,22.6,1.0,26.765,4,DNP,True,,Did Not Participate In Practice,,2.5,45.5,24.0,2.6666666666666665,0.08396137040709443,0.18713215734884686,6.853471408765526
2026,5,2026_05_CHI_GB,00-0036290,Cole Kmet,TE,CHI,GB,receiving_yards,14.66944959150431,14.66944959150431,7.933333333333334,1.0,26.765,4,NOT_LISTED,True,,,,2.5,45.5,24.0,2.1666666666666665,0.07050286587353917,0.18713215734884686,6.853471408765526
2026,5,2026_05_NYG_WAS,00-0036309,Darnell Mooney,WR,NYG,WAS,receiving_yards,26.13675921193741,26.13675921193741,23.6,1.0,26.765,4,NOT_LISTED,True,,,,-4.5,41.5,18.5,3.3333333333333335,0.12631191844553916,0.07475384034366883,6.652420774334399
2026,5,2026_05_MIN_NO,00-0036322,Justin Jefferson,WR,MIN,NO,receiving_yards,62.4743683772743,62.4743683772743,62.133333333333326,1.0,26.765,3,LIMITED,True,,Limited Participation in Practice,,2.5,41.5,22.0,6.833333333333333,0.3097882387127238,0.05799804953246461,6.3957924614525155
2026,5,2026_05_TB_DAL,00-0036358,CeeDee Lamb,WR,DAL,TB,receiving_yards,85.86966338394905,85.86966338394905,127.33333333333333,1.0,26.765,4,NOT_LISTED,True,,Full Participation in Practice,,9.5,48.5,29.0,9.5,0.26110289649707114,0.1228007875639109,6.872865604575163
2026,5,2026_05_CLE_NYJ,00-0036407,Jerry Jeudy,WR,CLE,NYJ,receiving_yards,29.839519184396377,29.839519184396377,22.06666666666667,1.0,26.765,3,NOT_LISTED,True,,,,-2.5,39.5,18.5,4.166666666666667,0.1740451443349994,0.3799893147280837,7.608999241572034
2026,5,2026_05_CIN_MIA,00-0036410,Tee Higgins,WR,CIN,MIA,receiving_yards,73.97092988968487,73.97092988968487,103.53333333333333,1.0,26.765,4,DNP,True,,Did Not Participate In Practice,,6.5,42.5,24.5,8.833333333333334,0.22974741196948553,0.37047209523101876,8.518959598393305
2026,5,2026_05_DEN_LAC,00-0036422,Adam Trautman,TE,DEN,LAC,receiving_yards,14.920997548759804,14.920997548759804,14.266666666666667,1.0,26.765,2,NOT_LISTED,True,,,,3.5,41.5,22.5,2.5,0.06754619288545104,0.014659545510640023,7.0233970311899006
2026,5,2026_05_BAL_ATL,00-0036550,Rashod Bateman,WR,BAL,ATL,receiving_yards,33.77630179477771,33.77630179477771,46.06666666666666,1.0,26.765,4,LIMITED,True,,Limited Participation in Practice,,-3.0,43.5,20.25,3.0,0.12016283524904216,0.006540530234941402,6.330753093163383
2026,5,2026_05_HOU_TEN,00-0036554,Nico Collins,WR,HOU,TEN,receiving_yards,72.53448204840839,72.53448204840839,84.33333333333333,1.0,26.765,2,LIMITED,True,,Limited Participation in Practice,,7.5,38.5,23.0,7.166666666666667,0.24110951071735387,0.24441872834061978,7.830497322051736
2026,5,2026_05_HOU_TEN,00-0036556,Brevin Jordan,TE,HOU,TEN,receiving_yards,11.400013581612981,11.400013581612981,9.333333333333334,1.0,26.765,1,NOT_LISTED,True,,,,7.5,38.5,23.0,1.6666666666666667,0.04813622098963655,0.24441872834061978,7.830497322051736
2026,5,2026_05_DEN_LAC,00-0036613,Jaylen Waddle,WR,DEN,LAC,receiving_yards,55.35529265349662,55.35529265349662,53.733333333333334,1.0,26.765,4,NOT_LISTED,True,,,,3.5,41.5,22.5,6.0,0.19923987646896144,0.014659545510640023,7.0233970311899006
2026,5,2026_05_NYG_WAS,00-0036626,Dyami Brown,WR,WAS,NYG,receiving_yards,21.86934433566842,21.86934433566842,23.466666666666665,1.0,26.765,4,NOT_LISTED,True,,,,4.5,41.5,23.0,2.3333333333333335,0.07035643573954116,-0.0602493268192795,6.557376277275174
2026,5,2026_05_DET_ARI,00-0036754,Brock Wright,TE,DET,ARI,receiving_yards,13.659202552321071,13.659202552321071,6.800000000000001,1.0,26.765,4,NOT_LISTED,True,,,,5.5,54.5,30.0,2.6666666666666665,0.0715134072144958,0.37095700328721865,7.892248430205748
2026,5,2026_05_BUF_LA,00-0036849,Tutu Atwell,WR,LA,BUF,receiving_yards,18.538294111638386,18.538294111638386,17.666666666666664,1.0,26.765,2,NOT_LISTED,True,,,,3.0,54.5,28.75,2.1666666666666665,0.0558522710353374,-0.05548814477474302,5.635218445130121
2026,5,2026_05_LV_NE,00-0036875,Rhamondre Stevenson,RB,NE,LV,receiving_yards,22.985397245375758,22.985397245375758,20.333333333333332,1.0,26.765,4,LIMITED,True,,Limited Participation in Practice,,3.5,45.5,24.5,3.8333333333333335,0.13794589520395972,0.030376162500259474,6.575533731619258
2026,5,2026_05_IND_PIT,00-0036894,Pat Freiermuth,TE,PIT,IND,receiving_yards,34.67129768483401,34.67129768483401,31.733333333333334,1.0,26.765,4,NOT_LISTED,True,,,,2.5,44.5,23.5,4.833333333333333,0.1293798592185689,0.1407783793769441,7.5267548099021315
2026,5,2026_05_CIN_MIA,00-0036900,Ja'Marr Chase,WR,CIN,MIA,receiving_yards,59.7611201757298,59.7611201757298,64.53333333333333,1.0,26.765,4,DNP,True,,Did Not Participate In Practice,,6.5,42.5,24.5,7.833333333333333,0.2207971508070059,0.37047209523101876,8.518959598393305
2026,5,2026_05_PHI_JAX,00-0036912,DeVonta Smith,WR,PHI,JAX,receiving_yards,60.42598635979098,60.42598635979098,70.6,1.0,26.765,3,NOT_LISTED,True,,,,-7.5,41.5,17.0,7.333333333333333,0.2659770114942529,-0.1702104653983672,6.506935146166645
2026,5,2026_05_TB_DAL,00-0036919,Kenny Gainwell,RB,TB,DAL,receiving_yards,18.39270752966656,18.39270752966656,16.2,1.0,26.765,4,NOT_LISTED,True,,,,-9.5,48.5,19.5,4.166666666666667,0.11511382344715677,0.4705700307419768,8.505812817154585
2026,5,2026_05_DET_ARI,00-0036963,Amon-Ra St. Brown,WR,DET,ARI,receiving_yards,80.49532079161543,80.49532079161543,81.2,1.0,26.765,4,NOT_LISTED,True,,,,5.5,54.5,30.0,12.333333333333334,0.33996215691778703,0.37095700328721865,7.892248430205748
2026,5,2026_05_BAL_ATL,00-0036970,Kyle Pitts,TE,ATL,BAL,receiving_yards,24.429411675706028,24.429411675706028,22.799999999999997,1.0,26.765,4,NOT_LISTED,True,,,,3.0,43.5,23.25,3.5,0.13939371570581433,0.10817347811480696,6.968386705619937
2026,5,2026_05_MIN_NO,00-0036973,Travis Etienne,RB,NO,MIN,receiving_yards,15.257704250814063,15.257704250814063,16.133333333333333,1.0,26.765,3,NOT_LISTED,True,,,,-2.5,41.5,19.5,3.6666666666666665,0.09029553525521267,-0.3888597580555023,5.012554235853738
2026,5,2026_05_BUF_LA,00-0036988,Josh Palmer,WR,BUF,LA,receiving_yards,26.259592906203206,26.259592906203206,22.333333333333336,1.0,26.765,3,NOT_LISTED,True,,,,-3.0,54.5,25.75,2.5,0.08920153920153921,-0.019494050470675817,5.847637476043049
2026,5,2026_05_TB_DAL,00-0036997,Javonte Williams,RB,DAL,TB,receiving_yards,21.825262372630014,21.825262372630014,14.933333333333334,1.0,26.765,4,NOT_LISTED,True,,,,9.5,48.5,29.0,3.6666666666666665,0.10604725834236335,0.1228007875639109,6.872865604575163
2026,5,2026_05_DEN_LAC,00-0037085,Tyler Badie,RB,DEN,LAC,receiving_yards,13.063664168759606,13.063664168759606,21.2,1.0,26.765,3,NOT_LISTED,True,,,,3.5,41.5,22.5,1.8333333333333333,0.05675197206150744,0.014659545510640023,7.0233970311899006
2026,5,2026_05_DET_ARI,00-0037157,Bam Knight,RB,ARI,DET,receiving_yards,9.972067125581283,9.972067125581283,9.933333333333334,1.0,26.765,1,NOT_LISTED,True,,,,-5.5,54.5,24.5,3.0,0.06626149017453366,0.10266819289671897,6.649415599289252
2026,5,2026_05_IND_PIT,00-0037228,Jaylen Warren,RB,PIT,IND,receiving_yards,24.092045190462372,24.092045190462372,34.93333333333334,1.0,26.765,4,NOT_LISTED,True,,,,2.5,44.5,23.5,4.166666666666667,0.11113084096955066,0.1407783793769441,7.5267548099021315
2026,5,2026_05_MIN_NO,00-0037231,Kevin Austin Jr.,WR,NO,MIN,receiving_yards,21.037517679304734,21.037517679304734,29.0,1.0,26.765,1,NOT_LISTED,True,,,,-2.5,41.5,19.5,4.0,0.1217752368758755,-0.3888597580555023,5.012554235853738
2026,5,2026_05_BAL_ATL,00-0037238,Drake London,WR,ATL,BAL,receiving_yards,72.21668425075418,72.21668425075418,98.33333333333334,1.0,26.765,4,NOT_LISTED,True,,,,3.0,43.5,23.25,5.833333333333333,0.2455443189554063,0.10817347811480696,6.968386705619937
2026,5,2026_05_MIN_NO,00-0037239,Chris Olave,WR,NO,MIN,receiving_yards,80.62579341210206,80.62579341210206,112.33333333333333,1.0,26.765,4,DNP,True,,Did Not Participate In Practice,,-2.5,41.5,19.5,12.5,0.31510868137641185,-0.3888597580555023,5.012554235853738
2026,5,2026_05_DET_ARI,00-0037240,Jameson Williams,WR,DET,ARI,receiving_yards,50.72032893252062,50.72032893252062,59.46666666666667,1.0,26.765,4,NOT_LISTED,True,,,,5.5,54.5,30.0,6.0,0.15793298165180233,0.37095700328721865,7.892248430205748
2026,5,2026_05_TB_DAL,00-0037247,George Pickens,WR,DAL,TB,receiving_yards,52.89180536591353,52.89180536591353,60.2,1.0,26.765,4,NOT_LISTED,True,,,,9.5,48.5,29.0,6.0,0.17869260491451364,0.1228007875639109,6.872865604575163
2026,5,2026_05_BUF_LA,00-0037248,James Cook,RB,BUF,LA,receiving_yards,13.802052708628409,13.802052708628409,4.2,1.0,26.765,4,NOT_LISTED,True,,,,-3.0,54.5,25.75,2.3333333333333335,0.07939005439005438,-0.019494050470675817,5.847637476043049
2026,5,2026_05_CIN_MIA,00-0037252,Greg Dulcich,TE,MIA,CIN,receiving_yards,29.4276620386107,29.4276620386107,33.0,1.0,26.765,3,NOT_LISTED,True,,,,-6.5,42.5,18.0,4.166666666666667,0.1578918453231297,0.0056948935588698735,7.041066992515163
2026,5,2026_05_NYG_WAS,00-0037256,Rachaad White,RB,WAS,NYG,receiving_yards,15.007370275062602,15.007370275062602,16.266666666666666,1.0,26.765,3,LIMITED,True,,Limited Participation in Practice,,4.5,41.5,23.0,2.5,0.08252217919560718,-0.0602493268192795,6.557376277275174
2026,5,2026_05_BUF_LA,00-0037261,Khalil Shakir,WR,BUF,LA,receiving_yards,44.223727017244386,44.223727017244386,41.53333333333333,1.0,26.765,4,NOT_LISTED,True,,,,-3.0,54.5,25.75,5.833333333333333,0.21675361675361673,-0.019494050470675817,5.847637476043049
2026,5,2026_05_DET_ARI,00-0037263,Tyler Allgeier,RB,ARI,DET,receiving_yards,13.103273221428456,13.103273221428456,7.7333333333333325,1.0,26.765,4,NOT_LISTED,True,,,,-5.5,54.5,24.5,2.0,0.055797775797775805,0.10266819289671897,6.649415599289252
2026,5,2026_05_LV_NE,00-0037291,Jalen Nailor,WR,LV,NE,receiving_yards,25.249479557300937,25.249479557300937,17.133333333333333,1.0,26.765,3,NOT_LISTED,True,,,,-3.5,45.5,21.0,2.8333333333333335,0.10570786035553652,0.004219220760639311,6.117619428407968
2026,5,2026_05_SF_SEA,00-0037545,Rashid Shaheed,WR,SEA,SF,receiving_yards,27.930465239429974,27.930465239429974,19.333333333333332,1.0,26.765,4,NOT_LISTED,True,,,,3.0,45.5,24.25,2.8333333333333335,0.10822649572649573,0.11454549228960391,6.4571042068773465
2026,5,2026_05_IND_PIT,00-0037664,Alec Pierce,WR,IND,PIT,receiving_yards,39.91252045704749,39.91252045704749,61.2,1.0,26.765,2,NOT_LISTED,True,,,,-2.5,44.5,21.0,4.0,0.12905625664246353,0.057264015361963495,7.74546796679198
2026,5,2026_05_CIN_MIA,00-0037666,Jalen Tolbert,WR,MIA,CIN,receiving_yards,16.151256563327628,16.151256563327628,11.4,1.0,26.765,1,NOT_LISTED,True,,,,-6.5,42.5,18.0,2.1666666666666665,0.06881947827440155,0.0056948935588698735,7.041066992515163
2026,5,2026_05_CLE_NYJ,00-0037740,Garrett Wilson,WR,NYJ,CLE,receiving_yards,63.01335525219939,63.01335525219939,57.06666666666666,1.0,26.765,4,NOT_LISTED,True,,,,2.5,39.5,21.0,7.0,0.3165495535060752,-0.03963762558831056,6.4160206737003325
2026,5,2026_05_BAL_ATL,00-0037741,Jahan Dotson,WR,ATL,BAL,receiving_yards,33.00938930998056,33.00938930998056,24.2,1.0,26.765,4,NOT_LISTED,True,,,,3.0,43.5,23.25,3.6666666666666665,0.14135174010282023,0.10817347811480696,6.968386705619937
2026,5,2026_05_NYG_WAS,00-0037742,Treylon Burks,WR,WAS,NYG,receiving_yards,21.43912354534222,21.43912354534222,19.53333333333333,1.0,26.765,3,NOT_LISTED,True,,Full Participation in Practice,,4.5,41.5,23.0,2.8333333333333335,0.12252936262224189,-0.0602493268192795,6.557376277275174
2026,5,2026_05_DET_ARI,00-0037744,Trey McBride,TE,ARI,DET,receiving_yards,70.20306322393009,70.20306322393009,54.93333333333334,1.0,26.765,4,NOT_LISTED,True,,,,-5.5,54.5,24.5,11.166666666666666,0.32599445599445603,0.10266819289671897,6.649415599289252
2026,5,2026_05_CLE_NYJ,00-0037755,Jelani Woods,TE,NYJ,CLE,receiving_yards,13.106179864673077,13.106179864673077,11.2,1.0,26.765,2,NOT_LISTED,True,,,,2.5,39.5,21.0,2.1666666666666665,0.0750521968046478,-0.03963762558831056,6.4160206737003325
2026,5,2026_05_CLE_NYJ,00-0037805,Jeremy Ruckert,TE,NYJ,CLE,receiving_yards,16.754844598754033,16.754844598754033,14.733333333333334,1.0,26.765,3,NOT_LISTED,True,,,,2.5,39.5,21.0,2.6666666666666665,0.08040133323860946,-0.03963762558831056,6.4160206737003325
2026,5,2026_05_NYG_WAS,00-0037809,Chig Okonkwo,TE,WAS,NYG,receiving_yards,29.699589065472296,29.699589065472296,14.933333333333334,1.0,26.765,2,LIMITED,True,,Limited Participation in Practice,,4.5,41.5,23.0,5.5,0.18076550950114167,-0.0602493268192795,6.557376277275174
2026,5,2026_05_LV_NE,00-0037816,Romeo Doubs,WR,NE,LV,receiving_yards,46.56516795634049,46.56516795634049,63.86666666666667,1.0,26.765,4,NOT_LISTED,True,,,,3.5,45.5,24.5,4.833333333333333,0.1734306195596518,0.030376162500259474,6.575533731619258
2026,5,2026_05_NYG_WAS,00-0037838,Isaiah Likely,TE,NYG,WAS,receiving_yards,50.85580552582276,50.85580552582276,39.0,1.0,26.765,4,LIMITED,True,,Limited Participation in Practice,,-4.5,41.5,18.5,6.666666666666667,0.2513162448887601,0.07475384034366883,6.652420774334399
2026,5,2026_05_BUF_LA,00-0037840,Kyren Williams,RB,LA,BUF,receiving_yards,34.43830022249787,34.43830022249787,45.266666666666666,1.0,26.765,4,NOT_LISTED,True,,,,3.0,54.5,28.75,5.5,0.13318389818389817,-0.05548814477474302,5.635218445130121
2026,5,2026_05_TB_DAL,00-0038041,Jake Ferguson,TE,DAL,TB,receiving_yards,24.405209049377927,24.405209049377927,21.666666666666668,1.0,26.765,4,NOT_LISTED,True,,,,9.5,48.5,29.0,3.1666666666666665,0.09270570963997038,0.1228007875639109,6.872865604575163
2026,5,2026_05_CHI_GB,00-0038090,Skyy Moore,WR,GB,CHI,receiving_yards,18.72095495124793,18.72095495124793,9.333333333333332,1.0,26.765,4,NOT_LISTED,True,,,,-2.5,45.5,21.5,2.1666666666666665,0.05539497408158666,-0.01895787938530588,6.953186625820897
2026,5,2026_05_HOU_TEN,00-0038115,Daniel Bellinger,TE,TEN,HOU,receiving_yards,10.42257407971606,10.42257407971606,8.533333333333333,1.0,26.765,4,NOT_LISTED,True,,,,-7.5,38.5,15.5,1.6666666666666667,0.05889053897421037,0.05205539133025397,7.170065462152156
2026,5,2026_05_HOU_TEN,00-0038117,Wan'Dale Robinson,WR,TEN,HOU,receiving_yards,46.55555673117462,46.55555673117462,34.0,1.0,26.765,4,NOT_LISTED,True,,,,-7.5,38.5,15.5,7.166666666666667,0.28504391146378977,0.05205539133025397,7.170065462152156
2026,5,2026_05_CLE_NYJ,00-0038120,Breece Hall,RB,NYJ,CLE,receiving_yards,19.634022064634962,19.634022064634962,29.93333333333333,1.0,26.765,3,DNP,True,,Did Not Participate In Practice,,2.5,39.5,21.0,3.0,0.0922773396798333,-0.03963762558831056,6.4160206737003325
2026,5,2026_05_CHI_GB,00-0038124,Christian Watson,WR,GB,CHI,receiving_yards,62.02228022708089,62.02228022708089,67.53333333333333,1.0,26.765,4,NOT_LISTED,True,,,,-2.5,45.5,21.5,7.333333333333333,0.2275647960333559,-0.01895787938530588,6.953186625820897
2026,5,2026_05_TB_DAL,00-0038129,Cade Otton,TE,TB,DAL,receiving_yards,44.00802029172715,44.00802029172715,45.13333333333333,1.0,26.765,4,NOT_LISTED,True,,,,-9.5,48.5,19.5,6.0,0.2115335282001949,0.4705700307419768,8.505812817154585
2026,5,2026_05_BUF_LA,00-0038359,Xavier Smith,WR,LA,BUF,receiving_yards,11.306796532486914,11.306796532486914,8.666666666666668,1.0,26.765,3,NOT_LISTED,True,,,,3.0,54.5,28.75,1.8333333333333333,0.04928678678678678,-0.05548814477474302,5.635218445130121
2026,5,2026_05_PHI_JAX,00-0038393,Dontayvion Wicks,WR,PHI,JAX,receiving_yards,38.630090314903995,38.630090314903995,39.2,1.0,26.765,4,NOT_LISTED,True,,,,-7.5,41.5,17.0,3.8333333333333335,0.14693701723113486,-0.1702104653983672,6.506935146166645
2026,5,2026_05_DEN_LAC,00-0038454,Keaton Mitchell,RB,LAC,DEN,receiving_yards,12.437324971384362,12.437324971384362,9.533333333333333,1.0,26.765,4,NOT_LISTED,True,,,,-3.5,41.5,19.0,2.0,0.07048650274456726,-0.09455846420832109,5.655602398576912
2026,5,2026_05_BAL_ATL,00-0038542,Bijan Robinson,RB,ATL,BAL,receiving_yards,28.81096978593031,28.81096978593031,16.933333333333334,1.0,26.765,4,NOT_LISTED,True,,,,3.0,43.5,23.25,4.833333333333333,0.22371742821288843,0.10817347811480696,6.968386705619937
2026,5,2026_05_SF_SEA,00-0038543,Jaxon Smith-Njigba,WR,SEA,SF,receiving_yards,85.52037699413147,85.52037699413147,114.26666666666667,1.0,26.765,4,NOT_LISTED,True,,,,3.0,45.5,24.25,10.333333333333334,0.37695868945868943,0.11454549228960391,6.4571042068773465
2026,5,2026_05_DEN_LAC,00-0038544,Quentin Johnston,WR,LAC,DEN,receiving_yards,39.93126956435172,39.93126956435172,38.86666666666667,1.0,26.765,4,NOT_LISTED,True,,,,-3.5,41.5,19.0,5.333333333333333,0.1829166950134692,-0.09455846420832109,5.655602398576912
2026,5,2026_05_IND_PIT,00-0038558,Darnell Washington,TE,PIT,IND,receiving_yards,22.39080324351005,22.39080324351005,31.53333333333333,1.0,26.765,4,NOT_LISTED,True,,,,2.5,44.5,23.5,3.1666666666666665,0.08744378438775723,0.1407783793769441,7.5267548099021315
2026,5,2026_05_DET_ARI,00-0038559,Michael Wilson,WR,ARI,DET,receiving_yards,74.44860368101166,74.44860368101166,70.13333333333333,1.0,26.765,4,NOT_LISTED,True,,,,-5.5,54.5,24.5,10.333333333333334,0.2902128502128502,0.10266819289671897,6.649415599289252
2026,5,2026_05_LV_NE,00-0038563,Tre Tucker,WR,LV,NE,receiving_yards,48.24751500900034,48.24751500900034,62.0,1.0,26.765,4,NOT_LISTED,True,,,,-3.5,45.5,21.0,5.833333333333333,0.18739421498042189,0.004219220760639311,6.117619428407968
2026,5,2026_05_CIN_MIA,00-0038597,Chase Brown,RB,CIN,MIA,receiving_yards,26.70113245322043,26.70113245322043,26.933333333333334,1.0,26.765,4,NOT_LISTED,True,,,,6.5,42.5,24.5,5.5,0.1413609937387517,0.37047209523101876,8.518959598393305
2026,5,2026_05_PHI_JAX,00-0038606,Parker Washington,WR,JAX,PHI,receiving_yards,62.40235556249171,62.40235556249171,57.66666666666667,1.0,26.765,4,NOT_LISTED,True,,,,7.5,41.5,24.5,7.5,0.2650830888325044,-0.07329098310499965,5.82452472983406
2026,5,2026_05_HOU_TEN,00-0038608,Kayshon Boutte,WR,HOU,TEN,receiving_yards,28.63214889861389,28.63214889861389,29.133333333333333,1.0,26.765,4,NOT_LISTED,True,,,,7.5,38.5,23.0,3.3333333333333335,0.10988812988812989,0.24441872834061978,7.830497322051736
2026,5,2026_05_HOU_TEN,00-0038618,Xavier Hutchinson,WR,HOU,TEN,receiving_yards,49.715466668970706,49.715466668970706,44.86666666666666,1.0,26.765,4,NOT_LISTED,True,,,,7.5,38.5,23.0,6.333333333333333,0.20188050688050688,0.24441872834061978,7.830497322051736
2026,5,2026_05_CIN_MIA,00-0038619,Andrei Iosivas,WR,CIN,MIA,receiving_yards,16.22495367923146,16.22495367923146,11.866666666666667,1.0,26.765,2,NOT_LISTED,True,,,,6.5,42.5,24.5,2.5,0.07354912519448621,0.37047209523101876,8.518959598393305
2026,5,2026_05_LV_NE,00-0038621,DeMario Douglas,WR,NE,LV,receiving_yards,29.06261425562062,29.06261425562062,20.46666666666667,1.0,26.765,4,NOT_LISTED,True,,,,3.5,45.5,24.5,3.6666666666666665,0.13350742447516642,0.030376162500259474,6.575533731619258
2026,5,2026_05_HOU_TEN,00-0038728,Jared Wayne,WR,HOU,TEN,receiving_yards,24.8501127034367,24.8501127034367,21.5,1.0,26.765,3,NOT_LISTED,True,,,,7.5,38.5,23.0,3.5,0.09491465149359887,0.24441872834061978,7.830497322051736
2026,5,2026_05_DEN_LAC,00-0038783,Nate Adkins,TE,DEN,LAC,receiving_yards,15.060548624701884,15.060548624701884,12.0,1.0,26.765,3,NOT_LISTED,True,,,,3.5,41.5,22.5,1.6666666666666667,0.04799417702701084,0.014659545510640023,7.0233970311899006
2026,5,2026_05_CIN_MIA,00-0038839,Mitchell Tinsley,WR,CIN,MIA,receiving_yards,31.331407218813247,31.331407218813247,22.53333333333333,1.0,26.765,1,NOT_LISTED,True,,,,6.5,42.5,24.5,4.5,0.10755826316583182,0.37047209523101876,8.518959598393305
2026,5,2026_05_BUF_LA,00-0038933,Dalton Kincaid,TE,BUF,LA,receiving_yards,41.393283020155025,41.393283020155025,49.2,1.0,26.765,4,NOT_LISTED,True,,,,-3.0,54.5,25.75,3.8333333333333335,0.14079161579161578,-0.019494050470675817,5.847637476043049
2026,5,2026_05_PHI_JAX,00-0038935,Brenton Strange,TE,JAX,PHI,receiving_yards,41.82349020511994,41.82349020511994,47.0,1.0,26.765,4,NOT_LISTED,True,,,,7.5,41.5,24.5,4.833333333333333,0.1793300847765551,-0.07329098310499965,5.82452472983406
2026,5,2026_05_DEN_LAC,00-0038976,Marvin Mims Jr.,WR,DEN,LAC,receiving_yards,15.038774592455004,15.038774592455004,9.666666666666668,1.0,26.765,2,NOT_LISTED,True,,,,3.5,41.5,22.5,3.1666666666666665,0.09503460840703404,0.014659545510640023,7.0233970311899006
2026,5,2026_05_MIN_NO,00-0038994,Jordan Addison,WR,MIN,NO,receiving_yards,46.20472277716813,46.20472277716813,44.0,1.0,26.765,4,DNP,True,,Did Not Participate In Practice,,2.5,41.5,22.0,4.333333333333333,0.17722686162045428,0.05799804953246461,6.3957924614525155
2026,5,2026_05_CHI_GB,00-0038996,Tucker Kraft,TE,GB,CHI,receiving_yards,39.60730095085063,39.60730095085063,37.333333333333336,1.0,26.765,4,NOT_LISTED,True,,,,-2.5,45.5,21.5,6.0,0.16441691619176405,-0.01895787938530588,6.953186625820897
2026,5,2026_05_IND_PIT,00-0038997,Josh Downs,WR,IND,PIT,receiving_yards,52.72330390544289,52.72330390544289,52.8,1.0,26.765,4,NOT_LISTED,True,,,,-2.5,44.5,21.0,6.166666666666667,0.19729561626113348,0.057264015361963495,7.74546796679198
2026,5,2026_05_HOU_TEN,00-0039032,Tyjae Spears,RB,TEN,HOU,receiving_yards,9.92287412023309,9.92287412023309,8.8,1.0,26.765,4,NOT_LISTED,True,,,,-7.5,38.5,15.5,2.6666666666666665,0.09424709277650455,0.05205539133025397,7.170065462152156
2026,5,2026_05_CIN_MIA,00-0039040,De'Von Achane,RB,MIA,CIN,receiving_yards,24.227579568682565,24.227579568682565,20.066666666666666,1.0,26.765,3,NOT_LISTED,True,,,,-6.5,42.5,18.0,4.0,0.1575345536614902,0.0056948935588698735,7.041066992515163
2026,5,2026_05_DET_ARI,00-0039041,Elijah Higgins,TE,ARI,DET,receiving_yards,17.1510461836875,17.1510461836875,18.333333333333332,1.0,26.765,3,NOT_LISTED,True,,,,-5.5,54.5,24.5,2.8333333333333335,0.08811986863711002,0.10266819289671897,6.649415599289252
2026,5,2026_05_BAL_ATL,00-0039064,Zay Flowers,WR,BAL,ATL,receiving_yards,75.68534512053647,75.68534512053647,110.66666666666666,1.0,26.765,3,LIMITED,True,,Limited Participation in Practice,,-3.0,43.5,20.25,6.666666666666667,0.30796146044624745,0.006540530234941402,6.330753093163383
2026,5,2026_05_DET_ARI,00-0039065,Sam LaPorta,TE,DET,ARI,receiving_yards,60.88066389359393,60.88066389359393,61.2,1.0,26.765,4,NOT_LISTED,True,,,,5.5,54.5,30.0,7.5,0.1919575287525078,0.37095700328721865,7.892248430205748
2026,5,2026_05_LV_NE,00-0039066,Michael Mayer,TE,LV,NE,receiving_yards,40.81785507152421,40.81785507152421,47.733333333333334,1.0,26.765,4,NOT_LISTED,True,,,,-3.5,45.5,21.0,6.5,0.2061823712685782,0.004219220760639311,6.117619428407968
2026,5,2026_05_BUF_LA,00-0039074,Davis Allen,TE,LA,BUF,receiving_yards,13.669536106827842,13.669536106827842,10.066666666666666,1.0,26.765,4,NOT_LISTED,True,,,,3.0,54.5,28.75,2.1666666666666665,0.05046475897666374,-0.05548814477474302,5.635218445130121
2026,5,2026_05_BUF_LA,00-0039075,Puka Nacua,WR,LA,BUF,receiving_yards,84.74709336577935,84.74709336577935,103.53333333333333,1.0,26.765,2,NOT_LISTED,True,,,,3.0,54.5,28.75,11.5,0.29520257099204467,-0.05548814477474302,5.635218445130121
2026,5,2026_05_DET_ARI,00-0039139,Jahmyr Gibbs,RB,DET,ARI,receiving_yards,41.978228101991654,41.978228101991654,47.599999999999994,1.0,26.765,4,NOT_LISTED,True,,,,5.5,54.5,30.0,6.0,0.16273133780589602,0.37095700328721865,7.892248430205748
2026,5,2026_05_CHI_GB,00-0039146,Jayden Reed,WR,GB,CHI,receiving_yards,28.43677393462346,28.43677393462346,25.4,1.0,26.765,2,NOT_LISTED,True,,,,-2.5,45.5,21.5,4.166666666666667,0.13917707812760285,-0.01895787938530588,6.953186625820897
2026,5,2026_05_NYG_WAS,00-0039337,Malik Nabers,WR,NYG,WAS,receiving_yards,49.33815279804689,49.33815279804689,43.86666666666667,1.0,26.765,4,DNP,True,,Did Not Participate In Practice,,-4.5,41.5,18.5,6.0,0.22429529282977556,0.07475384034366883,6.652420774334399
2026,5,2026_05_LV_NE,00-0039338,Brock Bowers,TE,LV,NE,receiving_yards,69.47860014399086,69.47860014399086,71.8,1.0,26.765,2,NOT_LISTED,True,,,,-3.5,45.5,21.0,7.666666666666667,0.26169372294372295,0.004219220760639311,6.117619428407968
2026,5,2026_05_HOU_TEN,00-0039359,Cade Stover,TE,HOU,TEN,receiving_yards,10.609211028009348,10.609211028009348,10.2,1.0,26.765,2,NOT_LISTED,True,,,,7.5,38.5,23.0,2.0,0.0671728410698999,0.24441872834061978,7.830497322051736
2026,5,2026_05_TB_DAL,00-0039361,Bucky Irving,RB,TB,DAL,receiving_yards,17.79263887834,17.79263887834,8.466666666666667,1.0,26.765,4,NOT_LISTED,True,,,,-9.5,48.5,19.5,3.8333333333333335,0.120338303671637,0.4705700307419768,8.505812817154585
2026,5,2026_05_NYG_WAS,00-0039384,Tyrone Tracy Jr.,RB,NYG,WAS,receiving_yards,4.704867645058068,4.704867645058068,3.4000000000000004,1.0,26.765,4,NOT_LISTED,True,,,,-4.5,41.5,18.5,1.8333333333333333,0.058369252873563225,0.07475384034366883,6.652420774334399
2026,5,2026_05_TB_DAL,00-0039410,Ryan Flournoy,WR,DAL,TB,receiving_yards,37.715337800112934,37.715337800112934,29.066666666666666,1.0,26.765,4,NOT_LISTED,True,,,,9.5,48.5,29.0,5.333333333333333,0.16833476938075098,0.1228007875639109,6.872865604575163
2026,5,2026_05_MIN_NO,00-0039424,Devaughn Vele,WR,NO,MIN,receiving_yards,47.2670649290501,47.2670649290501,53.733333333333334,1.0,26.765,4,NOT_LISTED,True,,,,-2.5,41.5,19.5,7.0,0.19614411197930415,-0.3888597580555023,5.012554235853738
2026,5,2026_05_CLE_NYJ,00-0039451,Isaiah Williams,WR,NYJ,CLE,receiving_yards,33.98662613936172,33.98662613936172,38.2,1.0,26.765,4,NOT_LISTED,True,,,,2.5,39.5,21.0,4.0,0.15668871687893426,-0.03963762558831056,6.4160206737003325
2026,5,2026_05_TB_DAL,00-0039530,Brevyn Spann-Ford,TE,DAL,TB,receiving_yards,11.993330730362237,11.993330730362237,10.066666666666666,1.0,26.765,4,NOT_LISTED,True,,,,9.5,48.5,29.0,1.5,0.05015213646406771,0.1228007875639109,6.872865604575163
2026,5,2026_05_IND_PIT,00-0039739,Roman Wilson,WR,PIT,IND,receiving_yards,41.14648606158531,41.14648606158531,44.93333333333333,1.0,26.765,4,NOT_LISTED,True,,,,2.5,44.5,23.5,4.666666666666667,0.13565793404503082,0.1407783793769441,7.5267548099021315
2026,5,2026_05_PHI_JAX,00-0039746,Will Shipley,RB,PHI,JAX,receiving_yards,8.364220649056234,8.364220649056234,5.533333333333333,1.0,26.765,4,NOT_LISTED,True,,,,-7.5,41.5,17.0,1.5,0.052085561497326203,-0.1702104653983672,6.506935146166645
2026,5,2026_05_BAL_ATL,00-0039792,Devontez Walker,WR,BAL,ATL,receiving_yards,20.051369349839128,20.051369349839128,20.666666666666668,1.0,26.765,3,NOT_LISTED,True,,,,-3.0,43.5,20.25,1.5,0.06204079332882578,0.006540530234941402,6.330753093163383
2026,5,2026_05_SF_SEA,00-0039793,AJ Barner,TE,SEA,SF,receiving_yards,22.585870957677997,22.585870957677997,28.400000000000002,1.0,26.765,4,NOT_LISTED,True,,,,3.0,45.5,24.25,3.5,0.11709401709401711,0.11454549228960391,6.4571042068773465
2026,5,2026_05_CLE_NYJ,00-0039794,Braelon Allen,RB,NYJ,CLE,receiving_yards,11.490164259649374,11.490164259649374,6.2,1.0,26.765,4,NOT_LISTED,True,,,,2.5,39.5,21.0,1.5,0.05751092707614447,-0.03963762558831056,6.4160206737003325
2026,5,2026_05_CHI_GB,00-0039811,MarShawn Lloyd,RB,GB,CHI,receiving_yards,15.280230928916007,15.280230928916007,13.959999999999999,1.0,26.765,4,NOT_LISTED,True,,,,-2.5,45.5,21.5,2.4,0.07927575804857752,-0.01895787938530588,6.953186625820897
2026,5,2026_05_CIN_MIA,00-0039814,Erick All,TE,CIN,MIA,receiving_yards,16.285358229453635,16.285358229453635,17.6,1.0,26.765,1,NOT_LISTED,True,,,,6.5,42.5,24.5,2.1666666666666665,0.07162788395256837,0.37047209523101876,8.518959598393305
2026,5,2026_05_NYG_WAS,00-0039847,Theo Johnson,TE,NYG,WAS,receiving_yards,19.194937334672552,19.194937334672552,12.066666666666668,1.0,26.765,3,NOT_LISTED,True,,,,-4.5,41.5,18.5,3.3333333333333335,0.13204268592199625,0.07475384034366883,6.652420774334399
2026,5,2026_05_DET_ARI,00-0039849,Marvin Harrison Jr.,WR,ARI,DET,receiving_yards,23.91779976863542,23.91779976863542,17.0,1.0,26.765,4,NOT_LISTED,True,,,,-5.5,54.5,24.5,2.8333333333333335,0.07764133971030522,0.10266819289671897,6.649415599289252
2026,5,2026_05_TB_DAL,00-0039855,Jalen McMillan,WR,TB,DAL,receiving_yards,25.928910968755318,25.928910968755318,41.8,1.0,26.765,1,NOT_LISTED,True,,,,-9.5,48.5,19.5,3.6666666666666665,0.10910330261136712,0.4705700307419768,8.505812817154585
2026,5,2026_05_DEN_LAC,00-0039868,Troy Franklin,WR,DEN,LAC,receiving_yards,17.80523300855493,17.80523300855493,18.333333333333332,1.0,26.765,3,NOT_LISTED,True,,,,3.5,41.5,22.5,2.3333333333333335,0.06642377332435528,0.014659545510640023,7.0233970311899006
2026,5,2026_05_CIN_MIA,00-0039880,Malik Washington,WR,MIA,CIN,receiving_yards,53.01916701144242,53.01916701144242,48.46666666666667,1.0,26.765,4,NOT_LISTED,True,,,,-6.5,42.5,18.0,5.833333333333333,0.2327583060745891,0.0056948935588698735,7.041066992515163
2026,5,2026_05_CLE_NYJ,00-0039890,Adonai Mitchell,WR,NYJ,CLE,receiving_yards,52.88713078422986,52.88713078422986,41.0,1.0,26.765,2,DNP,True,,Did Not Participate In Practice,,2.5,39.5,21.0,7.0,0.22318372342349324,-0.03963762558831056,6.4160206737003325
2026,5,2026_05_PHI_JAX,00-0039893,Brian Thomas Jr.,WR,JAX,PHI,receiving_yards,31.414043675331207,31.414043675331207,25.866666666666667,1.0,26.765,4,NOT_LISTED,True,,,,7.5,41.5,24.5,4.333333333333333,0.1505074165195717,-0.07329098310499965,5.82452472983406
2026,5,2026_05_BUF_LA,00-0039901,Keon Coleman,WR,BUF,LA,receiving_yards,43.85721867741,43.85721867741,62.0,1.0,26.765,4,NOT_LISTED,True,,,,-3.0,54.5,25.75,3.8333333333333335,0.1357041107041107,-0.019494050470675817,5.847637476043049
2026,5,2026_05_NYG_WAS,00-0039912,Ben Sinnott,TE,WAS,NYG,receiving_yards,12.349140206614258,12.349140206614258,7.066666666666666,1.0,26.765,2,LIMITED,True,,Limited Participation in Practice,,4.5,41.5,23.0,1.8333333333333333,0.08683074106835716,-0.0602493268192795,6.557376277275174
2026,5,2026_05_DEN_LAC,00-0039915,Ladd McConkey,WR,LAC,DEN,receiving_yards,34.93759071319839,34.93759071319839,37.333333333333336,1.0,26.765,4,NOT_LISTED,True,,,,-3.5,41.5,19.0,4.166666666666667,0.1449128330848761,-0.09455846420832109,5.655602398576912
2026,5,2026_05_CHI_GB,00-0039919,Rome Odunze,WR,CHI,GB,receiving_yards,48.04153711827615,48.04153711827615,55.800000000000004,1.0,26.765,4,NOT_LISTED,True,,,,2.5,45.5,24.0,5.833333333333333,0.18974916476102432,0.18713215734884686,6.853471408765526
2026,5,2026_05_PHI_JAX,00-0040024,Darius Cooper,WR,PHI,JAX,receiving_yards,21.80185860340479,21.80185860340479,18.200000000000003,1.0,26.765,4,NOT_LISTED,True,,,,-7.5,41.5,17.0,2.6666666666666665,0.09345811051693405,-0.1702104653983672,6.506935146166645
2026,5,2026_05_LV_NE,00-0040122,Ashton Jeanty,RB,LV,NE,receiving_yards,30.193209613564676,30.193209613564676,36.333333333333336,1.0,26.765,4,NOT_LISTED,True,,,,-3.5,45.5,21.0,5.166666666666667,0.16311313207864933,0.004219220760639311,6.117619428407968
2026,5,2026_05_CHI_GB,00-0040126,Colston Loveland,TE,CHI,GB,receiving_yards,40.65396069787069,40.65396069787069,36.6,1.0,26.765,4,NOT_LISTED,True,,,,2.5,45.5,24.0,6.833333333333333,0.2149298058118316,0.18713215734884686,6.853471408765526
2026,5,2026_05_IND_PIT,00-0040128,Tyler Warren,TE,IND,PIT,receiving_yards,40.21863682682523,40.21863682682523,36.666666666666664,1.0,26.765,4,NOT_LISTED,True,,,,-2.5,44.5,21.0,6.666666666666667,0.21311887346370106,0.057264015361963495,7.74546796679198
2026,5,2026_05_TB_DAL,00-0040129,Emeka Egbuka,WR,TB,DAL,receiving_yards,42.371711516989734,42.371711516989734,30.333333333333332,1.0,26.765,4,NOT_LISTED,True,,,,-9.5,48.5,19.5,5.333333333333333,0.17245439745439742,0.4705700307419768,8.505812817154585
2026,5,2026_05_LV_NE,00-0040131,Kyle Williams,WR,NE,LV,receiving_yards,16.905295415673162,16.905295415673162,13.066666666666666,1.0,26.765,4,NOT_LISTED,True,,,,3.5,45.5,24.5,2.0,0.07513227513227515,0.030376162500259474,6.575533731619258
2026,5,2026_05_DEN_LAC,00-0040134,Pat Bryant,WR,DEN,LAC,receiving_yards,34.66007761865182,34.66007761865182,31.933333333333334,1.0,26.765,4,NOT_LISTED,True,,,,3.5,41.5,22.5,4.166666666666667,0.13191213768705157,0.014659545510640023,7.0233970311899006
2026,5,2026_05_HOU_TEN,00-0040138,Jaylin Noel,WR,HOU,TEN,receiving_yards,31.136721947792662,31.136721947792662,43.46666666666667,1.0,26.765,4,NOT_LISTED,True,,,,7.5,38.5,23.0,2.8333333333333335,0.08983318483318482,0.24441872834061978,7.830497322051736
2026,5,2026_05_CLE_NYJ,00-0040162,Dylan Sampson,RB,CLE,NYJ,receiving_yards,7.992331944521384,7.992331944521384,11.4,1.0,26.765,1,NOT_LISTED,True,,,,-2.5,39.5,18.5,2.5,0.0996422214957684,0.3799893147280837,7.608999241572034
2026,5,2026_05_HOU_TEN,00-0040170,Elic Ayomanor,WR,TEN,HOU,receiving_yards,29.11534532131988,29.11534532131988,33.733333333333334,1.0,26.765,4,NOT_LISTED,True,,,,-7.5,38.5,15.5,4.5,0.15134538663950428,0.05205539133025397,7.170065462152156
2026,5,2026_05_SF_SEA,00-0040172,Jordan Watkins,WR,SF,SEA,receiving_yards,22.08337348121543,22.08337348121543,28.666666666666668,1.0,26.765,1,NOT_LISTED,True,,,,-3.0,45.5,21.25,1.6666666666666667,0.06163915560830007,-0.16750320090578563,4.853633370597656
2026,5,2026_05_DEN_LAC,00-0040189,Oronde Gadsden II,TE,LAC,DEN,receiving_yards,24.459640859298773,24.459640859298773,20.2,1.0,26.765,4,NOT_LISTED,True,,,,-3.5,41.5,19.0,3.8333333333333335,0.12435845401323613,-0.09455846420832109,5.655602398576912
2026,5,2026_05_CHI_GB,00-0040236,Kyle Monangai,RB,CHI,GB,receiving_yards,9.264731309408466,9.264731309408466,7.2,1.0,26.765,4,DNP,True,,Did Not Participate In Practice,,2.5,45.5,24.0,1.6666666666666667,0.05214911154844413,0.18713215734884686,6.853471408765526
2026,5,2026_05_TB_DAL,00-0040237,Tez Johnson,WR,TB,DAL,receiving_yards,21.435221218723555,21.435221218723555,22.133333333333333,1.0,26.765,4,NOT_LISTED,True,,,,-9.5,48.5,19.5,2.0,0.06387069720403053,0.4705700307419768,8.505812817154585
2026,5,2026_05_CHI_GB,00-0040277,Jahdae Walker,WR,CHI,GB,receiving_yards,15.703817954761616,15.703817954761616,19.266666666666666,1.0,26.765,1,NOT_LISTED,True,,,,2.5,45.5,24.0,1.8333333333333333,0.057987032124963166,0.18713215734884686,6.853471408765526
2026,5,2026_05_CLE_NYJ,00-0040466,Raheim Sanders,RB,CLE,NYJ,receiving_yards,12.988962402053577,12.988962402053577,15.6,1.0,26.765,4,NOT_LISTED,True,,,,-2.5,39.5,18.5,2.3333333333333335,0.08859087772131251,0.3799893147280837,7.608999241572034
2026,5,2026_05_LV_NE,00-0040563,Efton Chism III,WR,NE,LV,receiving_yards,17.010131522802897,17.010131522802897,15.933333333333334,1.0,26.765,3,NOT_LISTED,True,,,,3.5,45.5,24.5,1.6666666666666667,0.05923280423280423,0.030376162500259474,6.575533731619258
2026,5,2026_05_HOU_TEN,00-0040583,Woody Marks,RB,HOU,TEN,receiving_yards,11.302808315762206,11.302808315762206,8.933333333333334,1.0,26.765,4,NOT_LISTED,True,,,,7.5,38.5,23.0,2.3333333333333335,0.06825908325908325,0.24441872834061978,7.830497322051736
2026,5,2026_05_HOU_TEN,00-0040584,Gunnar Helm,TE,TEN,HOU,receiving_yards,16.291953825190284,16.291953825190284,11.066666666666666,1.0,26.765,4,NOT_LISTED,True,,,,-7.5,38.5,15.5,2.8333333333333335,0.10241207594148771,0.05205539133025397,7.170065462152156
2026,5,2026_05_BUF_LA,00-0040590,Konata Mumpfield,WR,LA,BUF,receiving_yards,26.019365518021523,26.019365518021523,30.533333333333335,1.0,26.765,4,NOT_LISTED,True,,,,3.0,54.5,28.75,3.3333333333333335,0.0821474876236781,-0.05548814477474302,5.635218445130121
2026,5,2026_05_SF_SEA,00-0040648,Tory Horton,WR,SEA,SF,receiving_yards,26.12928605963495,26.12928605963495,29.799999999999997,1.0,26.765,2,NOT_LISTED,True,,,,3.0,45.5,24.25,2.6666666666666665,0.09101588911426639,0.11454549228960391,6.4571042068773465
2026,5,2026_05_CLE_NYJ,00-0040663,Harold Fannin Jr.,TE,CLE,NYJ,receiving_yards,42.392122698635944,42.392122698635944,40.86666666666667,1.0,26.765,4,NOT_LISTED,True,,,,-2.5,39.5,18.5,5.166666666666667,0.18284292197335675,0.3799893147280837,7.608999241572034
2026,5,2026_05_DEN_LAC,00-0040666,Omarion Hampton,RB,LAC,DEN,receiving_yards,9.546702856852043,9.546702856852043,10.466666666666667,1.0,26.765,4,NOT_LISTED,True,,,,-3.5,41.5,19.0,2.5,0.08353922063599484,-0.09455846420832109,5.655602398576912
2026,5,2026_05_CHI_GB,00-0040667,Matthew Golden,WR,GB,CHI,receiving_yards,61.92215705199919,61.92215705199919,55.4,1.0,26.765,4,NOT_LISTED,True,,,,-2.5,45.5,21.5,7.166666666666667,0.23258733378408836,-0.01895787938530588,6.953186625820897
2026,5,2026_05_DET_ARI,00-0040669,Isaac TeSlaa,WR,DET,ARI,receiving_yards,39.01854058585555,39.01854058585555,54.33333333333333,1.0,26.765,4,NOT_LISTED,True,,,,5.5,54.5,30.0,3.6666666666666665,0.09609428731940156,0.37095700328721865,7.892248430205748
2026,5,2026_05_HOU_TEN,00-0040705,Chimere Dike,WR,TEN,HOU,receiving_yards,9.952939886976681,9.952939886976681,10.733333333333333,1.0,26.765,4,NOT_LISTED,True,,,,-7.5,38.5,15.5,2.0,0.06067821067821067,0.05205539133025397,7.170065462152156
2026,5,2026_05_NYG_WAS,00-0040715,Cam Skattebo,RB,NYG,WAS,receiving_yards,17.610062655833865,17.610062655833865,21.333333333333332,1.0,26.765,4,LIMITED,True,,Limited Participation in Practice,,-4.5,41.5,18.5,2.8333333333333335,0.10378103697069213,0.07475384034366883,6.652420774334399
2026,5,2026_05_DEN_LAC,00-0040727,Tre Harris,WR,LAC,DEN,receiving_yards,42.39421086202874,42.39421086202874,54.13333333333333,1.0,26.765,4,NOT_LISTED,True,,,,-3.5,41.5,19.0,4.666666666666667,0.15019519561115488,-0.09455846420832109,5.655602398576912
2026,5,2026_05_LV_NE,00-0040729,Jack Bech,WR,LV,NE,receiving_yards,24.491955516184177,24.491955516184177,20.133333333333333,1.0,26.765,2,NOT_LISTED,True,,,,-3.5,45.5,21.0,3.3333333333333335,0.12574482988276095,0.004219220760639311,6.117619428407968
2026,5,2026_05_DEN_LAC,00-0040730,RJ Harvey,RB,DEN,LAC,receiving_yards,33.61409555916485,33.61409555916485,42.46666666666667,1.0,26.765,3,NOT_LISTED,True,,,,3.5,41.5,22.5,6.0,0.18031389205203827,0.014659545510640023,7.0233970311899006
2026,5,2026_05_CHI_GB,00-0040735,Luther Burden III,WR,CHI,GB,receiving_yards,60.159586918487776,60.159586918487776,57.33333333333333,1.0,26.765,4,NOT_LISTED,True,,,,2.5,45.5,24.0,7.0,0.21856984829241585,0.18713215734884686,6.853471408765526
2026,5,2026_05_CLE_NYJ,00-0040736,Mason Taylor,TE,NYJ,CLE,receiving_yards,27.011184733972605,27.011184733972605,22.333333333333332,1.0,26.765,1,NOT_LISTED,True,,Full Participation in Practice,,2.5,39.5,21.0,4.333333333333333,0.17171942692045541,-0.03963762558831056,6.4160206737003325
2026,5,2026_05_BUF_LA,00-0040737,Terrance Ferguson,TE,LA,BUF,receiving_yards,27.185770366118327,27.185770366118327,23.0,1.0,26.765,3,NOT_LISTED,True,,,,3.0,54.5,28.75,3.6666666666666665,0.10415489782657701,-0.05548814477474302,5.635218445130121
2026,5,2026_05_CLE_NYJ,00-0040782,Isaiah Bond,WR,CLE,NYJ,receiving_yards,14.098357931707788,14.098357931707788,15.066666666666668,1.0,26.765,2,NOT_LISTED,True,,,,-2.5,39.5,18.5,1.5,0.055230829634756694,0.3799893147280837,7.608999241572034
2026,5,2026_05_CLE_NYJ,00-0040784,Quinshon Judkins,RB,CLE,NYJ,receiving_yards,20.910142051452944,20.910142051452944,23.866666666666667,1.0,26.765,4,NOT_LISTED,True,,,,-2.5,39.5,18.5,4.333333333333333,0.14793635277506245,0.3799893147280837,7.608999241572034
2026,5,2026_05_CIN_MIA,00-0040785,Dohnte Meyers,WR,CIN,MIA,receiving_yards,26.13878270635135,26.13878270635135,35.1,1.0,26.765,4,NOT_LISTED,True,,,,6.5,42.5,24.5,4.0,0.09165407127796588,0.37047209523101876,8.518959598393305
2026,5,2026_05_PHI_JAX,00-0040867,Makai Lemon,WR,PHI,JAX,receiving_yards,26.019162901998833,26.019162901998833,20.5,1.0,26.765,4,NOT_LISTED,True,,,,-7.5,41.5,17.0,3.75,0.15280748663101604,-0.1702104653983672,6.506935146166645
2026,5,2026_05_BAL_ATL,00-0040879,Matthew Hibner,TE,BAL,ATL,receiving_yards,16.27844186336551,16.27844186336551,23.333333333333332,1.0,26.765,3,NOT_LISTED,True,,,,-3.0,43.5,20.25,1.6666666666666667,0.07021072796934866,0.006540530234941402,6.330753093163383
2026,5,2026_05_DET_ARI,00-0041027,Jeremiyah Love,RB,ARI,DET,receiving_yards,17.586885419831393,17.586885419831393,9.0,1.0,26.765,4,NOT_LISTED,True,,,,-5.5,54.5,24.5,3.25,0.08801603801603802,0.10266819289671897,6.649415599289252
2026,5,2026_05_CLE_NYJ,00-0041032,Kenyon Sadiq,TE,NYJ,CLE,receiving_yards,34.809292819294086,34.809292819294086,38.7,1.0,26.765,4,NOT_LISTED,True,,,,2.5,39.5,21.0,4.5,0.17566425120772947,-0.03963762558831056,6.4160206737003325
2026,5,2026_05_CLE_NYJ,00-0041037,Denzel Boston,WR,CLE,NYJ,receiving_yards,52.905958354818786,52.905958354818786,73.4,1.0,26.765,4,NOT_LISTED,True,,,,-2.5,39.5,18.5,5.5,0.19015151515151515,0.3799893147280837,7.608999241572034
2026,5,2026_05_NYG_WAS,00-0041040,Antonio Williams,WR,WAS,NYG,receiving_yards,36.90435844337961,36.90435844337961,24.4,1.0,26.765,4,NOT_LISTED,True,,,,4.5,41.5,23.0,4.75,0.14543047103899032,-0.0602493268192795,6.557376277275174
2026,5,2026_05_NYG_WAS,00-0041042,Malachi Fields,WR,NYG,WAS,receiving_yards,34.12166831926504,34.12166831926504,32.8,1.0,26.765,4,NOT_LISTED,True,,,,-4.5,41.5,18.5,3.75,0.13102935139573071,0.07475384034366883,6.652420774334399
2026,5,2026_05_BAL_ATL,00-0041044,Zachariah Branch,WR,ATL,BAL,receiving_yards,14.660050732784654,14.660050732784654,9.3,1.0,26.765,4,NOT_LISTED,True,,,,3.0,43.5,23.25,1.5,0.06286816269284712,0.10817347811480696,6.968386705619937
2026,5,2026_05_TB_DAL,00-0041048,Ted Hurst III,WR,TB,DAL,receiving_yards,35.725793182748156,35.725793182748156,31.2,1.0,26.765,4,NOT_LISTED,True,,,,-9.5,48.5,19.5,4.0,0.1310828060828061,0.4705700307419768,8.505812817154585
2026,5,2026_05_MIN_NO,00-0041067,Bryce Lance,WR,NO,MIN,receiving_yards,18.04093328155005,18.04093328155005,8.7,1.0,26.765,4,NOT_LISTED,True,,,,-2.5,41.5,19.5,3.25,0.0723890139116203,-0.3888597580555023,5.012554235853738
2026,5,2026_05_PHI_JAX,00-0041100,Josh Cameron,WR,JAX,PHI,receiving_yards,16.444792671667482,16.444792671667482,18.2,1.0,26.765,4,NOT_LISTED,True,,,,7.5,41.5,24.5,1.5,0.06406717276282493,-0.07329098310499965,5.82452472983406
2026,5,2026_05_CIN_MIA,00-0041436,DJ Herman,RB,MIA,CIN,receiving_yards,12.630657640244204,12.630657640244204,9.0,1.0,26.765,2,NOT_LISTED,True,,,,-6.5,42.5,18.0,1.5,0.06521739130434782,0.0056948935588698735,7.041066992515163
2026,5,2026_05_HOU_TEN,00-0041438,Carnell Tate,WR,TEN,HOU,receiving_yards,64.14633677300462,64.14633677300462,72.8,1.0,26.765,4,NOT_LISTED,True,,,,-7.5,38.5,15.5,8.0,0.2985294117647059,0.05205539133025397,7.170065462152156
2026,5,2026_05_IND_PIT,00-0041489,Germie Bernard,WR,PIT,IND,receiving_yards,24.929749498286995,24.929749498286995,20.0,1.0,26.765,3,NOT_LISTED,True,,,,2.5,44.5,23.5,3.6666666666666665,0.09991877733813219,0.1407783793769441,7.5267548099021315
2026,5,2026_05_DEN_LAC,00-0041496,Jonah Coleman,RB,DEN,LAC,receiving_yards,9.040960418537823,9.040960418537823,9.5,1.0,26.765,2,NOT_LISTED,True,,,,3.5,41.5,22.5,1.5,0.05172413793103448,0.014659545510640023,7.0233970311899006
2026,5,2026_05_SF_SEA,00-0041512,Jadarian Price,RB,SEA,SF,receiving_yards,15.13244164299474,15.13244164299474,7.0,1.0,26.765,3,NOT_LISTED,True,,,,3.0,45.5,24.25,2.3333333333333335,0.07564102564102564,0.11454549228960391,6.4571042068773465
2026,5,2026_05_CIN_MIA,00-0041523,Caleb Douglas,WR,MIA,CIN,receiving_yards,42.8107723896247,42.8107723896247,56.5,1.0,26.765,2,DNP,True,,Did Not Participate In Practice,,-6.5,42.5,18.0,5.0,0.19484702093397743,0.0056948935588698735,7.041066992515163
2026,5,2026_05_CIN_MIA,00-0041525,Chris Bell,WR,MIA,CIN,receiving_yards,28.70889296786762,28.70889296786762,22.6,1.0,26.765,4,LIMITED,True,,Limited Participation in Practice,,-6.5,42.5,18.0,3.25,0.12350573079473337,0.0056948935588698735,7.041066992515163
2026,5,2026_05_CIN_MIA,00-0041529,Kevin Coleman Jr.,WR,MIA,CIN,receiving_yards,23.517801710679198,23.517801710679198,2.0,1.0,26.765,3,NOT_LISTED,True,,,,-6.5,42.5,18.0,3.3333333333333335,0.14121796866894906,0.0056948935588698735,7.041066992515163
2026,5,2026_05_CLE_NYJ,00-0041547,KC Concepcion,WR,CLE,NYJ,receiving_yards,45.59135004376308,45.59135004376308,34.6,1.0,26.765,4,NOT_LISTED,True,,,,-2.5,39.5,18.5,7.0,0.24242424242424243,0.3799893147280837,7.608999241572034
2026,5,2026_05_CHI_GB,00-0041558,Sam Roush,TE,CHI,GB,receiving_yards,13.070824095129055,13.070824095129055,11.0,1.0,26.765,3,NOT_LISTED,True,,,,2.5,45.5,24.0,1.6666666666666667,0.0538899430740038,0.18713215734884686,6.853471408765526
